0.0,2.0151300207220406,23.11176190157128,22.047580778373042,17.8445676578026,23.78096429590159,22.709748735426043,17.674362179804604,18.071460801339143,18.000629968916286,25.476344771201433,27.518997288369622,24.04738195391271,23.790417137252945,28.566834304408292,32.94338367425414,31.11297733480752,34.5023201646503,33.713239878376775,36.35601154634131,38.949478739271136,42.24316100986012,44.46303814338249,45.455759857156735,46.80004407876991,47.248492569898424,49.699283690379865,53.2209766501418,50.862101235241845,51.761227028004726,30.56544347870953,31.745278526735042,30.486065618518403,32.98228931656161,32.957410051297884,35.422645035783034,31.732681516103355,31.188220545547054,32.15708033346551,34.65921088900221,35.77846689808587,33.67755852092557,37.8169546425092,38.91775438099437,35.86267257736231,36.79439087710113,38.75305478628128,37.89503016554106,41.8180708994389,39.01784699951588,40.87009224028307,41.84065701390281,41.322746967479766,44.947604601820444,43.339089743492885,44.20813761537957,45.10693484428028,42.91459404180911,51.72513262258275,55.775267763762656,32.833405147835094,35.392689798154386,36.25844699873808,38.19861912302877,38.157925002551515,38.06963697546538,40.31949939088773,41.54910036840937,40.77747932373575,42.22775701052638,44.36557295688857,42.0777668388833,44.103446955964316,43.93484235777015,45.02577200479657,46.13635577561074,43.86083768701494,44.90689753515019,47.06296205599574,44.88078784777552,46.94881524691173,46.92341077429481,48.96605160260911,50.10707776736035,52.0481718568089,52.320415660094156,54.18227427947854,54.35125054404175,55.274782815738014,53.73907360273292,41.690240742386756,44.03417470022798,41.77869415648886,44.00311651667272,42.91821983020602,45.241209177062466,47.00758565702674,46.32768660816076,45.47564079298648,48.90518188076835,48.931006315702874,44.71957584982718,45.928971900253266,48.38709202944387,48.39224322835128,45.538342651207785,46.7265518420161,47.929052261341724,49.1447948647284,47.93455330214799,46.3874314944164,49.93259468049501,48.41105150175263,50.20459158250443,50.055329562101875,51.032871531993905,53.07499311028845,54.07475175058625,56.22044292739798,60.21581308145396,49.5274412824915,48.401274469057874,48.56856213249901,49.08242828678962,47.79196854431512,49.95419764033195,49.28650290081082,49.8427055248623,51.3930252661332,50.908753888382385,51.485671139773736,52.77844992360744,51.49023249431848,49.63386842360444,50.89130104760032,52.15861921047465,53.43511955230476,54.720159477060285,50.37282086524481,54.122196821631945,50.37805505900444,51.14170735468661,52.36294356487433,54.83853880283309,51.939198515021104,54.35697752482552,52.76399734300969,56.35450756142368,53.614843568208784,55.960272641357946
2.0151300207220406,0.0,21.09929912835399,20.10378900608066,16.268425337230493,22.017479935018706,21.06127408245295,17.586153136725034,18.15600367727031,17.334691207386534,23.789393030869935,25.831338782449567,22.92873404002766,23.130723240149734,27.275501117811988,31.450160862763216,29.89079445628308,33.12875422917685,32.55116085837436,35.24639557781424,37.61371057598124,41.16351776445064,43.476090822747196,44.362428565856526,45.89892163996103,46.52717702764529,49.10539680247867,52.122402192278926,50.49624423720009,51.011840240069006,28.55068446178606,29.73146588002959,28.497087184577055,31.03385671217121,31.040706322034133,33.51020520861213,29.918100931648056,29.434454364592415,30.43324865720246,32.91579013678356,34.02744653770076,32.05990708543372,36.06885438148214,37.14467566030215,34.312450718749936,35.20419457739551,37.093094005166016,36.336181346464066,40.12750080566996,37.48938244147432,39.26851286815027,40.20680748819238,39.85202785107833,43.33684771541469,41.856459242984265,42.68888658510647,43.55355672493996,41.539562567829755,50.25877477524739,54.42561029876067,30.893143181114098,33.379912980839485,34.252363720789724,36.19748396865255,36.19113706603072,36.1629122798559,38.41455688154475,39.69136193954513,38.968517103669505,40.43385570661579,42.537001997965994,40.28687374247353,42.31652195606916,42.19390823261106,43.26281069762439,44.35323094178104,42.17001450587281,43.19098995093772,45.30281245104947,43.21572406457542,45.23378376234386,45.25695461409222,47.29832391806799,48.51221132809762,50.401565957566866,50.771001525890775,52.57925255245612,52.79582285047258,53.69299038026252,52.2629400476621,39.68807752399204,42.02025297473406,39.79837959912138,42.017245704125834,40.95097272802247,43.264070224910924,45.03767468601608,44.38240483674724,43.55961680266429,46.976867141315786,47.00265629256886,42.85383783853487,44.04970532260032,46.48448134636852,46.489752053983715,43.693572210239836,44.86706335395624,46.05618203373356,47.25974863497353,46.0618145921804,44.56408923664257,48.06572206927597,46.59255230192829,48.42819771587544,48.31983917079446,49.319382239556106,51.36218604195039,52.38296179110077,54.61381628756081,58.56224805316889,47.597476664397476,46.44304428332595,46.595492825879994,47.0757855794461,45.777637085637565,47.94036685975439,47.280546951132486,47.84408503762565,49.41567424504576,48.96413521428787,49.54169348730746,50.82779714985495,49.54634813576398,47.721193945220634,48.96949157459002,50.22851049543797,51.49746436579964,52.7756365534636,48.47668704189017,52.19833015630675,48.48203839111308,49.26275452669453,50.47294064222773,52.92915518036164,50.07795665317588,52.47278015876729,50.92089417476251,54.47581066956969,51.79021284526028,54.10930660792395
23.11176190157128,21.09929912835399,0.0,4.748868645522982,12.886098252846393,10.141083027579977,12.175674223845915,26.915523917334585,28.429773207885635,22.4563241291253,12.41229820607831,13.432964724167888,20.484237801675583,25.470166486151577,20.7120775241242,20.551086927311626,23.377682058121223,23.616121759037892,26.08934129976981,28.834064723884264,27.714145422637497,34.06780709985864,37.19305114718289,36.65066877479781,40.33405363561598,42.96244736044397,46.6718227010818,43.521640757858556,50.364785224975385,46.650587442907025,7.667774950662845,8.642042314419045,7.899209063531037,11.318033534800858,12.092750103758396,14.407995826370902,13.515160065601332,14.441174955130455,15.778119428306294,17.345365564580835,18.1195233065356,18.95142357117952,19.911524687482142,20.402951388995145,21.833055636340298,21.90251803836762,22.324347166804113,23.339080336286923,24.470362950916908,24.776158044908637,25.14983474039674,25.458444364704512,27.651538230477577,28.612821575606887,29.21374975992789,29.408637660340116,29.67298722809456,30.478369306039767,37.02179525162618,42.44770269098655,12.992545533819856,12.28109305214253,13.205367819468817,15.21225744410343,15.817572532055024,16.978619606448436,19.132134081331838,21.198045577817727,21.40175819054048,23.008700884288128,24.37513889007172,22.92549263661025,24.86768116313692,25.51474293330393,26.14180447012162,26.832427824473115,26.304923825659156,26.835563036299778,28.09136022833702,27.663103874951684,28.737389860586553,29.510964106929663,31.383005895621515,33.58822049600721,34.59979237063967,36.33796547873409,37.274989082984945,38.14719651111723,38.62374714679147,38.744552341941635,19.228681323308123,20.9281301499156,19.114786262700456,21.224473391778673,20.468369887003583,22.593295777283046,24.459218044448058,24.200208295478983,23.878026921816932,27.01422030729745,27.038954114322078,24.046612971251044,24.964207445673633,26.939487623071134,26.94652233809704,25.19773890474649,26.07485577933774,27.00117719498079,27.97181517020729,27.008729378456714,26.37736640444627,29.03897133919993,28.385381641939126,30.792426439041904,31.315375273576954,32.592283612039076,34.539632215351034,35.817542351400256,39.14808416335046,42.268083540514006,28.723981656686636,26.984835935063106,26.788157378781033,26.389030548328137,24.690653936155837,26.846640683716377,26.217450457385223,26.85610134679669,28.694814616813513,28.719674860279603,29.299139490357575,30.472480714193896,29.30511606527759,27.987287746316017,29.06946792420836,30.18233031755611,31.322604767157458,32.48740499641427,28.982317469756055,32.21477952620801,28.9893535395615,30.013565906775607,31.025148322640636,33.14560955005696,31.077427708274037,33.06797999524578,32.17066753248423,35.110812344491535,33.290391226422535,35.15586631006619
22.047580778373042,20.10378900608066,4.748868645522982,0.0,8.626664896925801,5.526104178270108,7.429609982943565,22.962959593453384,24.52484750553355,18.251351833613892,7.916120801957347,9.23592395928874,15.75526255412533,20.866661199020935,16.055189929977278,16.440818293180964,18.775868011751037,19.37198906099706,21.538550636051347,24.32893247573349,23.645777020792185,29.71909192926257,32.79529568596624,32.41539003134264,35.89768333973589,38.38336033338288,42.04438262877991,39.496739224976665,45.652453779403274,42.15784550021436,11.068055766053332,11.298151446095583,8.817358482637298,10.935369852359177,10.991789518136,13.46950141448463,10.805177143276007,11.152817868521874,12.444401809937615,14.45198769685524,15.402151915483168,15.289483148556062,17.367668308043076,18.14073659847526,18.125462500500003,18.417632332471182,19.316909289226366,19.819704127146142,21.850901839417013,21.226990475362722,22.011790667622925,22.53388431390176,24.053542702649683,25.752944609430894,25.761724580834525,26.129103682595577,26.570417255528483,26.692616330704407,33.865153473409386,39.04971720402876,17.53285061697529,14.546662084780582,14.932920781603793,16.65178744830182,16.153939663165566,16.13666368775504,18.38874212365012,19.916946229005827,19.581065158018728,21.146144380114826,22.93747280754813,21.02859654612637,23.051293540135223,23.344013771199453,24.186227999152862,25.083813081428865,23.80903597431907,24.550100445893815,26.20996245051846,25.075637758189636,26.54534785483245,27.031374804299684,28.99912427369333,30.884043237100705,32.21923069263476,33.516287661048594,34.750485440239096,35.416949803854365,36.03587639125481,35.688003034747595,22.51937107564144,23.032912804824427,19.854754522285177,22.12533739128701,20.909195379329034,23.282647248087,25.00555566041537,24.28040553098535,23.489078731539845,26.88080647400545,26.90654474160697,23.005207100144517,24.121575893742843,26.450943033315614,26.456615070877223,23.9696708503489,25.04308268866119,26.152634062904212,27.29391789951076,26.15892165371191,24.980065044502823,28.185394857244056,27.022694359707614,29.15317955841568,29.383113950731904,30.55471689273559,32.566514938289046,33.75066159617216,36.70152379892219,40.15664071791297,32.65504021161801,30.715352600498335,30.351508784228077,29.291939307904343,26.77376187852211,28.83691944020819,27.750423111046572,28.122030263587742,29.42543463871393,28.861767680320263,29.43897566202584,30.731492087212523,29.44358269107565,27.65580375307801,28.883005091330432,30.129817340682234,31.393904039796194,32.67326027100736,28.463117330719236,32.10736329587744,28.468894636763647,29.3190650794976,30.479371368400493,32.86854585720189,30.21951468983812,32.49894582664881,31.160608483193453,34.52125795323855,32.13877620564283,34.29086391082187
17.8445676578026,16.268425337230493,12.886098252846393,8.626664896925801,0.0,6.7146563442606695,4.967753128524187,14.374943286947627,15.952835574292772,9.630682015472352,7.8196281880918095,9.831021920431263,8.914645253738367,12.851959578212188,11.730829808670826,15.21907543183882,14.572772008097841,17.138041224130603,17.427875602034806,20.290585501655688,21.689065724461255,26.189391821880857,28.901729775222798,29.26221153638255,31.710266160976953,33.340108713080106,36.60954630967174,36.89479531044995,39.43587224849984,37.528905393043374,19.690710877623676,19.80393551723559,16.82731450286138,17.776972746581297,17.11111562944088,19.370814926493225,14.68421970382539,13.733519469201678,14.547393788311357,17.104334513231418,18.245799105547558,15.837751860665074,20.252997012788008,21.459375200597055,18.04404888044809,18.950856550562563,20.947785467681303,20.068409628069684,24.059596858634187,21.22498829210513,23.025526704073457,24.00629850685024,23.632120937402128,27.10351039994635,25.621002341828863,26.42668804447504,27.28547835387901,25.485657456695126,34.03237282353377,38.384139432843874,25.87719027630298,22.831985794647064,22.939954871276008,24.40850857730601,23.07972007868912,21.823476741634543,23.977182664613355,24.645320992094067,23.505143675521033,24.849074095247722,27.184970571990693,24.683728587877482,26.67173102743802,26.307531564173782,27.477032900224145,28.6719700230033,26.09861237690617,27.20009705865036,29.49306576129379,27.074888605495683,29.234541641695017,29.117388138361584,31.159931980028453,32.263524683456396,34.2188642856539,34.50277752587464,36.33782196279793,36.52842093493777,37.43554546149955,36.025718938003166,31.067855127650727,31.030957361522603,26.917763099124862,29.232689189203295,27.639424200952885,30.14792761904091,31.662349666526918,30.46681215493067,29.160932370139754,32.702558608963464,32.728440735849304,27.839008315671016,29.163191320567098,31.8439105638739,31.847532086489842,28.46595441927075,29.762256382875275,31.071959336353412,32.3934378694204,31.076134524744226,29.150706680970874,32.996787055711955,31.126373784943212,32.688258335371735,32.38990392082076,33.306513251915156,35.34368515024996,36.300137093405034,38.375877840122435,42.38947955566334,41.281017003344665,39.333577485201474,38.94385018942245,37.659087905433715,34.69308055212094,36.65970221245985,35.238851689467985,35.37351398755219,36.12970577765676,34.93661573669552,35.49158143842001,36.88216567665191,35.494424815736906,33.19783438720062,34.55938633714436,35.92769917487063,37.30202889924354,38.681734190700396,33.72530778213893,37.77223235393958,33.72915452542503,34.30524047430655,35.62449297884813,38.29092158723788,34.935020037206215,37.53876642885326,35.61200202179035,39.46593265083191,36.333548037591925,38.843661941171305
23.78096429590159,22.017479935018706,10.141083027579977,5.526104178270108,6.7146563442606695,0.0,2.6124313777581363,20.339302470195044,21.945717596570496,15.257067361564257,2.461943654378402,4.185027173165795,10.972060320709693,16.5968220232891,10.571008632347628,11.209623613787668,13.257734239085806,13.989244052255794,16.012515692522772,18.80546857837762,18.374463820352315,24.242006472417668,27.295635281112766,26.993564520382854,30.384762447488644,32.86242499633936,36.541335582769086,34.19656630065753,40.24381659042775,36.633505485714736,15.030614900414685,14.602291090184353,11.063949761503322,11.289851879995387,10.465149599321352,12.672204632932079,8.061606879027451,7.417970386437015,8.462934815221008,10.9044954732032,12.01087266625894,10.624009594065702,14.052994132493193,15.136856679844733,13.300032838450441,13.847563957683391,15.29913591281142,15.16558991225406,18.204005427920254,16.50418641470073,17.739692819429994,18.497055965369412,19.22584611558753,21.703083999591858,21.060452481916293,21.605407397254194,22.231464343573908,21.647767608948506,29.36715703026972,34.27519127999679,22.36374266447666,17.123629073159748,16.92791634715704,18.178102231855643,16.514118704964055,15.108928222159754,17.265265641023138,18.021635657669083,17.03967503475578,18.4602269227604,20.67713278488529,18.306737393116613,20.32780189715642,20.180228188409917,21.247579151389605,22.357795907755268,20.238825546522012,21.204590577533537,23.28656457439285,21.357810593014495,23.2464768393756,23.385458114176085,25.415538536349885,26.905284809558776,28.574880206223405,29.37122674204355,30.907901715404073,31.344915348670767,32.107867202192175,31.27348423062774,25.71844363529854,24.88046417476681,20.351525511352868,22.661786587777275,20.992670500243406,23.514172891266657,24.988287219203904,23.75565117668726,22.453397617486335,25.992388027111044,26.018287083114792,21.2182581857588,22.516942831916417,25.163255087773045,25.16709813438244,21.912294408894066,23.172114282480184,24.45278148552009,25.75118584525509,24.45732537036489,22.676767275927585,26.4047476841078,24.683478238882426,26.42372350026472,26.308057803355613,27.33067586447928,29.372929324329096,30.42904597447252,32.91686440613504,36.691478551991146,36.43469574228893,34.25860361008424,33.6893002848885,31.850381292995483,28.450771270941242,30.340839628032526,28.761106336247614,28.811723501440728,29.451096250852146,28.221982914079394,28.777140249903606,30.16757336977726,28.780000049616437,26.505996768101518,27.85928446189672,29.221653012571895,30.591889233020968,31.96898148054918,27.06477471724341,31.077288373826217,27.068880146552758,27.687346538078874,28.9855312936979,31.620957931322767,28.36951265256769,30.921940240883046,29.107083329813864,32.87123548246315,29.89595815145014,32.32809078664872
22.709748735426043,21.06127408245295,12.175674223845915,7.429609982943565,4.967753128524187,2.6124313777581363,0.0,17.849355379685097,19.455682108644986,12.734019475698782,2.859341872682213,4.863558072276903,8.478862534541873,14.005700202757229,8.846827929391745,10.8210832231533,11.679376370862695,13.202057261838922,14.531384944741703,17.393283543145778,17.73024357199894,23.05994099276496,26.005631936414577,25.958114121933775,29.010862831614126,31.216990128808412,34.7853546819211,33.3737430043801,38.25593552165345,35.13858946912437,17.560969111860075,17.19389108509698,13.676368229838749,13.77090687776342,12.820351203999998,14.90577486941373,9.888630130079322,8.795363398600506,9.58020670608798,12.139273771981763,13.281792386951764,11.00816285660245,15.285832204614369,16.500286069191702,13.391083506478548,14.182745138195841,16.043340300887774,15.376944971450532,19.12331261484688,16.61034544056859,18.224765677782795,19.145533426562597,19.164256825011968,22.282715013327298,21.099841583115115,21.804111378593024,22.579385270366103,21.293581415005832,29.500609627008757,34.116274037292314,24.7301688624876,19.734928493865425,19.518552147205785,20.72702788287025,18.918217767241323,17.225556515003795,19.31278368215468,19.797824072465957,18.572912402981004,19.89644005350404,22.26204999714325,19.729199317768416,21.711049695898392,21.34213807752714,22.50932819738896,23.707514886113763,21.164838920783165,22.247246946987257,24.525484726612554,22.17107366689078,24.284338490017998,24.21373909003386,26.256431286406187,27.46816560530087,29.343815806321196,29.789174304103057,31.527040934336124,31.80023174283121,32.659319421496,31.46286616859147,28.328769666992518,27.43683347507042,22.742975927438476,25.04376065697289,23.297551435168344,25.830287186795697,27.23931043138117,25.890092684557235,24.45482491936773,28.004442014457265,28.030174401223153,22.98204584567792,24.329768873344804,27.05631759470327,27.05951481060682,23.56201783067065,24.878342115791753,26.20855846108125,27.550654707020115,26.21240882879545,24.213960833635657,28.11024350277759,26.179749777841224,27.72072398820741,27.430537348962776,28.361001467734557,30.40024035152317,31.375030875369312,33.55891773065457,37.50867428722921,39.021829698339815,36.860366689423145,36.298731196353344,34.44927173237933,30.98052748719958,32.844667874102534,31.1963622197381,31.190140788946728,31.685464366696937,30.290123874010362,30.835265416695503,32.2449571793109,30.837603559908118,28.432160803621414,29.81483895882253,31.203443468919545,32.59721697469883,33.99552371523536,28.9029759880014,33.00867776048586,28.906467459082332,29.436868650775097,30.77443890862223,33.477156726573924,30.030474737555945,32.6664434751942,30.680328420063983,34.575617687838836,31.382935697015117,33.913946531155254
17.674362179804604,17.586153136725034,26.915523917334585,22.962959593453384,14.374943286947627,20.339302470195044,17.849355379685097,0.0,1.6066911771372592,5.15273571478202,20.272981733759263,21.77872762367078,12.418585355581554,8.27931928371461,17.545223551823117,23.434488869797878,18.93527386008728,23.396266861821367,20.636525163640332,22.578742070864283,26.978910472280393,27.85188279166966,29.34741810656918,31.01475684099646,31.10658740528547,30.69371475990915,32.66618153459888,38.554276260528205,33.326152727538066,35.252421320590514,34.02665067175403,34.17870666605091,31.1151541745964,31.6135528680277,30.65020918419343,32.639037365934975,27.308547970027426,25.74637037811739,26.036420510088696,28.467419227593254,29.558428017682274,25.692184466029833,31.28565408306511,32.69482563950119,26.660796486781123,28.003283905673218,30.71702807704692,28.56165639171273,33.930011149526145,29.180566892622092,31.79398352769191,33.11832502937491,30.58494575518892,35.649913711207674,32.5762844624207,33.808090238413776,35.056426368939896,31.025768924052933,40.278874160479226,43.00699604470948,39.75070976619257,37.15930396270208,37.165396983131075,38.50483198054971,36.75816036678567,34.79802879771619,36.75088376760678,36.72256092605082,35.02186520409846,36.04286967758425,38.66266900645397,35.851153782944614,37.62047600505566,36.662580719192704,38.037935290752785,39.41849344375901,35.79575121625013,37.146764237653976,39.86922238660042,36.3486730909424,39.01938005474398,38.25984208018774,40.183969024097266,40.259941194821536,42.78475973281655,41.78906445092477,44.22667416919224,43.79528020474636,44.99955191337381,42.30667217076314,45.44266677894838,45.19292586559,40.57332706220581,42.865821147751895,41.055951709959125,43.593052206682096,44.916903949586676,43.39382403816298,41.72975131965126,45.252776525063254,45.27784476143404,39.78253517007513,41.206431837159116,44.05893881081105,44.0606096460872,40.07403756666893,41.48793086051615,42.904099282925685,44.32232475255918,42.90615094050298,40.414846668412835,44.630704854481614,42.193175487986494,43.080059847139026,42.24470178113975,42.81134175559043,44.72672600853615,45.35396452107789,46.21781241682259,50.6728733693843,55.56453757540034,53.674272792037904,53.30996463640526,51.98559496998395,48.7866882306273,50.67894265984085,49.0418537151729,49.003201302747584,49.319964771934146,47.629780726619,48.1491985953535,49.58654750602191,48.15042822888362,45.487253525872156,46.916775097177606,48.34739647293657,49.77902282993808,51.2115698850921,45.742415936016066,50.01229345111084,45.744340293784724,46.04128538605351,47.4541200760503,50.28579163716678,46.38301700338769,49.19110467067094,46.76667119512656,50.95078424567779,47.191225508664296,49.953901523244014
18.071460801339143,18.15600367727031,28.429773207885635,24.52484750553355,15.952835574292772,21.945717596570496,19.455682108644986,1.6066911771372592,0.0,6.750020382000001,21.871931553,23.36441072735636,13.874594775855222,9.373598459729166,18.951000224965778,24.871118262687848,20.22315389662683,24.723999956704358,21.80420476712354,23.632236151635183,28.19704609771394,28.762722459880965,30.121942061006838,31.894199928539184,31.75175333346436,31.1179126776958,32.911414340039,39.35525392671993,33.28285347970893,35.66895709428843,35.583345824841594,35.755957656101046,32.71103739211283,33.22023092092658,32.254800331096035,34.238202124000004,28.897533383993686,27.321952552931048,27.59469078729183,30.013125779658626,31.098763842378766,27.18799536912534,32.80883581143246,34.222965696722156,28.089546742366295,29.445554468698138,32.181624967115084,29.969782998364686,35.386355281082864,30.553037000747878,33.19795742999929,34.535527262538395,31.8833390655538,37.020988061895665,33.860269088513704,35.11299874012536,36.38022740860113,32.221116619254225,41.46567695189627,44.048107828844735,41.22775670839221,38.75175143945039,38.766303294491095,40.11007008214966,38.36325594894094,36.38843443849569,38.33346880413257,38.27892379616127,36.557044620527016,37.560832909801604,40.18897171101761,37.36829222260494,39.12265832495902,38.13604216006162,39.51872479485497,40.90592762899985,37.235458891445255,38.59608644194379,41.33515564491046,37.76152192187848,40.453466173017674,39.657497760625255,41.567392141094025,41.5746702167798,44.12924661932235,43.046975081113395,45.518998969539886,45.0437324653662,46.26557186709112,43.4863689201169,47.017350752383706,46.79706470143776,42.177527446759456,44.46929195647569,42.655188707,45.19230550700001,46.5104731549245,44.97714673399024,43.30060592674118,46.82012150568954,46.84513695226446,41.32881404016405,42.7553855291231,45.6125800552756,45.61416073215559,41.60423248861179,43.021672244857584,44.441082485932284,45.862280256207555,44.44302906555129,41.92739455256505,46.15563891117666,43.69217035973321,44.53941026488731,43.67394012413422,44.217328152732854,46.119803292554806,46.723668977767026,47.50012477843043,51.974756163919864,57.10278674585242,55.22892082476958,54.875626612513855,53.57912963625896,50.392522814919346,52.285542126792805,50.64737203149264,50.605737047986324,50.90999207836654,49.20156535337182,49.71917529114284,51.15768721716099,49.720335594516946,47.04295701883984,48.47438043806132,49.906760269841094,51.340016462880854,52.774077615685194,47.28510437840244,51.561987756571966,47.286933883224165,47.56968939436554,48.98572345953361,51.82309171024899,47.89595561293682,50.71161089564587,48.2630577261368,52.46027283963435,48.670071708149486,51.4433746524408
18.000629968916286,17.334691207386534,22.4563241291253,18.251351833613892,9.630682015472352,15.257067361564257,12.734019475698782,5.15273571478202,6.750020382000001,0.0,15.121911170999999,16.632451329098505,7.751357426691055,5.79963326008245,12.964389465376554,18.68997785485126,14.761806739351611,19.01491471092139,16.86292768797775,19.16813945613832,22.930681568911783,24.833065234907725,26.763153368203206,28.054925694294727,28.925021753816377,29.248106096038125,31.770812591160944,35.77120015060762,33.34912158809894,33.76171888331989,29.30359663374853,29.332608656162098,26.143189585220803,26.50492570875606,25.51330175086917,27.488181742000002,22.158467189087983,20.613793344891793,20.937460650957473,23.394934836677862,24.49766450033371,20.756534458267897,26.26545453103994,27.66076131405899,21.924170833061453,23.219372288424996,25.858450049662885,23.88067135715574,29.087806302183438,24.608670046722935,27.112853611726496,28.392904707375866,26.242063209063396,31.055754579036435,28.267796787505294,29.426605886015984,30.61005293563091,27.015680385977,36.239601273652866,39.416877067090525,35.41945991327586,32.20711091828693,32.14464760794988,33.43513331419029,31.623845720295982,29.64672626490953,31.60662669385705,31.6222063528292,29.968964729540165,31.03099806931503,33.628374127783914,30.841522027548745,32.6472748131753,31.767403560501677,33.120866047357374,34.482010012152806,30.99738174789217,32.31823178912755,34.990129915137594,31.627374444056507,34.2307622428568,33.578673975840296,35.540262347469955,35.82266630187896,38.250549100348955,37.52135766434598,39.84587013077022,39.549968302477694,40.696648995687674,38.28083800316496,40.59745232101175,40.135438730839994,35.43390752878994,37.723438658024605,35.905168325,38.442285125000005,39.76427941322244,38.24836783960862,36.60167219489169,40.13005265191988,40.15520713723547,34.70211679753013,36.11981413269784,38.96189577629752,38.963746258324164,35.02967600805669,36.434630010206476,37.84282937006501,39.25392481629156,37.845115335163854,35.41288542648597,39.5962733913568,37.22396717144263,38.21487992890516,37.46437089061316,38.09643223753929,40.0456519110457,40.73965174103282,41.86201015514452,46.24821230580778,50.90542140499472,48.93264372646654,48.50925316470633,47.016004728515895,43.70489875637836,45.578231838216325,43.909968686718784,43.85791295846492,44.16868515978636,42.49956157828392,43.02178608259679,44.457154525317236,43.023127010210665,40.385809503268426,41.81137768581062,43.23843668238618,44.66684360337022,46.09647314317171,40.667614882536284,44.921801037891775,40.66974207238456,40.998160364024706,42.40314667551811,45.221261166490414,41.37627784412569,44.16497668669959,41.80067637292831,45.95008001612113,42.26996196159025,45.00331634153997
25.476344771201433,23.789393030869935,12.41229820607831,7.916120801957347,7.8196281880918095,2.461943654378402,2.859341872682213,20.272981733759263,21.871931553,15.121911170999999,0.0,2.0428374874179296,9.704105986642974,15.58506002555011,8.413225362487326,8.766414318294567,10.982618312588306,11.528,13.677181617570193,16.435465828506352,15.917000502607268,21.808141621880576,24.879174926030004,24.539757802390795,27.98494068244562,30.550464742782555,34.27608244826121,31.735051725182363,38.115632291751375,34.26280480345998,16.631068059913872,15.953615768792956,12.175499208109327,11.607880907479895,10.450489270482988,12.366270571000001,7.136645139644662,5.940474200436148,6.731451638740175,9.284916260616967,10.426170917455748,8.413225362487326,12.435856263241385,13.64188700290396,10.982618312588306,11.63163071112559,13.312734993231107,12.90124211074267,16.342699899343437,14.203599015742453,15.610134688720658,16.46005640938086,16.87606189251509,19.632708855377036,18.746489378014218,19.351863166114008,20.043746156844033,19.230070852703587,27.0978239901288,31.91342377433045,24.247379148526164,18.10133977874404,17.666542028671817,18.67834061142614,16.557109058861393,14.571397779578385,16.605060567918056,16.97886036970846,15.716835459509733,17.037118539365725,19.408211973285947,16.869995139299835,18.853348588513395,18.508516526183293,19.662043840862527,20.852341834911496,18.385537386761367,19.43875924538395,21.682258577002536,19.428873461938032,21.47904290232691,21.469154641019287,23.509879795524263,24.832653422459714,26.625469986462214,27.225898258827016,28.870478208716943,29.21992801154719,30.033787390204388,29.027794749171008,26.810297675963085,25.38165312779615,20.341751123691346,22.619888650869775,20.783257153999998,23.320373954,24.65854393549099,23.21884247943896,21.709383559978775,25.258500060815223,25.284116199701344,20.155768429906114,21.51432102112451,24.26248645543156,24.26545793921887,20.71463955756894,22.038768114393324,23.377590038325163,24.728718931638976,23.381290298013923,21.35627647788818,25.26863259062508,23.3205653447767,24.87171252648277,24.608884107167476,25.560834102196274,27.602160658180367,28.599724823851016,30.89410922813603,34.77838506889013,37.71659808234363,35.43879809996378,34.776037964918466,32.59107781882456,28.828529964262007,30.620208504753325,28.83774911427909,28.744665601964172,29.08097028969666,27.570385887834277,28.109319451029048,29.528042535867495,28.111371720355447,25.64877153003629,27.041525863012982,28.439799032341984,29.842815299498806,31.249935823934102,26.090242850537056,30.223085812008012,26.093558438817805,26.602537942835454,27.947802507531787,30.6664176094959,27.181652635555476,29.82959818703564,27.823414905435314,31.731318299118932,28.52359647730279,31.057338005695208
27.518997288369622,25.831338782449567,13.432964724167888,9.23592395928874,9.831021920431263,4.185027173165795,4.863558072276903,21.77872762367078,23.36441072735636,16.632451329098505,2.0428374874179296,0.0,10.537761621900545,16.50422712519432,8.171349949671718,7.205,10.406756459147106,10.190401022530958,12.90124211074267,15.530465672348656,14.41,20.636390478957313,23.772387343302313,23.237167469379738,26.929490229114997,29.728752025606457,33.54695993678116,30.261,37.62938729238094,33.28295810170725,16.763817302214893,15.85056928078614,11.937469504163136,10.728812117827317,9.357529058636798,11.012952068431273,5.5416511250000005,4.055187593417286,4.722336440191422,7.287722333661139,8.432433160126442,6.450621055371335,10.426170917455748,11.66028267238835,9.11812107838013,9.675931583057004,11.277008291209153,10.982618312588306,14.299862411925508,12.319298681337342,13.612949129413508,14.435239104358471,15.050529425903928,17.617792029650026,16.87606189251509,17.426181480749015,18.075827643568633,17.532828636589134,25.18566322334991,30.101058851807856,24.621669762586073,17.62652521371326,16.99598420335003,17.804729447634664,15.372773746839764,13.033363033770213,14.974540939140775,15.15230562356002,13.783169817895683,15.06667788195073,17.481796503792168,14.895947401894247,16.864866320252883,16.479702454838193,17.64703853341971,18.853348588513395,16.342699899343437,17.399074917937448,19.662043840862527,17.389192534445066,19.43875924538395,19.428873461938032,21.469154641019287,22.820129557038012,24.589153564122533,25.23967608746198,26.8497562186326,27.225898258827016,28.022853530645303,27.0978239901288,26.358202743879133,24.451674881267863,19.081483981879607,21.321469991077333,19.388879550177936,21.9197906783714,23.168001019140892,21.615923334582753,20.003159331099894,23.544312100092,23.569707528944857,18.307077101492744,19.686713082685998,22.471806691941794,22.47437376213184,18.810566206257587,20.155768429906114,21.51432102112451,22.883846376865932,21.517672016275366,19.408211973285947,23.377590038325163,21.35627647788818,22.85908871761952,22.573734205930574,23.51976991809231,25.560834102196274,26.556887336433086,28.870478208716943,32.73929457089752,37.39316689285944,35.02784485377512,34.28300134458129,31.813335797542138,27.78808243253414,29.501330967192953,27.58620787433562,27.399279266031765,27.550048470981313,25.890867849244017,26.42007617324371,27.849568632206854,26.421714270652462,23.874252239599045,25.281834427113868,26.693740689532444,28.109319451029048,29.528042535867495,24.26248645543156,28.439799032341984,24.26545793921887,24.728718931638976,26.090242850537056,28.838575901039217,25.26863259062508,27.947802507531787,25.877615964381263,29.82959818703564,26.550916839160188,29.112317959928923
24.04738195391271,22.92873404002766,20.484237801675583,15.75526255412533,8.914645253738367,10.972060320709693,8.478862534541873,12.418585355581554,13.874594775855222,7.751357426691055,9.704105986642974,10.537761621900545,0.0,5.968563059899761,5.213085458727874,11.019384057196662,7.217619552179236,11.286867102965287,9.675931583057004,12.319298681337342,15.350351136048975,18.23624215676026,20.636390478957313,21.43380218253402,23.237167469379738,24.539757802390795,27.721471407556994,29.195001918136605,30.550464742782555,28.82,26.002534173213952,25.52284600695458,21.837096751975363,21.20655697255984,19.892069335490664,21.49350223385842,15.940347198138872,14.111201861015576,14.127968518248185,16.397568318903975,17.435649027208594,13.346870344766222,19.04334266876485,20.475837174582143,14.249797191539253,15.58506002555011,18.307077101492744,16.173509977738288,21.51432102112451,16.864866320252883,19.408211973285947,20.71463955756894,18.508516526183293,23.3205653447767,20.540110637481973,21.682258577002536,22.85908871761952,19.428873461938032,28.599724823851016,32.04875691817079,33.194365674746265,27.801293078574123,27.358017587291588,28.29471011824735,25.90126266233254,23.324048263728574,25.0824732476997,24.700604302724752,22.838635897430795,23.764763779175574,26.42007617324371,23.569707528944857,25.281834427113868,24.26248645543156,25.64877153003629,27.041525863012982,23.377590038325163,24.728718931638976,27.460615652239117,23.94798465424596,26.602537942835454,25.877615964381263,27.823414905435314,28.071523382246287,30.50551256740329,29.793984510300064,32.0976227312865,31.82668270492544,32.95940490967639,30.642562311268946,36.499058929167056,34.96872113940809,29.576256377300155,31.788634581601443,29.786630008062275,32.29898345426843,33.427874261335575,31.689798213790368,29.84520878628154,33.311216349094586,33.33559384501797,27.662539073628075,29.1030500807046,31.986101044047242,31.9870036108417,27.849568632206854,29.280879921887593,30.713755761873212,32.14798695097409,30.715164870141916,28.109319451029048,32.37326724320546,29.842815299498806,30.6664176094959,29.82959818703564,30.415540517965486,32.347019955476576,33.014175758301164,34.115984816505005,38.49692144834441,47.34478808985613,45.10836642784942,44.4691877430561,42.26242452718694,38.32561415802899,40.0328438991243,38.06940146010169,37.81330459555163,37.71766222284149,35.73308218475027,36.22866932416922,37.67556748079583,36.22906845338422,33.4284660132648,34.87129805441719,36.31454149510909,37.7581491601482,39.202080812120165,33.583399842779464,37.8953853786975,33.58468854999254,33.79911407122974,35.22676823099161,38.0866853375297,34.07445437567563,36.91005316983437,34.40798936293721,38.62803670910547,34.798045706619796,37.579084195866194
23.790417137252945,23.130723240149734,25.470166486151577,20.866661199020935,12.851959578212188,16.5968220232891,14.005700202757229,8.27931928371461,9.373598459729166,5.79963326008245,15.58506002555011,16.50422712519432,5.968563059899761,0.0,10.237918587291071,16.18663362160273,11.019384057196662,15.58506002555011,12.435856263241385,14.299862411925508,18.853348588513395,19.632708855377036,21.29938461552352,22.820129557038012,23.29569850852298,23.461659617341653,25.978386170045283,30.43815086367764,27.721471407556994,27.98494068244562,31.533041791410344,31.19758624045263,27.61231083685838,27.147461136111943,25.85486219427518,27.458076035500753,21.90055361010798,20.04743474499038,19.996147258840484,22.17250122690801,23.168,18.8790745800741,24.658141393868274,26.103803879894592,19.314018354552736,20.72781495961405,23.567871202126,21.07552324380109,26.693740689532444,21.51432102112451,24.26248645543156,25.64877153003629,22.642913968833604,27.947802507531787,24.589696704107595,25.877615964381263,27.181652635555476,22.85908871761952,32.0976227312865,34.72823728610481,38.397640251377915,33.62698860356457,33.25004954599394,34.23417607731705,31.869823904617327,29.253645655338172,30.967444966068275,30.450535478,28.48453947643919,29.30233443573667,31.986101044047242,29.10404205604438,30.713755761873212,29.528042535867495,30.94947754001673,32.37326724320546,28.439799032341984,29.842815299498806,32.66063013782802,28.838575901039217,31.613284865701633,30.6664176094959,32.51985928628843,32.347019955476576,34.963593007584336,33.729732640505766,36.246627429320924,35.7151473887481,36.95578472986333,34.115984816505005,42.28673516752618,40.918608717338714,35.54097538712631,37.74767315709157,35.731232851794125,38.23731119027908,39.33352485903133,37.54662686443818,35.642609351038104,39.072033859,39.09600127890319,33.33516007161207,34.781862874205,37.67556748079583,37.675951281951725,33.4284660132648,34.87129805441719,36.31454149510909,37.7581491601482,36.315336484741536,33.583399842779464,37.8953853786975,35.22676823099161,35.81137835939857,34.798045706619796,35.24274677149896,37.09307839745847,37.62113241251517,38.211015492917745,42.71255295577636,53.027418663544005,50.85231948956268,50.26071969768402,48.17552891345014,44.29028906418056,46.00137294688131,44.030600119673416,43.757523021614716,43.59037988957706,41.5087123063629,41.992,43.44,41.99200119070298,39.122547169119755,40.5695996652666,42.016717446749695,43.46389399260035,44.91112362210503,39.202080812120165,43.53549728669697,39.202817245703145,39.33427951545573,40.77381837650234,43.6545751210569,39.518614753050244,42.38574949201677,39.754361282757394,44.03346028873952,40.040611034298664,42.87285131642168
28.566834304408292,27.275501117811988,20.7120775241242,16.055189929977278,11.730829808670826,10.571008632347628,8.846827929391745,17.545223551823117,18.951000224965778,12.964389465376554,8.413225362487326,8.171349949671718,5.213085458727874,10.237918587291071,0.0,5.968563059899761,2.882,6.128512462253789,5.764,8.646,10.406756459147106,14.482568971007872,17.292,17.532828636589134,20.22589874393719,22.37756664608554,25.9920055594023,25.17241094929129,29.706064094726518,26.299242954883702,24.888171515682693,24.020978519751303,20.107014968598417,18.607612135452907,17.049529780032763,18.197394526580688,12.715161966062947,10.690628938735713,10.30050593616371,12.193916460974437,13.11142650515191,8.688,14.48,15.928,9.153538550746372,10.537761621900545,13.346870344766222,11.019384057196662,16.50422712519432,11.66028267238835,14.249797191539253,15.58506002555011,13.322605300766064,18.123313714660462,15.36022867668317,16.479702454838193,17.64703853341971,14.435239104358471,23.509879795524263,27.225898258827016,32.63097613004707,25.713710852639633,24.961603637246302,25.561124975784402,22.713331030198937,19.632353471946043,21.143699790786357,20.365579605965564,18.312066862,19.0787584842989,21.767748643348487,18.87984049191094,20.475837174582143,19.314018354552736,20.72781495961405,22.14603190190062,18.307077101492744,19.686713082685998,22.471806691941794,18.810566206257587,21.51432102112451,20.71463955756894,22.642913968833604,22.85908871761952,25.297299480379323,24.608884107167476,26.888893636592783,26.645210601532128,27.762774789274935,25.550942546215392,34.427876401866286,32.05818465348757,26.171471713315015,28.271903546207202,26.139836975070143,28.587228114435188,29.526701882201632,27.608194272079135,25.600881574710364,28.971892179993947,28.995333434882244,23.168,24.616,27.512,27.512001817388715,23.21277029998789,24.658141393868274,26.103803879894592,27.549711885970783,26.104357816272746,23.346566085829412,27.662539073628075,24.992714638470147,25.64877153003629,24.728718931638976,25.26863259062508,27.181652635555476,27.823414905435314,28.90967810267005,33.284161894210285,45.510280611342395,43.104452922865924,42.30900576907969,39.57445185047,35.183509106678265,36.730295447997825,34.54295600052561,34.11553832097764,33.66844096721955,31.420846790029348,31.88857502303921,33.33516007161207,31.888124701838457,28.96,30.408,31.856,33.304,34.752,28.99582868276056,33.33516007161207,28.996327370893024,29.1030500807046,30.544269315208705,33.4284660132648,29.280879921887593,32.14798695097409,29.528042535867495,33.79911407122974,29.842815299498806,32.66063013782802
32.94338367425414,31.450160862763216,20.551086927311626,16.440818293180964,15.21907543183882,11.209623613787668,10.8210832231533,23.434488869797878,24.871118262687848,18.68997785485126,8.766414318294567,7.205,11.019384057196662,16.18663362160273,5.968563059899761,0.0,5.968563059899761,3.2253105276856675,7.2274195256675124,9.244419343582376,7.205,13.677181617570193,16.87606189251509,16.11338006130309,20.083398342909998,23.26326142225118,27.225898258827016,23.056,31.797122401248828,26.511158122571707,22.895824218532063,21.61630632572668,17.674426557701803,15.201700896792051,13.453809686599259,13.927022232392849,9.089660180183513,7.148362824951982,6.144804745281152,7.121449296326791,7.792530012775055,3.234701995547658,8.806692057747902,10.237918587291071,3.234701995547658,4.576769275373186,7.382010633966874,5.213085458727874,10.537761621900545,6.128512462253789,8.432433160126442,9.704105986642974,8.413225362487326,12.435856263241385,10.406756459147106,11.277008291209153,12.257024924507578,10.494493079706137,18.81469364619047,23.29569850852298,30.97037396489047,22.53796987551606,21.453552309671323,21.63719447037067,18.361082811688583,14.800826178520506,15.980741263721253,14.805740802464719,12.602720151973166,13.232261991,15.928,13.032003836709073,14.5515250403523,13.346870344766222,14.764021267933748,16.18663362160273,12.364359465819488,13.730307826119558,16.50422712519432,12.938807982190632,15.58506002555011,14.891106372597035,16.864866320252883,17.399074917937448,19.662043840862527,19.428873461938032,21.47904290232691,21.469154641019287,22.471212361597228,20.81351291829421,31.013744597450135,27.772099555742194,21.471689775454983,23.409766654178576,21.180308902641343,23.519227418935717,24.2604466621038,22.193415099064836,20.058947224710195,23.322783437371676,23.345333752165548,17.435649027208594,18.8790745800741,21.767748643348487,21.767088941794675,17.376,18.824,20.272,21.72,20.272002466456044,17.435649027208594,21.767748643348487,19.04334266876485,19.686713082685998,18.810566206257587,19.408211973285947,21.35627647788818,22.073462800385446,23.51976991809231,27.762774789274935,42.17481962749098,39.61778994467183,38.66549621839868,35.40843106436186,30.603721074139212,31.968912446741566,29.583869251435935,28.995065231280275,28.230716766803848,25.77906485559566,26.22285301030382,27.662539073628075,26.221755852726567,23.21277029998789,24.658141393868274,26.103803879894592,27.549711885970783,28.99582868276056,23.168,27.512,23.16800215814907,23.21277029998789,24.658141393868274,27.549711885970783,23.346566085829412,26.22285301030382,23.567871202126,27.849568632206854,23.874252239599045,26.693740689532444
31.11297733480752,29.89079445628308,23.377682058121223,18.775868011751037,14.572772008097841,13.257734239085806,11.679376370862695,18.93527386008728,20.22315389662683,14.761806739351611,10.982618312588306,10.406756459147106,7.217619552179236,11.019384057196662,2.882,5.968563059899761,0.0,4.576769275373186,2.882,5.764,8.171349949671718,11.618583734689869,14.41,14.698126275141332,17.352520508560133,19.607971669706178,23.29569850852298,22.37756664608554,27.225898258827016,23.461659617341653,27.156273121243856,26.15687060990694,22.203822448843102,20.332283680438117,18.6769358761073,19.518727201229815,14.254997854198848,12.203121525637343,11.534665062421698,12.980680489260466,13.730307826119558,9.153538550746372,14.764021267933748,16.18663362160273,8.688,10.136,13.032,10.237918587291071,15.993050522023621,10.537761621900545,13.346870344766222,14.764021267933748,11.66028267238835,16.93885710430311,13.64188700290396,14.891106372597035,16.173509977738288,12.257024924507578,21.47904290232691,24.832653422459714,35.02456837493689,27.58379984362483,26.6908792887814,27.103502311799797,24.020472356426758,20.6366778888009,21.915285461131898,20.76941695587338,18.53746791658339,19.0787584842989,21.767748643348487,18.878313934247412,20.272,18.8790745800741,20.323150961403595,21.767748643348487,17.613384115495805,19.04334266876485,21.910370238770497,17.905689179699284,20.72781495961405,19.686713082685998,21.51432102112451,21.35627647788818,23.94798465424596,22.85908871761952,25.297299480379323,24.87171252648277,26.065427293639363,23.51976991809231,36.2337202667564,33.4343245328964,27.28521420084343,29.28190869829211,27.076311068593597,29.445970102320516,30.221120668319987,28.161978158964597,26.020452333072168,29.25717663222469,29.279405202291937,23.346566085829412,24.784135651662336,27.662539073628075,27.66149901939517,23.21277029998789,24.658141393868274,26.103803879894592,27.549711885970783,26.10325376270169,23.168,27.512,24.658141393868274,24.992714638470147,23.874252239599045,24.26248645543156,26.090242850537056,26.602537942835454,27.28377400580792,31.751603817760138,47.372323602044176,44.89773288017519,44.03061827656971,41.03132354207166,36.39241968298168,37.82264595944919,35.49173426664649,34.93754551077357,34.19818718190746,31.71314682807894,32.14798695097409,33.583399842779464,32.14664375949688,29.1030500807046,30.544269315208705,31.986101044047242,33.4284660132648,34.87129805441719,28.99582868276056,33.33516007161207,28.995333434882244,28.96,30.408,33.304,28.99582868276056,31.88857502303921,29.1030500807046,33.4284660132648,29.280879921887593,32.14798695097409
34.5023201646503,33.12875422917685,23.616121759037892,19.37198906099706,17.138041224130603,13.989244052255794,13.202057261838922,23.396266861821367,24.723999956704358,19.01491471092139,11.528,10.190401022530958,11.286867102965287,15.58506002555011,6.128512462253789,3.2253105276856675,4.576769275373186,0.0,4.576769275373186,6.128512462253789,4.559060539190065,10.494493079706137,13.677181617570193,13.04958485929725,16.87606189251509,20.043746156844033,24.017145958668777,20.22589874393719,28.66271447368515,23.29569850852298,26.121129121454445,24.834821286381732,20.896557384791947,18.355642954570136,16.593107183179406,16.906195072670275,12.272032914281715,10.360905036772003,9.30899303952526,9.949278727367393,10.426170917455748,6.128512462253789,11.019384057196662,12.364359465819488,4.576769275373186,5.968563059899761,8.806692057747902,5.792,11.584,5.968563059899761,8.806692057747902,10.237918587291071,7.2274195256675124,12.364359465819488,9.254258263091646,10.426170917455748,11.66028267238835,8.413225362487326,17.389192534445066,21.29938461552352,34.194256099176854,25.688430504519758,24.55493513557052,24.64442992135795,21.261260812587903,17.539980815424798,18.497984443290765,16.97886036970846,14.621737956252073,14.960481814580682,17.613384115495805,14.762072483225381,15.993050522023621,14.48,15.928,17.376,13.11142650515191,14.5515250403523,17.435649027208594,13.346870344766222,16.18663362160273,15.111542906004006,16.93885710430311,16.864866320252883,19.408211973285947,18.508516526183293,20.852341834911496,20.540110637481973,21.682258577002536,19.428873461938032,34.09926557542317,30.63149258974319,24.19684640936579,26.033258692181338,23.766332530057984,26.01412357459697,26.599933057312974,24.41732470049786,22.169464391717288,25.258500060815223,25.279556404335896,19.314018354552736,20.72781495961405,23.567871202126,23.566038975610645,19.04334266876485,20.475837174582143,21.910370238770497,23.346566085829412,21.909057122569198,18.8790745800741,23.21277029998789,20.272,20.475837174582143,19.314018354552736,19.686713082685998,21.51432102112451,22.038768114393324,22.85908871761952,27.28377400580792,45.25372898932975,42.66979309499867,41.68331718005843,38.28132770409958,33.327951290029695,34.59626499466496,32.10853391200079,31.414279143692955,30.381965019609048,27.703701213940263,28.109319451029048,29.528042535867495,28.10727058965349,24.992714638470147,26.42007617324371,27.849568632206854,29.280879921887593,30.713755761873212,24.784135651662336,29.1030500807046,24.78297480126226,24.658141393868274,26.103803879894592,28.99582868276056,24.616,27.512,24.658141393868274,28.99582868276056,24.784135651662336,27.662539073628075
33.713239878376775,32.55116085837436,26.08934129976981,21.538550636051347,17.427875602034806,16.012515692522772,14.531384944741703,20.636525163640332,21.80420476712354,16.86292768797775,13.677181617570193,12.90124211074267,9.675931583057004,12.435856263241385,5.764,7.2274195256675124,2.882,4.576769275373186,0.0,2.882,6.469403991095316,8.766414318294567,11.528,11.886193671651156,14.482568971007872,16.87606189251509,20.64961580756407,19.607971669706178,24.832653422459714,20.636390478957313,29.53162891337258,28.424781426784506,24.460974218784845,22.29735719631738,20.581089614503508,21.152496390639776,16.166212661697042,14.147602299796722,13.289410132265456,14.31490067277141,14.891106372597035,10.426170917455748,15.58506002555011,16.93885710430311,9.153538550746372,10.537761621900545,13.346870344766222,10.237918587291071,15.993050522023621,10.136,13.032,14.48,10.537761621900545,16.18663362160273,12.364359465819488,13.730307826119558,15.111542906004006,10.426170917455748,19.662043840862527,22.554016582418306,37.486958058791025,29.616700522056085,28.60657732539165,28.85204348228744,25.586766618006386,21.9756113390462,23.02423247022361,21.554405041358034,19.19779906026622,19.509250967225967,22.14603190190062,19.311782543307597,20.475837174582143,18.8790745800741,20.323150961403595,21.767748643348487,17.376,18.824,21.72,17.435649027208594,20.323150961403595,19.04334266876485,20.72781495961405,20.155768429906114,22.883846376865932,21.35627647788818,23.94798465424596,23.3205653447767,24.589696704107595,21.682258577002536,38.17195493024854,34.994181783047445,28.646670737294553,30.53148656557992,28.276739788795386,30.55343756873772,31.167579194700146,28.992990268117136,26.745739657616813,29.819558690382973,29.840402560957518,23.874252239599045,25.281834427113868,28.109319451029048,28.10727058965349,23.567871202126,24.992714638470147,26.42007617324371,27.849568632206854,26.41844175949823,23.346566085829412,27.662539073628075,24.658141393868274,24.658141393868274,23.346566085829412,23.567871202126,25.281834427113868,25.64877153003629,25.877615964381263,30.415540517965486,49.33254801437339,46.79990194198664,45.86884095402859,42.63348017653685,37.78291883516721,39.09734439895459,36.643177281101714,35.97229580808896,34.958260023840026,32.261270875092464,32.66063013782802,34.07445437567563,32.65842557442107,29.528042535867495,30.94947754001673,32.37326724320546,33.79911407122974,35.22676823099161,29.280879921887593,33.583399842779464,29.279405202291937,29.1030500807046,30.544269315208705,33.4284660132648,28.99582868276056,31.88857502303921,28.96,33.304,28.99582868276056,31.88857502303921
36.35601154634131,35.24639557781424,28.834064723884264,24.32893247573349,20.290585501655688,18.80546857837762,17.393283543145778,22.578742070864283,23.632236151635183,19.16813945613832,16.435465828506352,15.530465672348656,12.319298681337342,14.299862411925508,8.646,9.244419343582376,5.764,6.128512462253789,2.882,0.0,5.792,5.943096835825578,8.646,9.11812107838013,11.618583734689869,14.203599015742453,18.075827643568633,16.87606189251509,22.554016582418306,17.829290507476735,31.990356214313955,30.79555757276581,26.83804456595832,24.444925121965955,22.69243075829965,23.032310860094537,18.33302342286219,16.370857482030484,15.387663670124446,16.060714323415237,16.479702454838193,12.257024924507578,16.864866320252883,18.123313714660462,10.426170917455748,11.66028267238835,14.249797191539253,11.019384057196662,16.50422712519432,10.537761621900545,13.346870344766222,14.764021267933748,10.136,15.928,11.673283042914706,13.11142650515191,14.5515250403523,9.153538550746372,18.123313714660462,20.428374874179294,40.005443469014125,31.781185217250115,30.673789191081756,30.771623886981867,27.367754889701676,23.59225214267404,24.424632501695886,22.68100352027927,20.250558233252697,20.34292430557139,22.883846376865932,20.152195934934735,21.07552324380109,19.314018354552736,20.72781495961405,22.14603190190062,17.613384115495805,19.04334266876485,21.910370238770497,17.435649027208594,20.323150961403595,18.824,20.323150961403595,19.314018354552736,22.14603190190062,20.155768429906114,22.883846376865932,22.038768114393324,23.377590038325163,20.091613797801312,40.22344652095712,36.71434744563632,30.222382809368757,31.992577495307554,29.709144267098036,31.883722920430007,32.34395923919416,30.07826131192212,27.752785230465655,30.64378606649633,30.66312979785332,24.728718931638976,26.090242850537056,28.838575901039217,28.83557941155336,24.26248645543156,25.64877153003629,27.041525863012982,28.439799032341984,27.038863160273586,23.874252239599045,28.109319451029048,24.992714638470147,24.658141393868274,23.168,23.21277029998789,24.784135651662336,24.992714638470147,24.728718931638976,29.302861856822105,51.37971770771147,48.798228182789224,47.810225298726074,44.36518455176487,39.33575407981131,40.53719253632513,37.978856344738034,37.202041517797575,35.934046936854244,33.05249405435065,33.41485156333932,34.798045706619796,33.41183420586185,30.223085812008012,31.613284865701633,33.00845425038864,34.40798936293721,35.81137835939857,29.842815299498806,34.07445437567563,29.840402560957518,29.528042535867495,30.94947754001673,33.79911407122974,29.280879921887593,32.14798695097409,29.1030500807046,33.4284660132648,28.99582868276056,31.88857502303921
38.949478739271136,37.61371057598124,27.714145422637497,23.645777020792185,21.689065724461255,18.374463820352315,17.73024357199894,26.978910472280393,28.19704609771394,22.930681568911783,15.917000502607268,14.41,15.350351136048975,18.853348588513395,10.406756459147106,7.205,8.171349949671718,4.559060539190065,6.469403991095316,5.792,0.0,7.217619552179236,10.406756459147106,9.11812107838013,13.612949129413508,17.389192534445066,21.469154641019287,15.851,26.645210601532128,20.043746156844033,29.5167073493945,28.055532463496416,24.20932836995617,21.23440747587317,19.4491822471597,19.247411079455976,15.438847016251367,13.768721281822268,12.531593644102085,12.334635517426662,12.416326711229857,9.11812107838013,12.257024924507578,13.322605300766064,6.450621055371335,7.217619552179236,9.254258263091646,6.128512462253789,11.019384057196662,5.213085458727874,7.792530012775055,9.153538550746372,4.344,10.136,5.968563059899761,7.382010633966874,8.806692057747902,4.085674974835859,13.322605300766064,16.826450724974652,37.628786256700934,28.443801277425447,27.119557230292013,26.891486169302897,23.2757513598132,19.289489603499312,19.7574126934172,17.681957066732423,15.215301187585823,15.06667788195073,17.481796503792168,14.886270486592672,15.58506002555011,13.730307826119558,15.111542906004006,16.50422712519432,11.937126119799522,13.346870344766222,16.18663362160273,11.673283042914706,14.5515250403523,13.032,14.5515250403523,13.730307826119558,16.50422712519432,14.891106372597035,17.481796503792168,16.864866320252883,18.123313714660462,15.36022867668317,36.50717608942518,32.38083805229392,25.72523940949876,27.299328142387882,25.00212731371689,27.012125858281085,27.280145220776475,24.9333362370991,22.54817940105251,25.246660616139685,25.26464234854711,19.408211973285947,20.71463955756894,23.377590038325163,23.373893471135695,18.810566206257587,20.155768429906114,21.51432102112451,22.883846376865932,21.510974152743525,18.307077101492744,22.471806691941794,19.314018354552736,18.8790745800741,17.376,17.435649027208594,19.04334266876485,19.314018354552736,19.408211973285947,23.94798465424596,47.57106201195806,44.900030012240975,43.80115368842974,39.99062010412136,34.71054611915682,35.7423872624507,33.06411687745579,32.16412848554113,30.63928226283344,27.61534685045613,27.947802507531787,29.302861856822105,27.94419483542154,24.728718931638976,26.090242850537056,27.460615652239117,28.838575901039217,30.223085812008012,24.26248645543156,28.439799032341984,24.259518729768732,23.874252239599045,25.281834427113868,28.109319451029048,23.567871202126,26.42007617324371,23.346566085829412,27.662539073628075,23.21277029998789,26.103803879894592
42.24316100986012,41.16351776445064,34.06780709985864,29.71909192926257,26.189391821880857,24.242006472417668,23.05994099276496,27.85188279166966,28.762722459880965,24.833065234907725,21.808141621880576,20.636390478957313,18.23624215676026,19.632708855377036,14.482568971007872,13.677181617570193,11.618583734689869,10.494493079706137,8.766414318294567,5.943096835825578,7.217619552179236,0.0,3.2253105276856675,3.2253105276856675,6.450621055371335,10.214187437089647,14.299862411925508,10.982618312588306,19.662043840862527,12.90124211074267,36.48867183263287,35.105480572552274,31.211561269968232,28.37605809363694,26.590472782765183,26.460255629574192,22.465893575934473,20.67956073480096,19.512414762312012,19.52182049361164,19.632708855377036,16.12655263842834,19.428873461938032,20.428374874179294,13.612949129413508,14.435239104358471,16.342699899343437,13.312734993231107,17.64703853341971,12.257024924507578,14.454839051335025,15.639256376183619,10.426170917455748,15.58506002555011,11.019384057196662,12.364359465819488,13.730307826119558,7.792530012775055,14.764021267933748,15.639256376183619,44.589016769315975,35.6248544998753,34.3243964218832,34.10876593569449,30.48530550273331,26.482938659463226,26.85984102180568,24.641435874206532,22.182084012238494,21.843075483463203,24.06551360349494,21.676278670472936,22.073462800385446,20.091613797801312,21.35627647788818,22.642913968833604,18.123313714660462,19.408211973285947,22.038768114393324,17.481796503792168,20.155768429906114,18.307077101492744,19.314018354552736,17.435649027208594,20.323150961403595,17.435649027208594,20.323150961403595,19.04334266876485,20.475837174582143,16.50422712519432,43.72457157799309,39.5390146677843,32.856629336652105,34.35417308173101,32.06112044775198,33.9780294940123,34.111921670937114,31.71287177726948,29.292974294913257,31.73083998940984,31.746612811448088,26.065427293639363,27.28377400580792,29.78221274519407,29.777375572739786,25.297299480379323,26.550916839160188,27.823414905435314,29.112317959928923,27.818755130307323,24.589696704107595,28.499594383078506,25.26863259062508,24.26248645543156,22.471806691941794,22.14603190190062,23.346566085829412,23.21277029998789,21.910370238770497,26.42007617324371,54.78643680051484,52.1111448263201,51.0027261599174,47.12612855953848,41.769992618962625,42.716463538117544,39.974888507189114,38.9890214919804,37.21599392830577,34.01328166027214,34.291408034666645,35.581721951024235,34.28678674066732,31.057338005695208,32.347019955476576,33.64958490085725,34.963593007584336,36.28780120095457,30.415540517965486,34.394762639099575,30.411277924480583,29.82959818703564,31.17012005110022,33.87771420860622,29.302861856822105,32.0373849276123,28.838575901039217,33.00845425038864,28.439799032341984,31.249935823934102
44.46303814338249,43.476090822747196,37.19305114718289,32.79529568596624,28.901729775222798,27.295635281112766,26.005631936414577,29.34741810656918,30.121942061006838,26.763153368203206,24.879174926030004,23.772387343302313,20.636390478957313,21.29938461552352,17.292,16.87606189251509,14.41,13.677181617570193,11.528,8.646,10.406756459147106,3.2253105276856675,0.0,2.896,3.2253105276856675,7.2274195256675124,11.286867102965287,9.244419343582376,16.864866320252883,9.675931583057004,39.70958740711557,38.330561636750296,34.43509624353167,31.59702725025869,29.81128970239671,29.65360267414448,25.69106427969098,23.900356363204576,22.736899434812827,22.7312147167609,22.820129557038012,19.351863166114008,22.554016582418306,23.509879795524263,16.826450724974652,17.617792029650026,19.428873461938032,16.46005640938086,20.540110637481973,15.350351136048975,17.399074917937448,18.508516526183293,13.322605300766064,18.123313714660462,13.64188700290396,14.891106372597035,16.173509977738288,10.426170917455748,15.928,15.58506002555011,47.80791820509725,38.83811496214971,37.52582660694978,37.28164689570563,33.639251491645624,29.618677409357492,29.926174777991577,27.63341529176082,25.186207669245455,24.76240588679152,26.888893636592783,24.602444126549706,24.87171252648277,22.85908871761952,24.06551360349494,25.297299480379323,20.852341834911496,22.073462800385446,24.589696704107595,20.091613797801312,22.642913968833604,20.71463955756894,21.51432102112451,19.314018354552736,22.14603190190062,18.8790745800741,21.767748643348487,20.272,21.72,17.435649027208594,46.90500248914196,42.634094870663056,35.93529665539452,37.37988939871914,35.092478696769824,36.95159800694354,37.01275329522106,34.593320860126724,32.16419858622877,34.47055764691361,34.485247990988846,28.90967810267005,30.082565050208068,32.49497511923959,32.489654784254014,28.071523382246287,29.278006369969933,30.50551256740329,31.751603817760138,30.50031765408354,27.28377400580792,31.057338005695208,27.823414905435314,26.602537942835454,24.728718931638976,24.26248645543156,25.281834427113868,24.992714638470147,23.168,27.549711885970783,57.94887206948132,55.2634320123132,54.13954145596242,50.19869115185319,44.79096356403903,45.682819371805174,42.907783457716015,41.876251781335135,39.980672497557364,36.703838292789946,36.95578472986333,38.211015492917745,36.950716704821836,33.729732640505766,34.98084801716505,36.246627429320924,37.52558700406964,38.816423946571895,33.014175758301164,36.88374461737853,33.00937565298683,32.347019955476576,33.64958490085725,36.28780120095457,31.731318299118932,34.394762639099575,31.17012005110022,35.24274677149896,30.6664176094959,33.41485156333932
45.455759857156735,44.362428565856526,36.65066877479781,32.41539003134264,29.26221153638255,26.993564520382854,25.958114121933775,31.01475684099646,31.894199928539184,28.054925694294727,24.539757802390795,23.237167469379738,21.43380218253402,22.820129557038012,17.532828636589134,16.11338006130309,14.698126275141332,13.04958485929725,11.886193671651156,9.11812107838013,9.11812107838013,3.2253105276856675,2.896,0.0,5.213085458727874,9.704105986642974,13.64188700290396,7.765232836174328,19.408211973285947,11.277008291209153,38.63147780060845,37.15129078760383,33.32108205477861,30.276363113327175,28.495408681079272,28.123603617047312,24.55143768717453,22.882888231338924,21.64971369156663,21.34056350905925,21.29938461552352,18.23624215676026,20.81351291829421,21.65285865653771,15.530465672348656,16.12655263842834,17.617792029650026,14.853032047363259,18.385537386761367,13.612949129413508,15.350351136048975,16.342699899343437,11.277008291209153,15.639256376183619,11.286867102965287,12.435856263241385,13.64188700290396,8.171349949671718,13.032,12.938807982190632,46.743504908225155,37.410097653727306,36.01521021803065,35.63234450793331,31.931108996536747,27.867979106486786,28.00152607609898,25.579887943428226,23.166104150108072,22.613602894062133,24.608884107167476,22.464159565850668,22.573734205930574,20.540110637481973,21.682258577002536,22.85908871761952,18.508516526183293,19.662043840862527,22.073462800385446,17.64703853341971,20.091613797801312,18.123313714660462,18.810566206257587,16.50422712519432,19.314018354552736,15.993050522023621,18.8790745800741,17.376,18.824,14.5515250403523,45.26716879269581,40.73778236165648,34.017002950160204,35.35156950655418,33.080686263245454,34.83640850210001,34.79359714793654,32.354223191318674,29.920737086863497,32.07816472895335,32.09178750085449,26.645210601532128,27.762774789274935,30.082565050208068,30.07681798329072,25.733406012418957,26.888893636592783,28.071523382246287,29.278006369969933,28.065877948141942,24.87171252648277,28.52359647730279,25.297299480379323,23.94798465424596,22.038768114393324,21.51432102112451,22.471806691941794,22.14603190190062,20.272,24.658141393868274,56.224996511656904,53.5073164384073,52.336075929736296,48.23911095116849,42.73878604296608,43.53918125094832,40.719924030751244,39.62957584084147,37.600828468501966,34.26156649443118,34.49067829138766,35.7151473887481,34.485247990988846,31.278512752367238,32.49497511923959,33.729732640505766,34.98084801716505,36.246627429320924,30.50551256740329,34.291408034666645,30.50031765408354,29.78221274519407,31.057338005695208,33.64958490085725,29.112317959928923,31.731318299118932,28.499594383078506,32.51985928628843,27.947802507531787,30.6664176094959
46.80004407876991,45.89892163996103,40.33405363561598,35.89768333973589,31.710266160976953,30.384762447488644,29.010862831614126,31.10658740528547,31.75175333346436,28.925021753816377,27.98494068244562,26.929490229114997,23.237167469379738,23.29569850852298,20.22589874393719,20.083398342909998,17.352520508560133,16.87606189251509,14.482568971007872,11.618583734689869,13.612949129413508,6.450621055371335,3.2253105276856675,5.213085458727874,0.0,4.576769275373186,8.432433160126442,8.432433160126442,14.249797191539253,6.450621055371335,42.931162900358615,41.55567831894435,37.658935270312625,34.818800168496935,33.032983526007335,32.8531951433897,28.916266174615522,27.122225063442446,25.96158928034052,25.944556762723455,26.016891147867764,22.577173693799672,25.703919156424377,26.625469986462214,20.043746156844033,20.81351291829421,22.554016582418306,19.632708855377036,23.51976991809231,18.48883868716475,20.428374874179294,21.47904290232691,16.342699899343437,20.852341834911496,16.479702454838193,17.64703853341971,18.853348588513395,13.322605300766064,17.613384115495805,16.18663362160273,51.02762904306056,42.05322039379421,40.73102492379896,40.46281914123336,36.80556868520553,32.77180676920752,33.022811357743656,30.67272689917231,28.23916638979824,27.749572970194393,29.793984510300064,27.595374847970447,27.762774789274935,25.733406012418957,26.888893636592783,28.071523382246287,23.70635096340219,24.87171252648277,27.28377400580792,22.85908871761952,25.297299480379323,23.3205653447767,23.94798465424596,21.51432102112451,24.26248645543156,20.72781495961405,23.567871202126,21.910370238770497,23.346566085829412,18.8790745800741,50.09117300816368,45.74717112546014,39.037651774360974,40.43647253150822,38.1556540214059,39.96423348742645,39.96335657701496,37.52991761117819,35.09698355053141,37.2880374724235,37.301775949678316,31.82668270492544,32.95940490967639,35.29407706683942,35.28836204756463,30.93335974316401,32.0976227312865,33.284161894210285,34.49067829138766,33.27853471834359,30.082565050208068,33.729732640505766,30.50551256740329,29.112317959928923,27.181652635555476,26.602537942835454,27.460615652239117,27.041525863012982,24.784135651662336,28.99582868276056,61.117879110399564,58.423691054651975,57.286185755208265,53.289308962569024,47.838622540808515,48.68212167018432,45.87994450025301,44.80962380566744,42.80985165405491,39.47461738314307,39.703458803988354,40.925661008711884,39.69801558012692,36.491598211095116,37.70669717702679,38.93772838777321,40.183227595602624,41.44189035263715,35.7151473887481,39.47944772916663,35.709903290263895,34.98084801716505,36.246627429320924,38.816423946571895,34.291408034666645,36.88374461737853,33.64958490085725,37.62113241251517,33.05815217158999,35.74005283991617
47.248492569898424,46.52717702764529,42.96244736044397,38.38336033338288,33.340108713080106,32.86242499633936,31.216990128808412,30.69371475990915,31.1179126776958,29.248106096038125,30.550464742782555,29.728752025606457,24.539757802390795,23.461659617341653,22.37756664608554,23.26326142225118,19.607971669706178,20.043746156844033,16.87606189251509,14.203599015742453,17.389192534445066,10.214187437089647,7.2274195256675124,9.704105986642974,4.576769275373186,0.0,4.085674974835859,11.937126119799522,9.704105986642974,4.559060539190065,46.13991705318265,44.87847735141574,40.93741605047577,38.32224984050686,36.54355650942059,36.5642527730363,32.29392462143946,30.404356070211904,29.325051853572596,29.58127342915861,29.76444375425148,26.016891147867764,29.633801797946887,30.642562311268946,23.676902014410587,24.589153564122533,26.556887336433086,23.509879795524263,27.762774789274935,22.471212361597228,24.608884107167476,25.733406012418957,20.540110637481973,25.297299480379323,20.852341834911496,22.073462800385446,23.3205653447767,17.64703853341971,22.14603190190062,20.323150961403595,54.1834594510323,45.62598285534949,44.38931511191255,44.25308687324809,40.66072772178115,36.67794110412445,37.073567407895816,34.830020537807215,32.37613726632265,31.98182507622026,34.115984816505005,31.82034493841951,32.0976227312865,30.082565050208068,31.278512752367238,32.49497511923959,28.071523382246287,29.278006369969933,31.751603817760138,27.28377400580792,29.78221274519407,27.823414905435314,28.499594383078506,26.090242850537056,28.838575901039217,25.281834427113868,28.109319451029048,26.42007617324371,27.849568632206854,23.346566085829412,53.84670205079854,49.750493106818666,43.070710491339675,44.559543338790746,42.26810692419499,44.15791387905332,44.237256934692724,41.81968356001053,39.3910036780439,41.68471508493072,41.69915610656887,36.13709762833756,37.30756878972416,39.703458803988354,39.69801558012692,35.29407706683942,36.491598211095116,37.70669717702679,38.93772838777321,37.70134788041404,34.49067829138766,38.211015492917745,34.98084801716505,33.64958490085725,31.731318299118932,31.17012005110022,32.0373849276123,31.613284865701633,29.280879921887593,33.4284660132648,64.93996405222417,62.28042014517074,61.18955953194011,57.340278242110394,51.9743581308725,52.892846735452004,50.12721093999187,49.10249479601042,47.19854894044786,43.90379747892379,44.14692560077089,45.388063981624065,44.14170386380661,40.925661008711884,42.1621658006322,43.41175104738347,44.6733191177911,45.94588296028274,40.183227595602624,43.99417565996663,40.17820802375337,39.47944772916663,40.75984898156518,43.35230680136871,38.816423946571895,41.42927911513788,38.196278679997086,42.187100125512295,37.62113241251517,40.31153685981223
49.699283690379865,49.10539680247867,46.6718227010818,42.04438262877991,36.60954630967174,36.541335582769086,34.7853546819211,32.66618153459888,32.911414340039,31.770812591160944,34.27608244826121,33.54695993678116,27.721471407556994,25.978386170045283,25.9920055594023,27.225898258827016,23.29569850852298,24.017145958668777,20.64961580756407,18.075827643568633,21.469154641019287,14.299862411925508,11.286867102965287,13.64188700290396,8.432433160126442,4.085674974835859,0.0,14.48,5.968563059899761,4.576769275373186,50.06300076004809,48.83825861598888,44.88853766032103,42.33647466192876,40.561156593170665,40.621286931825836,36.28490918785954,34.3738521610278,33.31775788911994,33.631182444466404,33.831024873627456,30.033787390204388,33.71734320791008,34.72823728610481,27.733258030747127,28.66271447368515,30.642562311268946,27.5922679749237,31.82668270492544,26.556887336433086,28.682463091582633,29.793984510300064,24.608884107167476,29.278006369969933,24.87171252648277,26.065427293639363,27.28377400580792,21.682258577002536,25.64877153003629,23.21277029998789,58.08044948803848,49.65072932866535,48.43278567928857,48.31905836699783,44.73584401542859,40.7586320069297,41.15912203388507,38.909213666593786,36.45691456435213,36.049252428557004,38.16052410541553,35.88911060475029,36.13709762833756,34.115984816505005,35.29407706683942,36.491598211095116,32.0976227312865,33.284161894210285,35.7151473887481,31.278512752367238,33.729732640505766,31.751603817760138,32.347019955476576,29.82959818703564,32.51985928628843,28.838575901039217,31.613284865701633,29.842815299498806,31.249935823934102,26.693740689532444,57.90460755911263,53.83537227288906,47.156355844932065,48.64272782579517,46.35178982942458,48.23392888923168,48.29786922333911,45.87572780609117,43.44542429131239,45.69844382277342,45.71250472244985,40.18591475878084,41.34319079364823,43.70975873875307,43.70415505418221,39.324087681725054,40.505994025576015,41.70468366982299,42.91875040119411,41.69915610656887,38.49692144834441,42.1621658006322,38.93772838777321,37.52558700406964,35.581721951024235,34.963593007584336,35.74005283991617,35.24274677149896,32.66063013782802,36.65601855084646,69.00638833200236,66.35199357064337,65.26668701336519,61.425941630809646,56.05710607057229,56.96718895303412,54.194650038601935,53.15866876162605,51.21715278389375,47.898059089884796,48.13102720698988,49.35694386811242,48.12563890484987,44.9163101000071,46.13675568351117,47.37002158538668,48.61513214010633,49.871200196105164,44.14692560077089,47.90518969798575,44.14170386380661,43.41175104738347,44.6733191177911,47.2285537466478,42.71255295577636,45.28582793766721,42.05112594211955,45.98101078706296,41.42927911513788,44.07753622878665
53.2209766501418,52.122402192278926,43.521640757858556,39.496739224976665,36.89479531044995,34.19656630065753,33.3737430043801,38.554276260528205,39.35525392671993,35.77120015060762,31.735051725182363,30.261,29.195001918136605,30.43815086367764,25.17241094929129,23.056,22.37756664608554,20.22589874393719,19.607971669706178,16.87606189251509,15.851,10.982618312588306,9.244419343582376,7.765232836174328,8.432433160126442,11.937126119799522,14.48,0.0,20.323150961403595,10.237918587291071,44.722864512219424,43.0840991970835,39.417076670931074,36.054668052588916,34.317865246591786,33.52947115988507,30.764232774298364,29.320491980645134,28.016465977137333,27.216647746122323,26.929490229114997,24.667586525641294,25.9920055594023,26.511158122571707,21.808141621880576,22.047189412712,22.795302695950323,20.636390478957313,22.577173693799672,19.230070852703587,20.083398342909998,20.64961580756407,16.435465828506352,18.81469364619047,15.530465672348656,16.12655263842834,16.826450724974652,13.288407617167678,12.435856263241385,8.806692057747902,52.78504989798332,42.85916385219933,41.308656371592384,40.61498665336704,36.8430452585749,32.77482209068898,32.44615224241548,29.726820898134545,27.510999313528224,26.583301025238818,28.022853530645303,26.475481865303227,26.016891147867764,24.017145958668777,24.832653422459714,25.703919156424377,22.025311462042936,22.820129557038012,24.589153564122533,20.81351291829421,22.554016582418306,20.5204099617917,20.428374874179294,17.399074917937448,19.662043840862527,15.639256376183619,18.123313714660462,16.173509977738288,17.481796503792168,12.938807982190632,50.14241693990073,44.987592503772774,38.32634154956429,39.301825478158996,37.133125012733686,38.51515995531653,38.10601647397386,35.653944980162954,33.27477899981301,34.76242435830014,34.770927626395014,30.033787390204388,30.89410922813603,32.73929457089752,32.73181279733831,28.870478208716943,29.76444375425148,30.70070227209795,31.67550372133015,30.693193056441682,27.733258030747127,30.642562311268946,27.5922679749237,25.560834102196274,23.51976991809231,22.573734205930574,22.85908871761952,22.073462800385446,18.810566206257587,22.471806691941794,60.777510344540374,57.9969728873856,56.70755458496523,52.199562308812844,46.48008238121134,46.95842893922721,44.026850805912254,42.736284289400245,40.20160718295421,36.65749405951497,36.771074773522734,37.811241555918265,36.76402154280731,33.71734320791008,34.72823728610481,35.769192121153644,36.83765943976354,37.93131435898313,32.68539979868687,35.89553286970399,32.67834665340338,31.685398040737947,32.75905494668611,34.987403004510064,30.72045735336634,32.95940490967639,29.793984510300064,33.284161894210285,28.90967810267005,31.278512752367238
50.862101235241845,50.49624423720009,50.364785224975385,45.652453779403274,39.43587224849984,40.24381659042775,38.25593552165345,33.326152727538066,33.28285347970893,33.34912158809894,38.115632291751375,37.62938729238094,30.550464742782555,27.721471407556994,29.706064094726518,31.797122401248828,27.225898258827016,28.66271447368515,24.832653422459714,22.554016582418306,26.645210601532128,19.662043840862527,16.864866320252883,19.408211973285947,14.249797191539253,9.704105986642974,5.968563059899761,20.323150961403595,0.0,10.136,54.34824891650372,53.25670284178297,49.29288896461854,46.99862602572992,45.246149834131785,45.511442817078304,40.88228697618583,38.90453069091714,37.94135705931768,38.51003986621021,38.81391226094066,34.77838506889013,38.8775184907679,39.967815902298184,32.68539979868687,33.72723813181269,35.89553286970399,32.75905494668611,37.30756878972416,31.82668270492544,34.115984816505005,35.29407706683942,30.082565050208068,34.98084801716505,30.50551256740329,31.751603817760138,33.014175758301164,27.28377400580792,31.613284865701633,29.1030500807046,62.25012972723875,54.33492948897493,53.21716425327825,53.247974294713224,49.752720347544155,45.85038509975309,46.40207629088529,44.27492902455972,41.8102797536907,41.5046814294673,43.70975873875307,41.337266298099586,41.70468366982299,39.703458803988354,40.925661008711884,42.1621658006322,37.70669717702679,38.93772838777321,41.44189035263715,36.95578472986333,39.47944772916663,37.52558700406964,38.196278679997086,35.74005283991617,38.45302278105065,34.798045706619796,37.579084195866194,35.81137835939857,37.21818528622802,32.66063013782802,62.754740211306185,58.98301079970006,52.357951265747474,53.94174343258115,51.64487649576756,53.615358853360235,53.77373657947848,51.374268401653836,48.95294863137591,51.32798103418675,51.342923183239186,45.71817743523904,46.91776912855086,49.35694386811242,49.35168941383871,44.9163101000071,46.13675568351117,47.37002158538668,48.61513214010633,47.364850944555926,44.14692560077089,47.90518969798575,44.6733191177911,43.35230680136871,41.42927911513788,40.84882011759948,41.66707712331164,41.19092347835867,38.62803670910547,42.60563447479688,73.90187396455184,71.29521653293526,70.26805030526009,66.61187985942246,61.35473347514397,62.353712909153224,59.629704729897234,58.6510533158566,56.83241230715089,53.56837941816405,53.82039146085803,55.07195563079271,53.81530504419723,50.594598960758645,51.84315179461989,53.101833678320375,54.369941143981386,55.64682981087063,49.871200196105164,53.6974269867747,49.86628890342653,49.17939340821519,50.462973356709774,53.05553497986803,48.520529933214874,51.129571883597855,47.89596930849192,51.86811093533289,47.30707017983676,49.97949764653502
51.761227028004726,51.011840240069006,46.650587442907025,42.15784550021436,37.528905393043374,36.633505485714736,35.13858946912437,35.252421320590514,35.66895709428843,33.76171888331989,34.26280480345998,33.28295810170725,28.82,27.98494068244562,26.299242954883702,26.511158122571707,23.461659617341653,23.29569850852298,20.636390478957313,17.829290507476735,20.043746156844033,12.90124211074267,9.675931583057004,11.277008291209153,6.450621055371335,4.559060539190065,4.576769275373186,10.237918587291071,10.136,0.0,49.37577693408661,48.0059898227848,44.1072587957834,41.26400418541548,39.478143097769525,39.26500679074023,35.366729404868835,33.56794567142484,32.411339529024275,32.378381674252395,32.42738066819459,29.027794749171008,32.04875691817079,32.92011281876172,26.484186980158555,27.225898258827016,28.870478208716943,26.016891147867764,29.633801797946887,24.832653422459714,26.625469986462214,27.5922679749237,22.554016582418306,26.645210601532128,22.471212361597228,23.51976991809231,24.608884107167476,19.428873461938032,22.038768114393324,19.04334266876485,57.46893473049638,48.48749794370477,47.14965129202629,46.84327674337406,43.16441757846134,39.11339440390798,39.278265035787555,36.84634327745135,34.4394716808405,33.85526070612978,35.769192121153644,33.71007850776975,33.72723813181269,31.685398040737947,32.75905494668611,33.86060130889586,29.64369538367307,30.72045735336634,32.95940490967639,28.682463091582633,30.93335974316401,28.90967810267005,29.278006369969933,26.550916839160188,29.112317959928923,25.26863259062508,27.947802507531787,26.090242850537056,27.460615652239117,22.883846376865932,56.47684561825784,52.01436989010831,45.29392282355756,46.61789825220896,44.3510253234037,46.07596393108999,45.97540170264031,43.525902856139716,41.094271981020626,43.09489870803952,43.107059479857824,37.811241555918265,38.8775184907679,41.08022127496395,41.07390801956882,36.83765943976354,37.93131435898313,39.04804057824157,40.18591475878084,39.04176780065165,35.89553286970399,39.324087681725054,36.13709762833756,34.49067829138766,32.49497511923959,31.751603817760138,32.347019955476576,31.731318299118932,28.838575901039217,32.66063013782802,67.47190274929278,64.76345390564907,63.60312181816967,59.51344327465965,53.995892008704814,54.75785521199615,51.91500676615956,50.782693885897444,48.61643361264464,45.197439416299645,45.38776972930042,46.55084902555484,45.38173818839468,42.2129868642341,43.36451715400507,44.53335653193008,45.71817743523904,46.91776912855086,41.34319079364823,44.9163101000071,41.337266298099586,40.505994025576015,41.70468366982299,44.14692560077089,39.703458803988354,42.1621658006322,38.93772838777321,42.71255295577636,38.211015492917745,40.75984898156518
30.56544347870953,28.55068446178606,7.667774950662845,11.068055766053332,19.690710877623676,15.030614900414685,17.560969111860075,34.02665067175403,35.583345824841594,29.30359663374853,16.631068059913872,16.763817302214893,26.002534173213952,31.533041791410344,24.888171515682693,22.895824218532063,27.156273121243856,26.121129121454445,29.53162891337258,31.990356214313955,29.5167073493945,36.48867183263287,39.70958740711557,38.63147780060845,42.931162900358615,46.13991705318265,50.06300076004809,44.722864512219424,54.34824891650372,49.37577693408661,0.0,2.0427563706964573,5.3184547041559,8.840545072342856,10.477665495532674,11.852721155960927,14.080557895864375,15.80925152522583,16.995167024549055,17.506219175759355,17.850789471147973,20.4049310814983,19.10120746109521,19.038470920207203,23.11716463760743,22.698830749402564,22.12429376060568,24.09330622000226,23.361420133243257,25.492956945626677,24.982760272778656,24.850596599576907,28.30471053151979,27.684385207264967,29.462620351925242,29.2791125294032,29.166423692616675,31.43565895932362,36.330340290573766,42.12273231883487,8.112100884718156,5.285767891705188,6.780140952531693,8.887542123184136,10.965813336412559,13.749511327556412,15.437493724828677,18.11122934229114,19.174454904996757,20.69690163842043,21.254905603917777,20.67878969246661,22.326837146010075,23.527657589684857,23.743170474164383,24.04410581978476,24.838680648747335,24.959048877676235,25.446462895533895,26.277680026806614,26.583792141204825,27.824807372554865,29.432460193608268,32.12889349140601,32.50898568084928,35.00087429513245,35.35009977976321,36.57698482860794,36.773043111224716,37.79516357098405,11.600990194496323,13.605075420894995,13.294351871402869,15.052760209603425,14.925833585042307,16.59451503544338,18.535528684257883,18.87602863048424,19.21483528795857,21.82249278033154,21.844734245537143,20.332258544452344,20.884645891808443,22.232499882869295,22.24106371042409,21.687445694208236,22.20614773541344,22.80513323255936,23.478258331114752,22.814113738739522,23.05304374610883,24.74522457936754,24.88897365679347,27.611969689431998,28.58955310674008,29.987078585015368,31.749139764605268,33.13874069745583,37.02473481563058,39.47777107324921,21.612170898742935,19.64806010635768,19.315234684368146,18.72207258590509,17.31638060528076,19.502050473158633,19.218924831483736,20.078903901689888,22.404041733539696,23.105609316138032,23.66677915019987,24.658559971176565,23.674215494366337,23.0137344112067,23.857353165373045,24.7569795525446,25.706734158054523,26.701268388986,24.219342162212733,26.79143042641925,24.227798469933155,25.449441251059152,26.214793314060046,27.90839066507489,26.700646943695716,28.21702699129445,27.970126857643375,30.224695299638526,29.255502177427058,30.645725194046094
31.745278526735042,29.73146588002959,8.642042314419045,11.298151446095583,19.80393551723559,14.602291090184353,17.19389108509698,34.17870666605091,35.755957656101046,29.332608656162098,15.953615768792956,15.85056928078614,25.52284600695458,31.19758624045263,24.020978519751303,21.61630632572668,26.15687060990694,24.834821286381732,28.424781426784506,30.79555757276581,28.055532463496416,35.105480572552274,38.330561636750296,37.15129078760383,41.55567831894435,44.87847735141574,48.83825861598888,43.0840991970835,53.25670284178297,48.0059898227848,2.0427563706964573,0.0,3.963824139269172,7.055856650032586,8.767364384452254,9.94833236516186,12.639783074425225,14.475494761539766,15.596209694141718,15.895410036767426,16.161095309463132,18.981244965373197,17.311152128852466,17.175755876422595,21.62087258860209,21.119164315634208,20.38904767729825,22.490793225657633,21.494132676431846,23.870597404501993,23.227130348887297,23.03555465237148,26.649645166584815,25.814057160734055,27.73774489628887,27.50138683466329,27.339778194564477,29.81034439022376,34.4562205743582,40.27658749800873,9.711062229372734,3.669309296852022,4.911660964009705,7.025692378643676,8.926649722657404,11.75004059644673,13.403828810313204,16.096485170798935,17.217855256171475,18.72439544000821,19.22950420701905,18.711780983772744,20.330600450505667,21.569403499133657,21.752011245092515,22.02848671844762,22.923598974392682,23.004538852951807,23.43552575969554,24.364194886499067,24.60167141199336,25.87676515513539,27.4580830962533,30.188597855475486,30.518297794536366,33.064773211632335,33.36606490632457,34.6176745314211,34.79206265603684,35.89013018499024,11.267597111212567,12.288973344547767,11.363931401968513,13.20774634734514,12.962602084350099,14.718608692170035,16.653184106675646,16.9024728326812,17.188526267753186,19.843035970818892,19.865596135403617,18.291001050172877,18.84281744632732,20.21420523077772,20.22269142437033,19.648701584225748,20.16339564270233,20.76648698606337,21.450520917696412,20.775441200504968,21.017497245735164,22.71097893462678,22.848258552922744,25.57606619396867,26.569148962445244,27.970488074346065,29.722394613218114,31.115192303316835,35.02549451128114,37.445759946660075,21.832999382444843,19.680262130957985,19.185195229436815,18.023712988826087,16.049307401261057,18.20892060198439,17.69311708994308,18.45167717268426,20.620810141583284,21.184194181287207,21.749720602298485,22.77502676565363,21.756945594714054,21.01631192693412,21.88492743667169,22.812455782019114,23.79200783256363,24.817424173410128,22.208019306969344,24.850963587621692,22.216392526061092,23.427757854034034,24.21000867338641,25.946755245344825,24.671370383417766,26.21830063890807,25.935422825246423,28.231550202192036,27.21706743300687,28.6267625038045
30.486065618518403,28.497087184577055,7.899209063531037,8.817358482637298,16.82731450286138,11.063949761503322,13.676368229838749,31.1151541745964,32.71103739211283,26.143189585220803,12.175499208109327,11.937469504163136,21.837096751975363,27.61231083685838,20.107014968598417,17.674426557701803,22.203822448843102,20.896557384791947,24.460974218784845,26.83804456595832,24.20932836995617,31.211561269968232,34.43509624353167,33.32108205477861,37.658935270312625,40.93741605047577,44.88853766032103,39.417076670931074,49.29288896461854,44.1072587957834,5.3184547041559,3.963824139269172,0.0,3.892025120854098,5.3090280088035815,7.1048146905137175,8.770481480856033,10.546872119503597,11.70197549064924,12.203990066513477,12.59321078007062,15.10526116779981,13.950686397000002,14.025632069444887,17.801308809740615,17.384178650133254,16.894852332581923,18.782916454478066,18.33096611027097,20.187600048843272,19.767791068605945,19.714686397,23.010444848467507,22.643032926804768,24.211509315210375,24.0812597536034,24.037686397,26.128733695238136,31.27622351405759,37.006686396999996,13.425551138625513,6.072017773704564,6.149191663749824,7.8390627146833465,7.9207936413351385,9.43471743178567,11.460541258581028,13.803407477696496,14.467425043257677,16.048499219130807,17.00945649171645,16.00257103941535,17.801308809740615,18.782916454478066,19.169634282789616,19.655666219589275,19.926255938636764,20.187600048843272,21.00205846416148,21.352982998359057,21.934227383890477,23.010444848467507,24.725647237646154,27.267927162012647,27.876282315129952,30.116620794922113,30.668519887747028,31.775032923685366,32.07059483859457,32.81173833397802,14.674694477578747,14.266216100451832,11.32996863599111,13.522837315594586,12.604299658056176,14.809861630872332,16.6374516513686,16.302296105885073,16.021891087691298,19.11724793697674,19.141915982451362,16.43481046277811,17.244133696635526,19.09069603098433,19.09800483493972,17.674426557701803,18.429392451830715,19.263776009484612,20.167722581977245,19.271766910990152,18.94256253361062,21.287845248867928,20.896557384791947,23.45850726129459,24.20932836995617,25.559571814107503,27.420830704350898,28.764700793034976,32.42817906237242,35.186025358051495,25.543073301601222,23.271785460030205,22.648690493322796,20.875139409010753,17.984886466837807,20.02921247877312,18.955323576983105,19.392875001172293,20.950841518129586,20.830750559088504,21.410689614099002,22.601664313746607,21.416533881074848,20.107014968598417,21.173635373913495,22.283335184559803,23.42999417301338,24.608446414746318,21.132307260296844,24.31557085785968,21.139591856786993,22.203822448843102,23.174134619004633,25.25237231112651,23.315188494539413,25.216125605173822,24.460974218784845,27.258243445461723,25.63656503762177,27.376786570527425
32.98228931656161,31.03385671217121,11.318033534800858,10.935369852359177,17.776972746581297,11.289851879995387,13.77090687776342,31.6135528680277,33.22023092092658,26.50492570875606,11.607880907479895,10.728812117827317,21.20655697255984,27.147461136111943,18.607612135452907,15.201700896792051,20.332283680438117,18.355642954570136,22.29735719631738,24.444925121965955,21.23440747587317,28.37605809363694,31.59702725025869,30.276363113327175,34.818800168496935,38.32224984050686,42.33647466192876,36.054668052588916,46.99862602572992,41.26400418541548,8.840545072342856,7.055856650032586,3.892025120854098,0.0,1.7858610970484212,3.2193869559730044,6.131811920815255,8.157439645302741,9.057285228278957,8.940062970957065,9.125398877215853,12.305373717721796,10.266923149887425,10.217147504265478,14.78447674458431,14.16995105035223,13.333463806746778,15.511164395639558,14.538134046068372,16.868843797004413,16.172558095866663,16.010578363144983,19.619890859178863,18.860043424101292,20.682379979670916,20.45371403392832,20.32588010246888,22.797531257709075,27.50489056139025,33.28377528455181,16.7652405835093,7.336304038983234,6.364892283170618,7.08815739601529,5.334556459463963,5.671093861136987,7.81605920385876,9.977219202481901,10.575786887884904,12.15659833038448,13.181370789716537,12.11061613197794,13.915827603019029,14.896252879764774,15.279364057974544,15.786481247394821,16.07771164808146,16.305214503252582,17.122343890762338,17.510209706854805,18.042595941118904,19.137456630269195,20.838028183415926,23.408605270134494,23.984941963853412,26.265464910625976,26.780389976394524,27.903774462762673,28.184652799474932,29.00053677247124,15.903295845616551,13.776905183932643,9.155907380310676,11.469468595753428,10.031940025556104,12.475704340459487,14.124327709735608,13.349278474069555,12.692946800033239,15.997664331057324,16.02319125284774,12.735508781161368,13.65042212069877,15.72246572232582,15.728961691932826,13.917469886952022,14.759295654347477,15.689839271664459,16.694271847819188,15.697266764862103,15.144362455824751,17.730043955615745,17.126040479071523,19.631035753855485,20.33480559902421,21.67775068795848,23.550779884893117,24.88705915382258,28.536329224081612,31.31554179954459,27.052352255539088,24.5655780912325,23.718751848467786,21.084526182947148,17.235597798006136,19.074836087812606,17.48173724447311,17.60012628109649,18.575471639820265,17.931137270163475,18.50917401520674,19.796232239581055,18.51391396333537,16.84983657333015,18.0230814431428,19.233807341875462,20.475366492998518,21.7424775308802,17.76006128049992,21.230718715149152,17.76662332025116,18.73700944191176,19.79873720681484,22.05445903442119,19.770792370703518,21.838190934276504,20.852959049128888,23.87822316629356,21.976363057699615,23.853362143737144
32.957410051297884,31.040706322034133,12.092750103758396,10.991789518136,17.11111562944088,10.465149599321352,12.820351203999998,30.65020918419343,32.254800331096035,25.51330175086917,10.450489270482988,9.357529058636798,19.892069335490664,25.85486219427518,17.049529780032763,13.453809686599259,18.6769358761073,16.593107183179406,20.581089614503508,22.69243075829965,19.4491822471597,26.590472782765183,29.81128970239671,28.495408681079272,33.032983526007335,36.54355650942059,40.561156593170665,34.317865246591786,45.246149834131785,39.478143097769525,10.477665495532674,8.767364384452254,5.3090280088035815,1.7858610970484212,0.0,2.4777309977947444,4.4274520285658046,6.475144852569601,7.310625331806538,7.1648701378569255,7.3943543691786955,10.527740890843393,8.64866444185136,8.733523556875316,12.999030589422276,12.39662056189057,11.647284470510373,13.746867947117556,13.027512376447625,15.11388491935439,14.505604142433782,14.411598822744965,17.882804068587454,17.335927483653595,18.989510774273253,18.80664086265785,18.73422989150459,21.049234861741084,25.96730563070601,31.702726769597344,18.47540990470624,9.096174045037456,8.029314236412704,8.516650439665641,6.1123695234977795,5.145805712554249,7.397088511423496,9.137558785808976,9.37224197045848,10.976929801523811,12.292392569451401,10.908749923799705,12.806305516844118,13.610524490261207,14.117423206476177,14.749586674937845,14.657341601028751,14.989980516998681,16.03132702185019,16.076186233346764,16.80359717413959,17.778208005870557,19.545638029768998,22.005900138371985,22.728034914649,24.84259295846551,25.48447282329976,26.530859786119862,26.872573194271965,27.509983711540947,17.592961305720465,15.105643848763778,9.92428964050708,12.223409541046676,10.531641902726747,13.049515607951117,14.554909561705612,13.490188132093438,12.519065111746155,15.960220574999164,15.986120121382301,12.105814271343174,13.16002371817802,15.460834985359362,15.466429401917951,13.173647641115046,14.148515019711718,15.198992412451558,16.31047735182855,15.205630876545703,14.307068433898541,17.238877180504307,16.328743652314714,18.699922707407325,19.256445341034677,20.56022159832564,22.481618808773714,23.783211163823275,27.28694316284358,30.230675537349676,28.752094858866695,26.236918215625447,25.35371917125333,22.54122299513609,18.436200619283678,20.183504742139586,18.399227704070878,18.370430262947988,19.023960456598747,18.042307941573334,18.612454935251503,19.955435645646027,18.6163282823646,16.680921063756163,17.934944790158013,19.216263156939956,20.519763712273104,21.841475314141945,17.47133024515489,21.167308657633356,17.477105610920365,18.34106309719434,19.48855337437892,21.890686850976607,19.279387244807964,21.510611676955357,20.27678257355599,23.53625898071994,21.32496219305591,23.36162782677543
35.422645035783034,33.51020520861213,14.407995826370902,13.46950141448463,19.370814926493225,12.672204632932079,14.90577486941373,32.639037365934975,34.238202124000004,27.488181742000002,12.366270571000001,11.012952068431273,21.49350223385842,27.458076035500753,18.197394526580688,13.927022232392849,19.518727201229815,16.906195072670275,21.152496390639776,23.032310860094537,19.247411079455976,26.460255629574192,29.65360267414448,28.123603617047312,32.8531951433897,36.5642527730363,40.621286931825836,33.52947115988507,45.511442817078304,39.26500679074023,11.852721155960927,9.94833236516186,7.1048146905137175,3.2193869559730044,2.4777309977947444,0.0,5.566373834652623,7.521940723942789,7.987581705096928,7.00361078061988,6.837643628728005,10.782803444111028,7.542289560860725,7.247342426452104,12.888149367319294,12.040290799674096,10.736724053149763,13.270863481353302,11.554511294133242,14.540151118221456,13.480528008705175,13.159371862663836,17.16028072441464,15.870291372443438,18.035850796874005,17.67888396911651,17.435233603822713,20.378471829711195,24.509487066159764,30.343075450914146,19.563559176985205,9.341398257887825,7.89171998962934,7.74064645163394,4.518778827881942,2.6689108920536384,4.919380253049976,6.7981189692319814,7.380906201670724,8.950300123003341,9.99253245938129,8.910341637615286,10.697358810725415,11.720180719554655,12.065682762504766,12.569493742859681,12.986075491565444,13.14012226347307,13.902961912908655,14.42536986259405,14.843652398429594,15.991311800444034,17.655004404570526,20.284430682151783,20.786718474828795,23.15268857171928,23.593993408318752,24.754573830413737,25.004007637812556,25.94654195981878,17.283321328120824,13.91675117071214,8.082908670939856,10.308725060277787,8.416986582999998,10.954103383000001,12.334999152908281,11.115964347214367,10.053999955678757,13.51639685619687,13.542339055115578,9.67544801950652,10.69638176228563,12.984197459116395,12.989749176074366,10.791458908700559,11.715539842643047,12.737565318024503,13.835847449915189,12.744355230098565,11.977054662068328,14.77920592106777,13.978388383664143,16.43619961562151,17.115971207564375,18.458481339974114,20.33287600917678,21.667737163916232,25.333876102526684,28.09728105453132,28.40140929979398,25.783823844296684,24.778064056904434,21.51826875429161,16.988436253638753,18.586157809216076,16.57951474488534,16.3973581328056,16.788462612185008,15.639453937547644,16.20545636310427,17.56631869125858,16.20901588426875,14.211540946839953,15.47707390013024,16.772153855020427,18.090436184980742,19.427198094147407,14.99363822038229,18.711097572372942,14.999406891064348,15.868315603229872,17.011036432566144,19.419048003516046,16.821137151920162,19.0338620341873,17.839586096199334,21.06055121222758,18.913063503401787,20.905530845603433
31.732681516103355,29.918100931648056,13.515160065601332,10.805177143276007,14.68421970382539,8.061606879027451,9.888630130079322,27.308547970027426,28.897533383993686,22.158467189087983,7.136645139644662,5.5416511250000005,15.940347198138872,21.90055361010798,12.715161966062947,9.089660180183513,14.254997854198848,12.272032914281715,16.166212661697042,18.33302342286219,15.438847016251367,22.465893575934473,25.69106427969098,24.55143768717453,28.916266174615522,32.29392462143946,36.28490918785954,30.764232774298364,40.88228697618583,35.366729404868835,14.080557895864375,12.639783074425225,8.770481480856033,6.131811920815255,4.4274520285658046,5.566373834652623,0.0,2.052870605506629,2.96897952617336,3.832477737550756,4.644644001558544,6.3421735923273,6.56682626869432,7.37100655170064,9.041724717951425,8.728555677614352,8.81122607252894,10.157851013733849,11.084025017348786,11.59004539323353,11.652432059497869,11.949656699805805,14.459684236428323,15.124686495435657,15.852976867428204,15.94172480948074,16.160250995674968,17.493219654346476,23.509299810611413,28.991238525513424,22.192316782324895,13.460877833921096,12.45544792873656,12.874219221055402,10.042569462446227,7.492720082804485,9.473628872013393,9.967176769876222,9.051076300551733,10.538383201053056,12.640738425947028,10.400074579983249,12.435730642435681,12.563952215334702,13.477449670142112,14.47839120735497,13.015558533048583,13.747731095319466,15.51679821848611,14.307513443195283,15.750842568294997,16.240487254673543,18.1974800895952,20.17499975884049,21.41965293727267,22.876047544740192,23.98091883046214,24.72798448339884,25.28745497184748,25.23119079487161,22.016707842196826,19.344482565255017,13.644810243749887,15.848290866851283,13.86867146785391,16.394175463182705,17.626350214554545,16.101497612340886,14.575751280345864,18.125457426344347,18.151117421889314,13.163415563417184,14.479105208444814,17.174477235747634,17.17783596152943,13.855101525980015,15.110685511822876,16.398024362075258,17.710194728495047,16.402420643893198,14.656231756328559,18.34372612969387,16.67838003635886,18.563829148029072,18.646713203543776,19.781456323921496,21.804450363107385,22.964017084064665,25.915843596055556,29.357145319686886,33.17342505977562,30.664150833383452,29.778005615166933,26.86681593710706,22.523503193892633,24.1495061044663,22.130070500948943,21.889991551451285,22.012677172474838,20.433839742833246,20.97272353194057,22.391618045358264,20.974787063215057,18.544861031110848,19.926225959905548,21.316437304277976,22.713870777329294,24.11727099054148,19.042063954918692,23.121597148320305,19.045849932812498,19.632663870784672,20.942399599979314,23.610369452620045,20.308514068321536,22.86732105750942,21.0614092278559,24.811106659905636,21.883398631456078,24.276774175067285
31.188220545547054,29.434454364592415,14.441174955130455,11.152817868521874,13.733519469201678,7.417970386437015,8.795363398600506,25.74637037811739,27.321952552931048,20.613793344891793,5.940474200436148,4.055187593417286,14.111201861015576,20.04743474499038,10.690628938735713,7.148362824951982,12.203121525637343,10.360905036772003,14.147602299796722,16.370857482030484,13.768721281822268,20.67956073480096,23.900356363204576,22.882888231338924,27.122225063442446,30.404356070211904,34.3738521610278,29.320491980645134,38.90453069091714,33.56794567142484,15.80925152522583,14.475494761539766,10.546872119503597,8.157439645302741,6.475144852569601,7.521940723942789,2.052870605506629,0.0,1.3369633494974074,3.4922577257082987,4.593033421700245,4.670017308861015,6.635025599393982,7.74988454523688,7.512369102274027,7.463189886951119,8.17352156713772,8.901795336928359,10.87336632603314,10.341067602159336,10.8648483961906,11.396870993044251,13.220741394345836,14.6210853925323,14.778346650012221,15.03495458815275,15.423799701360993,16.12410187018246,22.73759436807116,28.03869347196002,23.910815807399242,15.469102028251402,14.498511007313537,14.924070802577685,12.029715651644189,9.213119587650391,11.033419382727804,11.097421778724957,9.777579104712917,11.120253487501879,13.467746895302252,10.957750993102893,12.959908317881938,12.762625544138144,13.838424062723885,14.977074423920829,12.890165551763461,13.805083473552685,15.874774871837818,14.071426682598304,15.844443202697766,16.075778474944766,18.08874313674821,19.78265286484872,21.278663066341444,22.3770708144486,23.709944026813382,24.295474535941988,24.961587703639633,24.54182406298887,24.055500765429297,21.36997931810518,15.561824739399164,17.72709025801651,15.68448509149505,18.19045034981225,19.33039725870752,17.67450109752054,15.988619593963843,19.52153414134731,19.546793069000437,14.252984223100139,15.631543526594852,18.42065592055846,18.423137421576854,14.777834489390232,16.111548217216725,17.46347581999607,18.82969456670701,17.46691832082258,15.419928246515333,19.33771424981105,17.392945058828865,19.027846375330537,18.890817527443364,19.925300293522085,21.966400535335538,23.04307447826048,25.692120318229506,29.348431451406654,35.208728587103536,32.708318045221496,31.82837495526296,28.90802351034256,24.508657201121917,26.098789727343615,24.014240496625277,23.710293427328864,23.659855666832357,21.88576844832177,22.40871194181851,23.84341445035269,22.41010885297301,19.826708811688675,21.238399376209625,22.654673730232123,24.07472291809726,25.497916254922586,20.207305986582266,24.389118813828176,20.21028112486473,20.681513730073856,22.038517099095426,24.783440266575127,21.243063976251246,23.904050422865147,21.88523442942692,25.79646075163485,22.601154106877893,25.11867883632854
32.15708033346551,30.43324865720246,15.778119428306294,12.444401809937615,14.547393788311357,8.462934815221008,9.58020670608798,26.036420510088696,27.59469078729183,20.937460650957473,6.731451638740175,4.722336440191422,14.127968518248185,19.996147258840484,10.30050593616371,6.144804745281152,11.534665062421698,9.30899303952526,13.289410132265456,15.387663670124446,12.531593644102085,19.512414762312012,22.736899434812827,21.64971369156663,25.96158928034052,29.325051853572596,33.31775788911994,28.016465977137333,37.94135705931768,32.411339529024275,16.995167024549055,15.596209694141718,11.70197549064924,9.057285228278957,7.310625331806538,7.987581705096928,2.96897952617336,1.3369633494974074,0.0,2.5685812558192747,3.7140222591365504,3.4134791042266204,5.705635602719802,6.947186994750592,6.212882998761506,6.126615106672506,6.927238387938137,7.565638997861433,9.742431086848589,9.005294899480846,9.567996407013943,10.151959256894195,11.885584032260414,13.376964447286078,13.442891879264138,13.712536438842879,14.12619471392072,14.802541330468351,21.42730922229573,26.707126878821832,25.105547029603347,16.39358008491463,15.322950538688582,15.595343436205773,12.49855401221852,9.342545071668637,10.971624025198302,10.686489536951509,9.12489374311409,10.35963610306289,12.823087068125124,10.18592419526288,12.144929774534052,11.786154864925615,12.93069217053046,14.131014171602326,11.77599013975707,12.758130320727396,14.95132115562634,12.91059055784474,14.800967791679222,14.931231055809556,16.95719148714296,18.556576548057937,20.127559419908557,21.119846702692747,22.512663986371262,23.052492642551773,23.74658246030177,23.243605976645316,24.887530232480405,21.904242572193937,15.877206893807573,17.972006872173505,15.853019811451102,18.32028695180362,19.345635278344684,17.56259283942962,15.743042575173229,19.24020662217422,19.26500201695784,13.773531670747039,15.184852722172835,18.024958563394694,18.026755559030462,14.181245765648578,15.55561985183277,16.942263558442882,18.33839382259934,16.945025796872713,14.719315549521307,18.75759064414734,16.650264518500652,18.141035144041524,17.89943980601057,18.88664274426902,20.92948022382094,21.969624375941564,24.506659259330302,28.231160184459256,36.04919145843909,33.51049331327913,32.586603049387,29.496680497882487,24.925670496334202,26.437726954995707,24.246351885257134,23.851563260423315,23.597234724718323,21.642133649753166,22.14913463227098,23.592672389271076,22.149946495000968,19.451193606591442,20.880424857509766,22.31207654475754,23.745710881086033,25.180989233092806,19.741998113204186,23.984502121761494,19.744368672477165,20.131989675201297,21.516045589081184,24.306518895338257,20.61553998960652,23.334101998600282,21.186243929581284,25.186639005050747,21.837269440668944,24.420199909959578
34.65921088900221,32.91579013678356,17.345365564580835,14.45198769685524,17.104334513231418,10.9044954732032,12.139273771981763,28.467419227593254,30.013125779658626,23.394934836677862,9.284916260616967,7.287722333661139,16.397568318903975,22.17250122690801,12.193916460974437,7.121449296326791,12.980680489260466,9.949278727367393,14.31490067277141,16.060714323415237,12.334635517426662,19.52182049361164,22.7312147167609,21.34056350905925,25.944556762723455,29.58127342915861,33.631182444466404,27.216647746122323,38.51003986621021,32.378381674252395,17.506219175759355,15.895410036767426,12.203990066513477,8.940062970957065,7.1648701378569255,7.00361078061988,3.832477737550756,3.4922577257082987,2.5685812558192747,0.0,1.1454421569286464,3.891924949345162,3.1599937627696906,4.379349354995026,5.912152494513258,5.23192653911839,4.979186248317625,6.595887503911308,7.424139326121335,7.986950019736903,7.823721045799072,8.136973835206264,10.808401080863872,11.332856951988202,12.09044973401293,12.123749377277862,12.328220924180314,13.92996902507365,19.677276859752705,25.170797425530548,25.577736819929815,16.109257291338892,14.811691012418292,14.737994106144072,11.31199840400672,7.680013297886913,8.97460684878671,8.303479938942976,6.591714205487945,7.793163258814525,10.281638692155319,7.618450140398724,9.57731886579931,9.27816518059284,10.385456817623256,11.56825334711638,9.422846256813031,10.313582683621018,12.414109881767251,10.640894334268022,12.352406754060576,12.625377264815945,14.625937232355586,16.434494547733962,17.827864353988147,19.095873751848625,20.307450128739582,20.974629751021002,21.58476002611026,21.406636108021114,24.278878825801634,20.69334106233146,14.350255312920615,16.305606961030072,14.095778165468698,16.479946361050953,17.343332495064168,15.419561592012213,13.470113563832708,16.915542918627416,16.93982634448067,11.315720115611526,12.743590935337156,15.61046156626739,15.611742857295958,11.65642631291329,13.047063369997455,14.448974315607366,15.859169680832391,14.451355766968764,12.15944032601416,16.232466775538317,14.083261479067032,15.590461609420592,15.404559963075457,16.433045740504387,18.474200041013503,19.5536829218668,22.27245037208792,25.872095601394513,35.40459259963702,32.785634785206234,31.76639578870563,28.340362706814457,23.482661633134114,24.85705069491696,22.512317398286186,21.989415942013103,21.47890971182885,19.34333173089885,19.834172033020316,21.281645059247587,19.834453987086846,17.047589932429254,18.486415085045973,19.92656947116004,21.367784327845488,22.80985864212383,17.275620832774297,21.55014987731736,17.277612679077087,17.618932709199708,19.01457362140049,21.8263298423799,18.07095643470011,20.808827810559954,18.623777949662934,22.645242098405735,19.26872351173978,21.857071033342443
35.77846689808587,34.02744653770076,18.1195233065356,15.402151915483168,18.245799105547558,12.01087266625894,13.281792386951764,29.558428017682274,31.098763842378766,24.49766450033371,10.426170917455748,8.432433160126442,17.435649027208594,23.168,13.11142650515191,7.792530012775055,13.730307826119558,10.426170917455748,14.891106372597035,16.479702454838193,12.416326711229857,19.632708855377036,22.820129557038012,21.29938461552352,26.016891147867764,29.76444375425148,33.831024873627456,26.929490229114997,38.81391226094066,32.42738066819459,17.850789471147973,16.161095309463132,12.59321078007062,9.125398877215853,7.3943543691786955,6.837643628728005,4.644644001558544,4.593033421700245,3.7140222591365504,1.1454421569286464,0.0,4.576769275373186,2.0428374874179296,3.234701995547658,6.128512462253789,5.203378229573553,4.323,6.450621055371335,6.450621055371335,7.765232836174328,7.205,7.349063137570666,10.494493079706137,10.494493079706137,11.618583734689869,11.528,11.618583734689869,13.677181617570193,18.95552966814697,24.539757802390795,25.869759196293987,16.11534125392042,14.725061321559643,14.488652480492828,10.938808086603489,7.116280498131443,8.188947045065266,7.282535477999998,5.47316974587766,6.649295283620909,9.153538550746372,6.4738649970477455,8.432433160126442,8.171349949671718,9.254258263091646,10.426170917455748,8.413225362487326,9.244419343582376,11.286867102965287,9.675931583057004,11.277008291209153,11.63163071112559,13.612949129413508,15.530465672348656,16.826450724974652,18.23624215676026,19.351863166114008,20.083398342909998,20.64961580756407,20.636390478957313,24.092871707799706,20.237081553489965,13.771292004322547,15.643065866532021,13.398467883358462,15.72673085958101,16.502428482985025,14.509737087667133,12.4945707555519,15.904033859000004,15.928003139125758,10.237918587291071,11.673283042914706,14.5515250403523,14.552518716703306,10.537761621900545,11.937126119799522,13.346870344766222,14.764021267933748,13.349033223421086,11.019384057196662,15.111542906004006,12.938807982190632,14.454839051335025,14.299862411925508,15.350351136048975,17.389192534445066,18.48883868716475,21.29938461552352,24.832653422459714,35.17577005560127,32.524550031489454,31.463297694601984,27.887406514243484,22.90451983429368,24.208446025420134,21.793769784638375,21.20809669812447,20.568574189860314,18.342266576539863,18.824,20.272,18.82400265618341,15.993050522023621,17.435649027208594,18.8790745800741,20.323150961403595,21.767748643348487,16.18663362160273,20.475837174582143,16.188417093712406,16.50422712519432,17.905689179699284,20.72781495961405,16.93885710430311,19.686713082685998,17.481796503792168,21.51432102112451,18.123313714660462,20.71463955756894
33.67755852092557,32.05990708543372,18.95142357117952,15.289483148556062,15.837751860665074,10.624009594065702,11.00816285660245,25.692184466029833,27.18799536912534,20.756534458267897,8.413225362487326,6.450621055371335,13.346870344766222,18.8790745800741,8.688,3.234701995547658,9.153538550746372,6.128512462253789,10.426170917455748,12.257024924507578,9.11812107838013,16.12655263842834,19.351863166114008,18.23624215676026,22.577173693799672,26.016891147867764,30.033787390204388,24.667586525641294,34.77838506889013,29.027794749171008,20.4049310814983,18.981244965373197,15.10526116779981,12.305373717721796,10.527740890843393,10.782803444111028,6.3421735923273,4.670017308861015,3.4134791042266204,3.891924949345162,4.576769275373186,0.0,5.792,7.24,2.882,3.2253105276856675,5.213085458727874,4.559060539190065,8.432433160126442,5.943096835825578,7.217619552179236,8.171349949671718,8.766414318294567,11.277008291209153,10.494493079706137,10.982618312588306,11.63163071112559,11.528,18.746489378014218,23.772387343302313,28.5162431466647,19.61796421033348,18.442496189107043,18.518108587422557,15.17253258289406,11.5682679277164,12.763444444410574,11.715494365206814,9.624066862,10.436225033343774,13.11142650515191,10.239330886342135,11.937126119799522,11.019384057196662,12.364359465819488,13.730307826119558,10.426170917455748,11.66028267238835,14.249797191539253,11.286867102965287,13.64188700290396,13.322605300766064,15.36022867668317,16.46005640938086,18.385537386761367,18.81469364619047,20.5204099617917,20.81351291829421,21.65285865653771,20.64961580756407,27.97698170893675,24.571338958064167,18.24005645936569,20.175565208311045,17.94884956690373,20.29814753720274,21.07364486842296,19.048018729275103,16.966748208861024,20.29924521146564,20.32244436577451,14.48,15.928,18.824,18.82400265618341,14.5515250403523,15.993050522023621,17.435649027208594,18.8790745800741,17.436478342830586,14.764021267933748,19.04334266876485,16.50422712519432,17.481796503792168,16.864866320252883,17.64703853341971,19.662043840862527,20.540110637481973,22.554016582418306,26.556887336433086,39.128530679739136,36.54138396066066,35.55696203490623,32.21440409607429,27.37371833262322,28.734238365320664,26.356018301366404,25.784477988584335,25.099585607046418,22.751705182022413,23.21277029998789,24.658141393868274,23.212151666745587,20.272,21.72,23.168,24.616,26.064,20.323150961403595,24.658141393868274,20.323862452791793,20.475837174582143,21.910370238770497,24.784135651662336,20.72781495961405,23.567871202126,21.07552324380109,25.281834427113868,21.51432102112451,24.26248645543156
37.8169546425092,36.06885438148214,19.911524687482142,17.367668308043076,20.252997012788008,14.052994132493193,15.285832204614369,31.28565408306511,32.80883581143246,26.26545453103994,12.435856263241385,10.426170917455748,19.04334266876485,24.658141393868274,14.48,8.806692057747902,14.764021267933748,11.019384057196662,15.58506002555011,16.864866320252883,12.257024924507578,19.428873461938032,22.554016582418306,20.81351291829421,25.703919156424377,29.633801797946887,33.71734320791008,25.9920055594023,38.8775184907679,32.04875691817079,19.10120746109521,17.311152128852466,13.950686397000002,10.266923149887425,8.64866444185136,7.542289560860725,6.56682626869432,6.635025599393982,5.705635602719802,3.1599937627696906,2.0428374874179296,5.792,0.0,1.448,6.469403991095316,5.213085458727874,3.2253105276856675,6.128512462253789,4.559060539190065,7.217619552179236,5.943096835825578,5.764,9.675931583057004,8.766414318294567,10.494493079706137,10.190401022530958,10.087,12.90124211074267,17.352520508560133,23.056,27.00570242003902,16.86749563671019,15.341333016181734,14.826372766375092,11.11818917989966,7.068002748120003,7.572317319068129,6.00984902007036,3.8320668619999996,4.767263160645453,7.382010633966874,4.5799276195153995,6.469403991095316,6.128512462253789,7.2274195256675124,8.432433160126442,6.450621055371335,7.217619552179236,9.254258263091646,7.765232836174328,9.244419343582376,9.675931583057004,11.63163071112559,13.677181617570193,14.853032047363259,16.435465828506352,17.426181480749015,18.23624215676026,18.746489378014218,18.95552966814697,24.458159242718605,20.12381312778634,13.480985558958517,15.146733169476619,12.855975649611514,15.024637817894767,15.582519823199629,13.43273099093342,11.256804299470822,14.527676893865534,14.550538168741388,8.688,10.136,13.032,13.032003836709073,8.806692057747902,10.237918587291071,11.673283042914706,13.11142650515191,11.674521703264764,9.153538550746372,13.346870344766222,11.019384057196662,12.435856263241385,12.257024924507578,13.312734993231107,15.350351136048975,16.46005640938086,19.351863166114008,22.820129557038012,35.42335746900239,32.720943676504874,31.58580001320623,27.73787517574423,22.527376904924203,23.675990262858488,21.121642652354687,20.396577293415042,19.445844748094327,16.982988522276564,17.435649027208594,18.8790745800741,17.43482540778657,14.48,15.928,17.376,18.824,20.272,14.5515250403523,18.8790745800741,14.552518716703306,14.764021267933748,16.18663362160273,19.04334266876485,15.111542906004006,17.905689179699284,15.58506002555011,19.686713082685998,16.173509977738288,18.810566206257587
38.91775438099437,37.14467566030215,20.402951388995145,18.14073659847526,21.459375200597055,15.136856679844733,16.500286069191702,32.69482563950119,34.222965696722156,27.66076131405899,13.64188700290396,11.66028267238835,20.475837174582143,26.103803879894592,15.928,10.237918587291071,16.18663362160273,12.364359465819488,16.93885710430311,18.123313714660462,13.322605300766064,20.428374874179294,23.509879795524263,21.65285865653771,26.625469986462214,30.642562311268946,34.72823728610481,26.511158122571707,39.967815902298184,32.92011281876172,19.038470920207203,17.175755876422595,14.025632069444887,10.217147504265478,8.733523556875316,7.247342426452104,7.37100655170064,7.74988454523688,6.947186994750592,4.379349354995026,3.234701995547658,7.24,1.448,0.0,7.792530012775055,6.469403991095316,4.085674974835859,7.2274195256675124,4.323,8.171349949671718,6.450621055371335,5.943096835825578,10.406756459147106,8.646,10.982618312588306,10.494493079706137,10.190401022530958,13.612949129413508,17.292,23.10142506426822,26.810901573794595,16.42887401432506,14.820517095244274,14.12551221533198,10.365796981192615,6.282765541338616,6.436779354182893,4.6171608700317845,2.3840668619999996,3.4151602183369496,5.968563059899761,3.2391691836024865,5.213085458727874,5.203378229573553,6.128512462253789,7.2274195256675124,5.943096835825578,6.450621055371335,8.171349949671718,7.349063137570666,8.413225362487326,9.11812107838013,10.982618312588306,13.288407617167678,14.203599015742453,16.11338006130309,16.87606189251509,17.829290507476735,18.23624215676026,18.788879503578706,23.71829643001751,19.12473957873837,12.428991095050637,13.982116051065061,11.684962866240532,13.771510396036074,14.247018917668685,12.05506503366013,9.844309909790976,13.08760581148785,13.110331231513564,7.24,8.688,11.584,11.584004316297538,7.382010633966874,8.806692057747902,10.237918587291071,11.673283042914706,10.239330886342135,7.792530012775055,11.937126119799522,9.704105986642974,11.286867102965287,11.277008291209153,12.416326711229857,14.435239104358471,15.610134688720658,18.746489378014218,22.025311462042936,34.58671507504127,31.8589159955443,30.683669692604933,26.69791585995371,21.389408452133324,22.466865603593792,19.861478551248915,19.08662228687596,18.046116425629414,15.543515424842138,15.993050522023621,17.435649027208594,15.992152606825638,13.032,14.48,15.928,17.376,18.824,13.11142650515191,17.435649027208594,13.112529313599266,13.346870344766222,14.764021267933748,17.613384115495805,13.730307826119558,16.50422712519432,14.249797191539253,18.307077101492744,14.891106372597035,17.481796503792168
35.86267257736231,34.312450718749936,21.833055636340298,18.125462500500003,18.04404888044809,13.300032838450441,13.391083506478548,26.660796486781123,28.089546742366295,21.924170833061453,10.982618312588306,9.11812107838013,14.249797191539253,19.314018354552736,9.153538550746372,3.234701995547658,8.688,4.576769275373186,9.153538550746372,10.426170917455748,6.450621055371335,13.612949129413508,16.826450724974652,15.530465672348656,20.043746156844033,23.676902014410587,27.733258030747127,21.808141621880576,32.68539979868687,26.484186980158555,23.11716463760743,21.62087258860209,17.801308809740615,14.78447674458431,12.999030589422276,12.888149367319294,9.041724717951425,7.512369102274027,6.212882998761506,5.912152494513258,6.128512462253789,2.882,6.469403991095316,7.792530012775055,0.0,1.448,4.344,2.0428374874179296,7.382010633966874,3.2253105276856675,5.213085458727874,6.469403991095316,5.943096835825578,9.254258263091646,7.765232836174328,8.413225362487326,9.244419343582376,8.646,16.12655263842834,20.988986159412274,31.2268459798717,22.01216953773356,20.723104177476397,20.594879780995107,17.06732054885728,13.201060347037428,14.004613885629091,12.404219291079652,10.046322061543048,10.436225033343774,13.11142650515191,10.236515862343007,11.584,10.237918587291071,11.673283042914706,13.11142650515191,9.153538550746372,10.537761621900545,13.346870344766222,9.704105986642974,12.364359465819488,11.66028267238835,13.64188700290396,14.299862411925508,16.479702454838193,16.46005640938086,18.385537386761367,18.48883868716475,19.428873461938032,18.075827643568633,30.1714321232777,26.341555608695813,19.80496508418806,21.568103263010478,19.287217134033103,21.490703512031654,22.03607311771218,19.842168237668766,17.593446137645255,20.704376449321302,20.725731663803813,14.764021267933748,16.18663362160273,19.04334266876485,19.041831844651924,14.5515250403523,15.993050522023621,17.435649027208594,18.8790745800741,17.43482540778657,14.48,18.824,15.993050522023621,16.50422712519432,15.58506002555011,16.173509977738288,18.123313714660462,18.853348588513395,20.428374874179294,24.608884107167476,41.27945391219403,38.64046192478072,37.58910647781799,33.98823478226199,28.9110593489127,30.118007870901653,27.58780695709539,26.862640163079096,25.805838235001858,23.153707206977924,23.567871202126,24.992714638470147,23.566038975610645,20.475837174582143,21.910370238770497,23.346566085829412,24.784135651662336,26.22285301030382,20.323150961403595,24.658141393868274,20.32244436577451,20.272,21.72,24.616,20.323150961403595,23.21277029998789,20.475837174582143,24.784135651662336,20.72781495961405,23.567871202126
36.79439087710113,35.20419457739551,21.90251803836762,18.417632332471182,18.950856550562563,13.847563957683391,14.182745138195841,28.003283905673218,29.445554468698138,23.219372288424996,11.63163071112559,9.675931583057004,15.58506002555011,20.72781495961405,10.537761621900545,4.576769275373186,10.136,5.968563059899761,10.537761621900545,11.66028267238835,7.217619552179236,14.435239104358471,17.617792029650026,16.12655263842834,20.81351291829421,24.589153564122533,28.66271447368515,22.047189412712,33.72723813181269,27.225898258827016,22.698830749402564,21.119164315634208,17.384178650133254,14.16995105035223,12.39662056189057,12.040290799674096,8.728555677614352,7.463189886951119,6.126615106672506,5.23192653911839,5.203378229573553,3.2253105276856675,5.213085458727874,6.469403991095316,1.448,0.0,2.896,1.441,5.968563059899761,2.882,4.085674974835859,5.213085458727874,5.764,8.171349949671718,7.349063137570666,7.765232836174328,8.413225362487326,8.766414318294567,15.530465672348656,20.636390478957313,30.7873148853652,21.28749558031788,19.923971567124358,19.67445570102576,16.07343818642141,12.124802773081463,12.784667260407332,11.058522210354539,8.669140287934816,9.004314644694247,11.673283042914706,8.805061328576878,10.136,8.806692057747902,10.237918587291071,11.673283042914706,7.792530012775055,9.153538550746372,11.937126119799522,8.432433160126442,11.019384057196662,10.426170917455748,12.435856263241385,13.312734993231107,15.36022867668317,15.610134688720658,17.389192534445066,17.617792029650026,18.48883868716475,17.426181480749015,29.28989102693203,25.256518545486625,18.6602748636216,20.358916717792507,18.068905889880444,20.223537338241936,20.71177226721937,18.48849208191255,16.215748812856248,19.290661007325447,19.311782543307597,13.346870344766222,14.764021267933748,17.613384115495805,17.611750622808625,13.11142650515191,14.5515250403523,15.993050522023621,17.435649027208594,15.992152606825638,13.032,17.376,14.5515250403523,15.111542906004006,14.249797191539253,14.891106372597035,16.864866320252883,17.64703853341971,19.428873461938032,23.51976991809231,40.356490043044026,37.6914053743101,36.60590276350745,32.890963251540136,27.73264870855347,28.888203496144754,26.318586637772032,25.555950179296527,24.427220371779264,21.73705357312691,22.14603190190062,23.567871202126,22.14408203109806,19.04334266876485,20.475837174582143,21.910370238770497,23.346566085829412,24.784135651662336,18.8790745800741,23.21277029998789,18.878313934247412,18.824,20.272,23.168,18.8790745800741,21.767748643348487,19.04334266876485,23.346566085829412,19.314018354552736,22.14603190190062
38.75305478628128,37.093094005166016,22.324347166804113,19.316909289226366,20.947785467681303,15.29913591281142,16.043340300887774,30.71702807704692,32.181624967115084,25.858450049662885,13.312734993231107,11.277008291209153,18.307077101492744,23.567871202126,13.346870344766222,7.382010633966874,13.032,8.806692057747902,13.346870344766222,14.249797191539253,9.254258263091646,16.342699899343437,19.428873461938032,17.617792029650026,22.554016582418306,26.556887336433086,30.642562311268946,22.795302695950323,35.89553286970399,28.870478208716943,22.12429376060568,20.38904767729825,16.894852332581923,13.333463806746778,11.647284470510373,10.736724053149763,8.81122607252894,8.17352156713772,6.927238387938137,4.979186248317625,4.323,5.213085458727874,3.2253105276856675,4.085674974835859,4.344,2.896,0.0,3.234701995547658,3.234701995547658,4.085674974835859,2.882,3.2253105276856675,6.450621055371335,6.450621055371335,7.349063137570666,7.205,7.349063137570666,9.675931583057004,14.698126275141332,20.22589874393719,30.09858265517879,20.074396945619796,18.562867761250143,18.042580164920786,14.31990251235105,10.250695697664813,10.519741190109341,8.468981756287391,6.0153994104457045,6.163090520898041,8.806692057747902,5.966156635556931,7.24,5.968563059899761,7.382010633966874,8.806692057747902,5.213085458727874,6.469403991095316,9.153538550746372,6.128512462253789,8.432433160126442,8.171349949671718,10.214187437089647,11.63163071112559,13.312734993231107,14.203599015742453,15.610134688720658,16.12655263842834,16.826450724974652,16.435465828506352,27.670250095898183,23.20560939392676,16.51437295164149,18.046344146066463,15.749375054947043,17.77228000369389,18.12003638101087,15.831296903441839,13.504556960096721,16.48109893144928,16.501610618360864,10.537761621900545,11.937126119799522,14.764021267933748,14.762072483225381,10.237918587291071,11.673283042914706,13.11142650515191,14.5515250403523,13.110331231513564,10.136,14.48,11.673283042914706,12.364359465819488,11.66028267238835,12.435856263241385,14.454839051335025,15.36022867668317,17.617792029650026,21.469154641019287,38.60741456255561,35.893394179860735,34.737223893002884,30.78354118054263,25.459397711324442,26.494835939869905,23.841351606522156,22.993414701560052,21.697118132421085,18.917991523151855,19.314018354552736,20.72781495961405,19.311782543307597,16.18663362160273,17.613384115495805,19.04334266876485,20.475837174582143,21.910370238770497,15.993050522023621,20.323150961403595,15.992152606825638,15.928,17.376,20.272,15.993050522023621,18.8790745800741,16.18663362160273,20.475837174582143,16.50422712519432,19.314018354552736
37.89503016554106,36.336181346464066,23.339080336286923,19.819704127146142,20.068409628069684,15.16558991225406,15.376944971450532,28.56165639171273,29.969782998364686,23.88067135715574,12.90124211074267,10.982618312588306,16.173509977738288,21.07552324380109,11.019384057196662,5.213085458727874,10.237918587291071,5.792,10.237918587291071,11.019384057196662,6.128512462253789,13.312734993231107,16.46005640938086,14.853032047363259,19.632708855377036,23.509879795524263,27.5922679749237,20.636390478957313,32.75905494668611,26.016891147867764,24.09330622000226,22.490793225657633,18.782916454478066,15.511164395639558,13.746867947117556,13.270863481353302,10.157851013733849,8.901795336928359,7.565638997861433,6.595887503911308,6.450621055371335,4.559060539190065,6.128512462253789,7.2274195256675124,2.0428374874179296,1.441,3.234701995547658,0.0,5.792,1.441,3.234701995547658,4.576769275373186,4.323,7.2274195256675124,5.943096835825578,6.450621055371335,7.217619552179236,7.349063137570666,14.203599015742453,19.230070852703587,32.17231875659716,22.56595788088893,21.16257962868033,20.830938862678728,17.179310259784646,13.17049243595204,13.648773130187605,11.69727662650177,9.248588991402663,9.343828188738023,11.937126119799522,9.150394964153188,10.237918587291071,8.688,10.136,11.584,7.382010633966874,8.806692057747902,11.673283042914706,7.792530012775055,10.537761621900545,9.704105986642974,11.66028267238835,12.257024924507578,14.454839051335025,14.435239104358471,16.342699899343437,16.46005640938086,17.389192534445066,16.12655263842834,30.461928119921094,26.25232559004013,19.60111711506357,21.208011608034997,18.911175930051417,20.979482297503573,21.3530316033469,19.065573526477273,16.7334800226766,19.663798440269534,19.683787542035706,13.730307826119558,15.111542906004006,17.905689179699284,17.903277493241287,13.346870344766222,14.764021267933748,16.18663362160273,17.613384115495805,16.18485613158177,13.11142650515191,17.435649027208594,14.48,14.764021267933748,13.730307826119558,14.249797191539253,16.173509977738288,16.864866320252883,18.385537386761367,22.573734205930574,41.48917247501019,38.80435233437832,37.69009483214191,33.86386042359409,28.611076457437118,29.689673559555754,27.057737185690762,26.22436077886983,24.9177563752093,22.089725562111163,22.471806691941794,23.874252239599045,22.4692437789971,19.314018354552736,20.72781495961405,22.14603190190062,23.567871202126,24.992714638470147,19.04334266876485,23.346566085829412,19.041831844651924,18.8790745800741,20.323150961403595,23.21277029998789,18.824,21.72,18.8790745800741,23.21277029998789,19.04334266876485,21.910370238770497
41.8180708994389,40.12750080566996,24.470362950916908,21.850901839417013,24.059596858634187,18.204005427920254,19.12331261484688,33.930011149526145,35.386355281082864,29.087806302183438,16.342699899343437,14.299862411925508,21.51432102112451,26.693740689532444,16.50422712519432,10.537761621900545,15.993050522023621,11.584,15.993050522023621,16.50422712519432,11.019384057196662,17.64703853341971,20.540110637481973,18.385537386761367,23.51976991809231,27.762774789274935,31.82668270492544,22.577173693799672,37.30756878972416,29.633801797946887,23.361420133243257,21.494132676431846,18.33096611027097,14.538134046068372,13.027512376447625,11.554511294133242,11.084025017348786,10.87336632603314,9.742431086848589,7.424139326121335,6.450621055371335,8.432433160126442,4.559060539190065,4.323,7.382010633966874,5.968563059899761,3.234701995547658,5.792,0.0,5.968563059899761,3.234701995547658,2.0428374874179296,7.2274195256675124,4.323,7.217619552179236,6.450621055371335,5.943096835825578,10.214187437089647,12.969,18.788879503578706,31.112112852972448,20.631140937392807,18.969956287993806,18.099796398097823,14.328667721145532,10.313454465186236,9.874062763342916,7.243299627914937,4.93681109649605,4.229983725371917,6.469403991095316,4.078627220033721,4.576769275373186,2.896,4.344,5.792,2.0428374874179296,3.234701995547658,5.968563059899761,3.2253105276856675,5.213085458727874,5.203378229573553,7.217619552179236,9.11812107838013,10.406756459147106,11.886193671651156,12.90124211074267,13.677181617570193,14.203599015742453,14.482568971007872,27.571593076629423,22.520554777701633,15.811854292221328,16.9977493392231,14.748597092110835,16.451056427723103,16.475497159525457,14.067017105892747,11.645947102877157,14.227882515570984,14.245755157238946,8.432433160126442,9.704105986642974,12.364359465819488,12.360866676734283,7.792530012775055,9.153538550746372,10.537761621900545,11.937126119799522,10.53503108680748,7.382010633966874,11.673283042914706,8.688,9.153538550746372,8.432433160126442,9.254258263091646,11.286867102965287,12.257024924507578,14.853032047363259,18.48883868716475,38.234766978269704,35.46743302539878,34.215231897187934,29.9191671473098,24.362462579058636,25.162400691605082,22.36914976573139,21.346470209446576,19.6422986204726,16.598536618253412,16.93885710430311,18.307077101492744,16.935456887843326,13.730307826119558,15.111542906004006,16.50422712519432,17.905689179699284,19.314018354552736,13.346870344766222,17.613384115495805,13.344714609162686,13.11142650515191,14.5515250403523,17.435649027208594,13.032,15.928,13.11142650515191,17.435649027208594,13.346870344766222,16.18663362160273
39.01784699951588,37.48938244147432,24.776158044908637,21.226990475362722,21.22498829210513,16.50418641470073,16.61034544056859,29.180566892622092,30.553037000747878,24.608670046722935,14.203599015742453,12.319298681337342,16.864866320252883,21.51432102112451,11.66028267238835,6.128512462253789,10.537761621900545,5.968563059899761,10.136,10.537761621900545,5.213085458727874,12.257024924507578,15.350351136048975,13.612949129413508,18.48883868716475,22.471212361597228,26.556887336433086,19.230070852703587,31.82668270492544,24.832653422459714,25.492956945626677,23.870597404501993,20.187600048843272,16.868843797004413,15.11388491935439,14.540151118221456,11.59004539323353,10.341067602159336,9.005294899480846,7.986950019736903,7.765232836174328,5.943096835825578,7.217619552179236,8.171349949671718,3.2253105276856675,2.882,4.085674974835859,1.441,5.968563059899761,0.0,2.896,4.344,2.882,6.469403991095316,4.559060539190065,5.203378229573553,6.128512462253789,5.943096835825578,12.90124211074267,17.829290507476735,33.56203796704779,23.862950447965424,22.425384546823086,22.02100775781374,18.33180157189069,14.285162292561324,14.604220655664278,12.470549686236957,10.00358762304277,9.883801405362982,12.364359465819488,9.699655303153818,10.537761621900545,8.806692057747902,10.237918587291071,11.673283042914706,7.24,8.688,11.584,7.382010633966874,10.237918587291071,9.153538550746372,11.019384057196662,11.286867102965287,13.64188700290396,13.312734993231107,15.36022867668317,15.350351136048975,16.342699899343437,14.853032047363259,31.65617436136157,27.287917302946408,20.599871075590936,22.118476096039778,19.82253142404764,21.80456040536625,22.06987469058004,19.731214111759044,17.355724121366553,20.13338764588678,20.152195934934735,14.249797191539253,15.58506002555011,18.307077101492744,18.303931053191825,13.730307826119558,15.111542906004006,16.50422712519432,17.905689179699284,16.501610618360864,13.346870344766222,17.613384115495805,14.5515250403523,14.5515250403523,13.346870344766222,13.730307826119558,15.58506002555011,16.173509977738288,17.399074917937448,21.682258577002536,42.64046832209955,39.93828292616712,38.797517211547685,34.86917813719102,29.53371886022132,30.5381416086719,27.851880414254126,26.953303488699973,25.4804441181291,22.52921247575657,22.883846376865932,24.26248645543156,22.880699836324936,19.686713082685998,21.07552324380109,22.471806691941794,23.874252239599045,25.281834427113868,19.314018354552736,23.567871202126,19.311782543307597,19.04334266876485,20.475837174582143,23.346566085829412,18.8790745800741,21.767748643348487,18.824,23.168,18.8790745800741,21.767748643348487
40.87009224028307,39.26851286815027,25.14983474039674,22.011790667622925,23.025526704073457,17.739692819429994,18.224765677782795,31.79398352769191,33.19795742999929,27.112853611726496,15.610134688720658,13.612949129413508,19.408211973285947,24.26248645543156,14.249797191539253,8.432433160126442,13.346870344766222,8.806692057747902,13.032,13.346870344766222,7.792530012775055,14.454839051335025,17.399074917937448,15.350351136048975,20.428374874179294,24.608884107167476,28.682463091582633,20.083398342909998,34.115984816505005,26.625469986462214,24.982760272778656,23.227130348887297,19.767791068605945,16.172558095866663,14.505604142433782,13.480528008705175,11.652432059497869,10.8648483961906,9.567996407013943,7.823721045799072,7.205,7.217619552179236,5.943096835825578,6.450621055371335,5.213085458727874,4.085674974835859,2.882,3.234701995547658,3.234701995547658,2.896,0.0,1.448,4.085674974835859,4.085674974835859,4.559060539190065,4.323,4.559060539190065,7.217619552179236,11.886193671651156,17.352520508560133,32.931387952856724,22.78737257189405,21.22529831561789,20.576085015028028,16.8154435475756,12.73309788405068,12.668879141695335,10.244381288703025,7.816828133404912,7.388878992701348,9.704105986642974,7.221442584414834,7.792530012775055,5.968563059899761,7.382010633966874,8.806692057747902,4.344,5.792,8.688,4.576769275373186,7.382010633966874,6.469403991095316,8.432433160126442,9.244419343582376,11.286867102965287,11.63163071112559,13.312734993231107,13.612949129413508,14.435239104358471,13.677181617570193,30.16385915623075,25.401555248398353,18.678151523396743,20.01029814688775,17.733871732404864,19.5525274205075,19.658015587996296,17.266338132506934,14.854080547237947,17.459963287138336,17.477677448677213,11.66028267238835,12.938807982190632,15.58506002555011,15.581364381850518,11.019384057196662,12.364359465819488,13.730307826119558,15.111542906004006,13.727162598293939,10.537761621900545,14.764021267933748,11.673283042914706,11.673283042914706,10.537761621900545,11.019384057196662,12.938807982190632,13.64188700290396,15.350351136048975,19.43875924538395,40.988970581592994,38.24604750494959,37.03957273567808,32.88875990309091,27.410247666629218,28.28473304023303,25.523896380173163,24.537137139959867,22.8763824198204,19.823125888891525,20.155768429906114,21.51432102112451,20.152195934934735,16.93885710430311,18.307077101492744,19.686713082685998,21.07552324380109,22.471806691941794,16.50422712519432,20.72781495961405,16.501610618360864,16.18663362160273,17.613384115495805,20.475837174582143,15.993050522023621,18.8790745800741,15.928,20.272,15.993050522023621,18.8790745800741
41.84065701390281,40.20680748819238,25.458444364704512,22.53388431390176,24.00629850685024,18.497055965369412,19.145533426562597,33.11832502937491,34.535527262538395,28.392904707375866,16.46005640938086,14.435239104358471,20.71463955756894,25.64877153003629,15.58506002555011,9.704105986642974,14.764021267933748,10.237918587291071,14.48,14.764021267933748,9.153538550746372,15.639256376183619,18.508516526183293,16.342699899343437,21.47904290232691,25.733406012418957,29.793984510300064,20.64961580756407,35.29407706683942,27.5922679749237,24.850596599576907,23.03555465237148,19.714686397,16.010578363144983,14.411598822744965,13.159371862663836,11.949656699805805,11.396870993044251,10.151959256894195,8.136973835206264,7.349063137570666,8.171349949671718,5.764,5.943096835825578,6.469403991095316,5.213085458727874,3.2253105276856675,4.576769275373186,2.0428374874179296,4.344,1.448,0.0,5.213085458727874,3.2253105276856675,5.203378229573553,4.559060539190065,4.323,8.171349949671718,11.618583734689869,17.292,32.707787826472725,22.371107103906084,20.751171264389193,19.97224655574943,16.198807058452356,12.143099016512052,11.849018085084483,9.271128800962732,6.921591755863569,6.272052777428398,8.432433160126442,6.121462652013815,6.469403991095316,4.576769275373186,5.968563059899761,7.382010633966874,2.896,4.344,7.24,3.234701995547658,5.968563059899761,5.213085458727874,7.2274195256675124,8.413225362487326,10.214187437089647,10.982618312588306,12.416326711229857,12.90124211074267,13.612949129413508,13.288407617167678,29.49611878191647,24.532293210988858,17.816362825531144,19.034039704841092,16.7797212701345,18.493855129715755,18.504237159577947,16.087863611960884,13.661811573406245,16.15205683287904,16.16905764106245,10.426170917455748,11.66028267238835,14.249797191539253,14.245755157238946,9.704105986642974,11.019384057196662,12.364359465819488,13.730307826119558,12.360866676734283,9.153538550746372,13.346870344766222,10.237918587291071,10.237918587291071,9.153538550746372,9.704105986642974,11.66028267238835,12.435856263241385,14.435239104358471,18.385537386761367,40.21602798193844,37.45526818861406,36.21548513788281,31.950995476873018,26.403642795296875,27.203680822275246,24.405540771180807,23.36999092984022,21.602243047846947,18.491670682265823,18.810566206257587,20.155768429906114,18.806738180769145,15.58506002555011,16.93885710430311,18.307077101492744,19.686713082685998,21.07552324380109,15.111542906004006,19.314018354552736,15.10868521745026,14.764021267933748,16.18663362160273,19.04334266876485,14.5515250403523,17.435649027208594,14.48,18.824,14.5515250403523,17.435649027208594
41.322746967479766,39.85202785107833,27.651538230477577,24.053542702649683,23.632120937402128,19.22584611558753,19.164256825011968,30.58494575518892,31.8833390655538,26.242063209063396,16.87606189251509,15.050529425903928,18.508516526183293,22.642913968833604,13.322605300766064,8.413225362487326,11.66028267238835,7.2274195256675124,10.537761621900545,10.136,4.344,10.426170917455748,13.322605300766064,11.277008291209153,16.342699899343437,20.540110637481973,24.608884107167476,16.435465828506352,30.082565050208068,22.554016582418306,28.30471053151979,26.649645166584815,23.010444848467507,19.619890859178863,17.882804068587454,17.16028072441464,14.459684236428323,13.220741394345836,11.885584032260414,10.808401080863872,10.494493079706137,8.766414318294567,9.675931583057004,10.406756459147106,5.943096835825578,5.764,6.450621055371335,4.323,7.2274195256675124,2.882,4.085674974835859,5.213085458727874,0.0,5.792,2.0428374874179296,3.234701995547658,4.576769275373186,3.2253105276856675,10.406756459147106,15.050529425903928,36.35345754054882,26.50160727356085,25.00885741368853,24.482181402149624,20.74527248819928,16.66531515344093,16.72515031201009,14.33004373604298,11.899638033650204,11.441731784159918,13.64188700290396,11.280486204060534,11.66028267238835,9.704105986642974,11.019384057196662,12.364359465819488,7.792530012775055,9.153538550746372,11.937126119799522,7.382010633966874,10.237918587291071,8.688,10.237918587291071,9.704105986642974,12.364359465819488,11.286867102965287,13.64188700290396,13.322605300766064,14.454839051335025,12.416326711229857,34.10191903726677,29.46151694034735,22.7401707705995,24.095234543372996,21.817240706774907,23.632564280485216,23.702174483929813,21.293875391417483,18.87070899548612,21.335155075591704,21.351555095589642,15.639256376183619,16.864866320252883,19.408211973285947,19.40375922340823,14.891106372597035,16.173509977738288,17.481796503792168,18.810566206257587,17.477677448677213,14.249797191539253,18.307077101492744,15.111542906004006,14.5515250403523,13.032,13.11142650515191,14.764021267933748,15.111542906004006,15.639256376183619,20.091613797801312,44.993162112277005,42.26230820826724,41.074498346654394,36.96641113649195,31.495922641465075,32.361083612696376,29.587131165591448,28.573876116852716,26.803522489082134,23.648322974675843,23.94798465424596,25.26863259062508,23.943774326534236,20.71463955756894,22.038768114393324,23.377590038325163,24.728718931638976,26.090242850537056,20.155768429906114,24.26248645543156,20.152195934934735,19.686713082685998,21.07552324380109,23.874252239599045,19.314018354552736,22.14603190190062,19.04334266876485,23.346566085829412,18.8790745800741,21.767748643348487
44.947604601820444,43.33684771541469,28.612821575606887,25.752944609430894,27.10351039994635,21.703083999591858,22.282715013327298,35.649913711207674,37.020988061895665,31.055754579036435,19.632708855377036,17.617792029650026,23.3205653447767,27.947802507531787,18.123313714660462,12.435856263241385,16.93885710430311,12.364359465819488,16.18663362160273,15.928,10.136,15.58506002555011,18.123313714660462,15.639256376183619,20.852341834911496,25.297299480379323,29.278006369969933,18.81469364619047,34.98084801716505,26.645210601532128,27.684385207264967,25.814057160734055,22.643032926804768,18.860043424101292,17.335927483653595,15.870291372443438,15.124686495435657,14.6210853925323,13.376964447286078,11.332856951988202,10.494493079706137,11.277008291209153,8.766414318294567,8.646,9.254258263091646,8.171349949671718,6.450621055371335,7.2274195256675124,4.323,6.469403991095316,4.085674974835859,3.2253105276856675,5.792,0.0,4.576769275373186,3.234701995547658,2.0428374874179296,7.792530012775055,8.646,14.482568971007872,35.418629944599566,24.874820790883405,23.182912115745157,22.204770252351114,18.453952104378452,14.513380073694341,13.81805921446406,10.999511920978707,8.968672744753626,7.842121098077437,9.244419343582376,7.755955195847898,7.217619552179236,5.203378229573553,6.128512462253789,7.2274195256675124,3.2253105276856675,4.085674974835859,6.469403991095316,2.0428374874179296,4.576769275373186,2.896,4.576769275373186,5.203378229573553,7.2274195256675124,7.765232836174328,9.244419343582376,9.675931583057004,10.406756459147106,10.190401022530958,31.546862950605682,26.19106277027257,19.56850302593502,20.487168031054637,18.32704376557824,19.72299862059848,19.423777265677586,16.965081949380117,14.550683428829617,16.460756783237233,16.47358348993928,11.277008291209153,12.257024924507578,14.454839051335025,14.448859885817981,10.214187437089647,11.286867102965287,12.435856263241385,13.64188700290396,12.430065204977808,9.254258263091646,12.938807982190632,9.704105986642974,8.806692057747902,7.24,7.382010633966874,9.153538550746372,9.704105986642974,11.277008291209153,15.36022867668317,42.01107723069095,39.22070550629028,37.9111231665828,33.39028410050079,27.693483527715912,28.26498584963081,25.370377416225416,24.174802759975314,21.98531623935093,18.62252995628396,18.853348588513395,20.091613797801312,18.84800023875212,15.639256376183619,16.864866320252883,18.123313714660462,19.408211973285947,20.71463955756894,14.891106372597035,18.810566206257587,14.886270486592672,14.249797191539253,15.58506002555011,18.307077101492744,13.730307826119558,16.50422712519432,13.346870344766222,17.613384115495805,13.11142650515191,15.993050522023621
43.339089743492885,41.856459242984265,29.21374975992789,25.761724580834525,25.621002341828863,21.060452481916293,21.099841583115115,32.5762844624207,33.860269088513704,28.267796787505294,18.746489378014218,16.87606189251509,20.540110637481973,24.589696704107595,15.36022867668317,10.406756459147106,13.64188700290396,9.254258263091646,12.364359465819488,11.673283042914706,5.968563059899761,11.019384057196662,13.64188700290396,11.286867102965287,16.479702454838193,20.852341834911496,24.87171252648277,15.530465672348656,30.50551256740329,22.471212361597228,29.462620351925242,27.73774489628887,24.211509315210375,20.682379979670916,18.989510774273253,18.035850796874005,15.852976867428204,14.778346650012221,13.442891879264138,12.09044973401293,11.618583734689869,10.494493079706137,10.494493079706137,10.982618312588306,7.765232836174328,7.349063137570666,7.349063137570666,5.943096835825578,7.217619552179236,4.559060539190065,4.559060539190065,5.203378229573553,2.0428374874179296,4.576769275373186,0.0,1.448,2.896,3.234701995547658,8.413225362487326,13.288407617167678,37.447580902882756,27.346431054274365,25.78092191772629,25.09903191190407,21.330889735173585,17.254908341769134,17.049800785730813,14.460879424592981,12.124951657616723,11.406612752904312,13.322605300766064,11.269343192928327,11.286867102965287,9.254258263091646,10.426170917455748,11.66028267238835,7.2274195256675124,8.432433160126442,11.019384057196662,6.469403991095316,9.153538550746372,7.382010633966874,8.688,7.792530012775055,10.537761621900545,9.254258263091646,11.66028267238835,11.286867102965287,12.435856263241385,10.406756459147106,34.660638863673356,29.733706183821685,23.019291319425065,24.207070489896527,21.96435927450132,23.613379480719857,23.515139197355975,21.07175452369297,18.638372264321067,20.832375357694634,20.846815104470995,15.36022867668317,16.479702454838193,18.853348588513395,18.84800023875212,14.454839051335025,15.639256376183619,16.864866320252883,18.123313714660462,16.859741872282623,13.64188700290396,17.481796503792168,14.249797191539253,13.346870344766222,11.673283042914706,11.584,13.11142650515191,13.346870344766222,13.64188700290396,18.123313714660462,45.41528388366444,42.6567745313768,41.41886035472761,37.133297018803134,31.552222463942417,32.28664285039892,29.448898714856295,28.344087815107088,26.34743573074867,23.063179605108818,23.3205653447767,24.589696704107595,23.315623688848643,20.091613797801312,21.35627647788818,22.642913968833604,23.94798465424596,25.26863259062508,19.408211973285947,23.377590038325163,19.40375922340823,18.810566206257587,20.155768429906114,22.883846376865932,18.307077101492744,21.07552324380109,17.905689179699284,22.14603190190062,17.613384115495805,20.475837174582143
44.20813761537957,42.68888658510647,29.408637660340116,26.129103682595577,26.42668804447504,21.605407397254194,21.804111378593024,33.808090238413776,35.11299874012536,29.426605886015984,19.351863166114008,17.426181480749015,21.682258577002536,25.877615964381263,16.479702454838193,11.277008291209153,14.891106372597035,10.426170917455748,13.730307826119558,13.11142650515191,7.382010633966874,12.364359465819488,14.891106372597035,12.435856263241385,17.64703853341971,22.073462800385446,26.065427293639363,16.12655263842834,31.751603817760138,23.51976991809231,29.2791125294032,27.50138683466329,24.0812597536034,20.45371403392832,18.80664086265785,17.67888396911651,15.94172480948074,15.03495458815275,13.712536438842879,12.123749377277862,11.528,10.982618312588306,10.190401022530958,10.494493079706137,8.413225362487326,7.765232836174328,7.205,6.450621055371335,6.450621055371335,5.203378229573553,4.323,4.559060539190065,3.234701995547658,3.234701995547658,1.448,0.0,1.448,4.576769275373186,7.765232836174328,13.04958485929725,37.19477086201701,26.922777860583206,25.309293691941303,24.521079765229814,20.747425317600204,16.699147459761353,16.321796154433592,13.635619054092434,11.385371099230387,10.519530396780231,12.257024924507578,10.398449884477973,10.214187437089647,8.171349949671718,9.254258263091646,10.426170917455748,6.128512462253789,7.2274195256675124,9.704105986642974,5.213085458727874,7.792530012775055,5.968563059899761,7.24,6.469403991095316,9.153538550746372,8.171349949671718,10.426170917455748,10.214187437089647,11.286867102965287,9.675931583057004,34.01954000920623,28.922210783035446,22.231594743710087,23.31676412500129,21.102334222104158,22.652144082397534,22.466365515388272,20.01295464937067,17.583995542163812,19.642634166226753,19.656182437085793,14.299862411925508,15.36022867668317,17.64703853341971,17.641324468417896,13.322605300766064,14.454839051335025,15.639256376183619,16.864866320252883,15.633730201074853,12.435856263241385,16.173509977738288,12.938807982190632,11.937126119799522,10.237918587291071,10.136,11.673283042914706,11.937126119799522,12.435856263241385,16.864866320252883,44.67200241246402,41.8992120540573,40.63200709311627,36.247536791989795,30.613395926126728,31.276956784063756,28.411359725043376,27.2631488112822,25.165889486889107,21.833515752439766,22.073462800385446,23.3205653447767,22.068241887381966,18.853348588513395,20.091613797801312,21.35627647788818,22.642913968833604,23.94798465424596,18.123313714660462,22.038768114393324,18.118545195462026,17.481796503792168,18.810566206257587,21.51432102112451,16.93885710430311,19.686713082685998,16.50422712519432,20.72781495961405,16.18663362160273,19.04334266876485
45.10693484428028,43.55355672493996,29.67298722809456,26.570417255528483,27.28547835387901,22.231464343573908,22.579385270366103,35.056426368939896,36.38022740860113,30.61005293563091,20.043746156844033,18.075827643568633,22.85908871761952,27.181652635555476,17.64703853341971,12.257024924507578,16.173509977738288,11.66028267238835,15.111542906004006,14.5515250403523,8.806692057747902,13.730307826119558,16.173509977738288,13.64188700290396,18.853348588513395,23.3205653447767,27.28377400580792,16.826450724974652,33.014175758301164,24.608884107167476,29.166423692616675,27.339778194564477,24.037686397,20.32588010246888,18.73422989150459,17.435233603822713,16.160250995674968,15.423799701360993,14.12619471392072,12.328220924180314,11.618583734689869,11.63163071112559,10.087,10.190401022530958,9.244419343582376,8.413225362487326,7.349063137570666,7.217619552179236,5.943096835825578,6.128512462253789,4.559060539190065,4.323,4.576769275373186,2.0428374874179296,2.896,1.448,0.0,5.968563059899761,7.349063137570666,12.969,36.99694651559706,26.571376555504937,24.913012010633715,24.016634043736165,20.25087320894242,16.253756423757984,15.693940250321432,12.920394275874118,10.79038022661104,9.767478335929253,11.277008291209153,9.66699705182535,9.244419343582376,7.217619552179236,8.171349949671718,9.254258263091646,5.203378229573553,6.128512462253789,8.432433160126442,4.085674974835859,6.469403991095316,4.576769275373186,5.792,5.213085458727874,7.792530012775055,7.217619552179236,9.254258263091646,9.244419343582376,10.214187437089647,9.11812107838013,33.42890555250027,28.161830155918985,21.512629891497646,22.484530789391076,20.307076325837855,21.744907002765352,21.464081519390188,19.005559104871374,16.589101415997817,18.48977281992817,18.502289696143016,13.312734993231107,14.299862411925508,16.479702454838193,16.47358348993928,12.257024924507578,13.322605300766064,14.454839051335025,15.639256376183619,14.448859885817981,11.286867102965287,14.891106372597035,11.66028267238835,10.537761621900545,8.806692057747902,8.688,10.237918587291071,10.537761621900545,11.286867102965287,15.639256376183619,43.96386012220209,41.178646603318626,39.88221929313456,35.39886308183716,29.715495719329205,30.302840672042084,27.411065198816495,26.21764024739324,24.013538384559237,20.632207218971107,20.852341834911496,22.073462800385446,20.846815104470995,17.64703853341971,18.853348588513395,20.091613797801312,21.35627647788818,22.642913968833604,16.864866320252883,20.71463955756894,16.859741872282623,16.173509977738288,17.481796503792168,20.155768429906114,15.58506002555011,18.307077101492744,15.111542906004006,19.314018354552736,14.764021267933748,17.613384115495805
42.91459404180911,41.539562567829755,30.478369306039767,26.692616330704407,25.485657456695126,21.647767608948506,21.293581415005832,31.025768924052933,32.221116619254225,27.015680385977,19.230070852703587,17.532828636589134,19.428873461938032,22.85908871761952,14.435239104358471,10.494493079706137,12.257024924507578,8.413225362487326,10.426170917455748,9.153538550746372,4.085674974835859,7.792530012775055,10.426170917455748,8.171349949671718,13.322605300766064,17.64703853341971,21.682258577002536,13.288407617167678,27.28377400580792,19.428873461938032,31.43565895932362,29.81034439022376,26.128733695238136,22.797531257709075,21.049234861741084,20.378471829711195,17.493219654346476,16.12410187018246,14.802541330468351,13.92996902507365,13.677181617570193,11.528,12.90124211074267,13.612949129413508,8.646,8.766414318294567,9.675931583057004,7.349063137570666,10.214187437089647,5.943096835825578,7.217619552179236,8.171349949671718,3.2253105276856675,7.792530012775055,3.234701995547658,4.576769275373186,5.968563059899761,0.0,9.254258263091646,12.90124211074267,39.50451060073284,29.719016803352115,28.232645606575304,27.703904847653607,23.96304604871505,19.881363046888914,19.88646238237347,17.4175568958793,15.017238326811174,14.44250258599912,16.479702454838193,14.292810255509586,14.454839051335025,12.435856263241385,13.64188700290396,14.891106372597035,10.426170917455748,11.66028267238835,14.249797191539253,9.704105986642974,12.364359465819488,10.537761621900545,11.673283042914706,10.237918587291071,13.11142650515191,11.019384057196662,13.730307826119558,12.938807982190632,14.249797191539253,11.286867102965287,37.320206816839445,32.61792760075063,25.894375393530698,27.189025488808884,24.92337185806407,26.665109364899475,26.640751447273434,24.208192765164423,21.77560198121358,24.045328780351717,24.060126038738865,18.508516526183293,19.662043840862527,22.073462800385446,22.068241887381966,17.64703853341971,18.853348588513395,20.091613797801312,21.35627647788818,20.086595156969736,16.864866320252883,20.71463955756894,17.481796503792168,16.50422712519432,14.764021267933748,14.5515250403523,15.928,15.993050522023621,15.58506002555011,20.155768429906114,48.19251611702738,45.45540731046669,44.25541937150372,40.08949998018374,34.57032155829669,35.370599615239456,32.55918237152095,31.489028544763176,29.55450292439343,26.289302988798493,26.550916839160188,27.823414905435314,26.546033696204034,23.3205653447767,24.589696704107595,25.877615964381263,27.181652635555476,28.499594383078506,22.642913968833604,26.602537942835454,22.63846092383491,22.038768114393324,23.377590038325163,26.090242850537056,21.51432102112451,24.26248645543156,21.07552324380109,25.281834427113868,20.72781495961405,23.567871202126
51.72513262258275,50.25877477524739,37.02179525162618,33.865153473409386,34.03237282353377,29.36715703026972,29.500609627008757,40.278874160479226,41.46567695189627,36.239601273652866,27.0978239901288,25.18566322334991,28.599724823851016,32.0976227312865,23.509879795524263,18.81469364619047,21.47904290232691,17.389192534445066,19.662043840862527,18.123313714660462,13.322605300766064,14.764021267933748,15.928,13.032,17.613384115495805,22.14603190190062,25.64877153003629,12.435856263241385,31.613284865701633,22.038768114393324,36.330340290573766,34.4562205743582,31.27622351405759,27.50489056139025,25.96730563070601,24.509487066159764,23.509299810611413,22.73759436807116,21.42730922229573,19.677276859752705,18.95552966814697,18.746489378014218,17.352520508560133,17.292,16.12655263842834,15.530465672348656,14.698126275141332,14.203599015742453,12.969,12.90124211074267,11.886193671651156,11.618583734689869,10.406756459147106,8.646,8.413225362487326,7.765232836174328,7.349063137570666,9.254258263091646,0.0,5.943096835825578,44.04135423786681,33.42322769240825,31.69785061107929,30.5954274455171,26.89151504631314,23.05016033522509,22.134859937538234,19.239724075457858,17.455573287706322,16.15057396246063,16.87606189251509,16.10354299525418,15.050529425903928,13.288407617167678,13.677181617570193,14.203599015742453,11.618583734689869,11.886193671651156,12.90124211074267,10.190401022530958,10.982618312588306,9.11812107838013,8.413225362487326,5.203378229573553,7.2274195256675124,3.234701995547658,5.968563059899761,4.344,5.792,2.0428374874179296,39.71596870915291,33.995507146064966,27.58404309942993,28.16833631224754,26.167333474877033,27.163311333269544,26.478204820057147,24.079245215176307,21.818363157946216,22.8064515845164,22.81192129128978,18.746489378014218,19.351863166114008,20.81351291829421,20.8052055985996,17.426181480749015,18.075827643568633,18.81469364619047,19.632708855377036,18.806269619464675,16.12655263842834,18.48883868716475,15.610134688720658,13.312734993231107,11.277008291209153,10.214187437089647,10.426170917455748,9.704105986642974,7.24,11.673283042914706,49.8309842616426,47.02173523394419,45.63469694978524,40.82340095287437,35.012253538833406,35.250041590184175,32.28529699788621,30.887694291506286,28.116766781427124,24.525558182905467,24.589153564122533,25.550942546215392,24.581536017913937,21.65285865653771,22.554016582418306,23.509879795524263,24.514049849015155,25.560834102196274,20.5204099617917,23.51976991809231,20.512686440347103,19.428873461938032,20.428374874179294,22.573734205930574,18.385537386761367,20.540110637481973,17.399074917937448,20.852341834911496,16.479702454838193,18.853348588513395
55.775267763762656,54.42561029876067,42.44770269098655,39.04971720402876,38.384139432843874,34.27519127999679,34.116274037292314,43.00699604470948,44.048107828844735,39.416877067090525,31.91342377433045,30.101058851807856,32.04875691817079,34.72823728610481,27.225898258827016,23.29569850852298,24.832653422459714,21.29938461552352,22.554016582418306,20.428374874179294,16.826450724974652,15.639256376183619,15.58506002555011,12.938807982190632,16.18663362160273,20.323150961403595,23.21277029998789,8.806692057747902,29.1030500807046,19.04334266876485,42.12273231883487,40.27658749800873,37.006686396999996,33.28377528455181,31.702726769597344,30.343075450914146,28.991238525513424,28.03869347196002,26.707126878821832,25.170797425530548,24.539757802390795,23.772387343302313,23.056,23.10142506426822,20.988986159412274,20.636390478957313,20.22589874393719,19.230070852703587,18.788879503578706,17.829290507476735,17.352520508560133,17.292,15.050529425903928,14.482568971007872,13.288407617167678,13.04958485929725,12.969,12.90124211074267,5.943096835825578,0.0,49.89947895927497,39.33208432125657,37.61727384109439,36.53468069809907,32.82449330222403,28.959174338315794,28.07599155115735,25.18223209415799,23.372288557923433,22.08752005189463,22.795302695950323,22.037385530048706,20.988986159412274,19.230070852703587,19.607971669706178,20.083398342909998,17.532828636589134,17.829290507476735,18.746489378014218,16.11338006130309,16.87606189251509,15.050529425903928,14.203599015742453,10.982618312588306,12.416326711229857,8.413225362487326,10.214187437089647,8.171349949671718,9.254258263091646,5.203378229573553,45.65264268540384,39.888775718910225,33.513647584250336,34.05278909017438,32.079467045189574,33.00842070682743,32.24696499378497,29.877198475825526,27.66076290992844,28.44433025986997,28.44790974746651,24.638597362674684,25.18566322334991,26.484186980158555,26.475481865303227,23.29569850852298,23.8735569406823,24.52340272066664,25.23967608746198,24.514589146057496,21.965236625176612,24.017145958668777,21.29938461552352,18.81469364619047,16.826450724974652,15.610134688720658,15.350351136048975,14.299862411925508,10.426170917455748,13.730307826119558,55.70957920722468,52.89888795694107,51.49700495821157,46.625954596738666,40.80251993194774,40.95348347015177,37.98466359379491,36.54106129253081,33.628698114735926,30.019763374186436,30.033787390204388,30.89410922813603,30.025631467131547,27.225898258827016,28.022853530645303,28.870478208716943,29.76444375425148,30.70070227209795,26.016891147867764,28.66271447368515,26.008583679239436,24.832653422459714,25.703919156424377,27.5922679749237,23.676902014410587,25.550942546215392,22.554016582418306,25.560834102196274,21.469154641019287,23.51976991809231
32.833405147835094,30.893143181114098,12.992545533819856,17.53285061697529,25.87719027630298,22.36374266447666,24.7301688624876,39.75070976619257,41.22775670839221,35.41945991327586,24.247379148526164,24.621669762586073,33.194365674746265,38.397640251377915,32.63097613004707,30.97037396489047,35.02456837493689,34.194256099176854,37.486958058791025,40.005443469014125,37.628786256700934,44.589016769315975,47.80791820509725,46.743504908225155,51.02762904306056,54.1834594510323,58.08044948803848,52.78504989798332,62.25012972723875,57.46893473049638,8.112100884718156,9.711062229372734,13.425551138625513,16.7652405835093,18.47540990470624,19.563559176985205,22.192316782324895,23.910815807399242,25.105547029603347,25.577736819929815,25.869759196293987,28.5162431466647,27.00570242003902,26.810901573794595,31.2268459798717,30.7873148853652,30.09858265517879,32.17231875659716,31.112112852972448,33.56203796704779,32.931387952856724,32.707787826472725,36.35345754054882,35.418629944599566,37.447580902882756,37.19477086201701,36.99694651559706,39.50451060073284,44.04135423786681,49.89947895927497,0.0,10.896352263322742,12.727157884041045,14.406335458593022,17.606512791341512,21.078524499,22.409450315108057,25.257055902963316,26.658951643631525,28.095749578721062,28.243899439085343,28.105035852,29.57150854878103,30.977035852,31.010860261787215,31.112112852972448,32.45035828001838,32.418035852,32.547132968996785,33.889983960265035,33.889983960265035,35.300035852,36.76955832584816,39.623035852,39.728727466769904,42.505035852,42.60357835651608,43.96988482024111,44.04135423786681,45.41012802702425,10.53407979454296,15.925836631811752,18.686236453972903,19.745309483370853,20.444951609672096,21.36392302969993,23.22540095031819,24.275442647623986,25.235380673148796,27.165242602262914,27.183451465759042,27.00570242003902,27.276086434818712,28.03424639971086,28.043754240770642,28.42888276955613,28.68585546092648,29.01290470678807,29.40769259097295,29.02258844834839,29.853772790899132,30.7873148853652,31.513870187206354,34.35085985571572,35.56631646871075,36.99694651559706,38.61884418005559,40.04412858496083,44.16021289696495,46.21108489778977,16.715151228831967,15.61935857878888,15.945250890730584,17.700984670342866,18.897922499981764,20.97224521144526,21.828576361711683,23.145835710744354,26.23049452477798,27.876908878234907,28.38186394291674,29.075205534514065,28.39074781669686,28.5162431466647,29.06246175394819,29.669355422720283,30.333282499586186,31.05058471590674,29.867533134244038,31.60698403083036,29.876939874127093,31.2268459798717,31.72643172262884,32.894495190694585,32.59317790851474,33.606692401604974,33.96568186422226,35.504921468742296,35.34363881700668,36.280398741290334
35.392689798154386,33.379912980839485,12.28109305214253,14.546662084780582,22.831985794647064,17.123629073159748,19.734928493865425,37.15930396270208,38.75175143945039,32.20711091828693,18.10133977874404,17.62652521371326,27.801293078574123,33.62698860356457,25.713710852639633,22.53796987551606,27.58379984362483,25.688430504519758,29.616700522056085,31.781185217250115,28.443801277425447,35.6248544998753,38.83811496214971,37.410097653727306,42.05322039379421,45.62598285534949,49.65072932866535,42.85916385219933,54.33492948897493,48.48749794370477,5.285767891705188,3.669309296852022,6.072017773704564,7.336304038983234,9.096174045037456,9.341398257887825,13.460877833921096,15.469102028251402,16.39358008491463,16.109257291338892,16.11534125392042,19.61796421033348,16.86749563671019,16.42887401432506,22.01216953773356,21.28749558031788,20.074396945619796,22.56595788088893,20.631140937392807,23.862950447965424,22.78737257189405,22.371107103906084,26.50160727356085,24.874820790883405,27.346431054274365,26.922777860583206,26.571376555504937,29.719016803352115,33.42322769240825,39.33208432125657,10.896352263322742,0.0,1.8356176660875405,3.7540920795305057,6.7154947329306935,10.373551752483191,11.536781686896376,14.41015829159298,15.968661186519622,17.335176234360926,17.354625137843723,17.360417996892277,18.733016691151196,20.224123838298194,20.17401549892706,20.22770440942514,21.804834915740436,21.661789723539034,21.665132694610417,23.234064145187624,23.0560135615624,24.538294929086277,25.938012054722876,28.85510888953326,28.857618572485798,31.733920542958778,31.736202571748834,33.1430094341318,33.17571700317986,34.70296322654152,8.732965130081805,8.656961211563532,8.220102071528753,9.820636198995667,9.92825736917143,11.391701211135572,13.33426942460713,13.876921855640381,14.516560591757905,16.826988184525977,16.847934333196967,16.117893255608973,16.442093033532355,17.4365859035417,17.44567705684102,17.536976535286954,17.835399808339965,18.24420002761045,18.756161413561923,18.253678386765262,18.95936631322907,20.092426831311073,20.641668981052216,23.466302612966818,24.670534874607103,26.101956363445353,27.725401048917817,29.149281677656024,33.271470225993994,35.33883675181725,19.802623915836623,17.40167785877358,16.680468128774997,14.828696805111338,12.424877508357238,14.56989665430501,14.029169765599075,14.821652926354748,17.124276300793053,17.952531793270484,18.50451685248694,19.445655871379117,18.512305203403848,18.087860357038288,18.828177410993483,19.64747426373103,20.53630037928208,21.486028706865053,19.36310293562778,21.66791859565891,19.372033845100447,20.660149570990942,21.31129636178534,22.834419661294245,21.97513975599967,23.275723832868724,23.30503628608454,25.25259704006899,24.647426382803484,25.813720769078856
36.25844699873808,34.252363720789724,13.205367819468817,14.932920781603793,22.939954871276008,16.92791634715704,19.518552147205785,37.165396983131075,38.766303294491095,32.14464760794988,17.666542028671817,16.99598420335003,27.358017587291588,33.25004954599394,24.961603637246302,21.453552309671323,26.6908792887814,24.55493513557052,28.60657732539165,30.673789191081756,27.119557230292013,34.3243964218832,37.52582660694978,36.01521021803065,40.73102492379896,44.38931511191255,48.43278567928857,41.308656371592384,53.21716425327825,47.14965129202629,6.780140952531693,4.911660964009705,6.149191663749824,6.364892283170618,8.029314236412704,7.89171998962934,12.45544792873656,14.498511007313537,15.322950538688582,14.811691012418292,14.725061321559643,18.442496189107043,15.341333016181734,14.820517095244274,20.723104177476397,19.923971567124358,18.562867761250143,21.16257962868033,18.969956287993806,22.425384546823086,21.22529831561789,20.751171264389193,25.00885741368853,23.182912115745157,25.78092191772629,25.309293691941303,24.913012010633715,28.232645606575304,31.69785061107929,37.61727384109439,12.727157884041045,1.8356176660875405,0.0,2.115424514585549,4.900807479838699,8.669740218570642,9.73266560465924,12.618324402439832,14.244993666912102,15.579218741890482,15.534829562349364,15.611042421098078,16.94116999521756,18.466778876741763,18.381876246442193,18.41081841191629,20.084495845255656,19.901382304129825,19.84946674672173,21.50774350997212,21.263408179424758,22.773012419977373,24.145051842357677,27.084588335036802,27.046464423145803,29.96080143026424,29.926341822177395,31.34944762086598,31.366426739277454,32.94932659633571,9.565393422409285,8.117024495533595,6.527088911104929,8.297306830944333,8.195664183343117,9.820113770769556,11.759206007073171,12.152430312030722,12.707991613996043,15.104373893532014,15.125914260212229,14.283031479893465,14.610156211097392,15.650566795702565,15.659548188977475,15.703158847451162,16.001277262935098,16.422117960310835,16.956545950145735,16.431554605652007,17.126773464985742,18.282823143378586,18.806067614220566,21.6311657609096,22.843044356030212,24.27563916736735,25.89234011776293,27.317049297216776,31.45013504974978,33.50322373968326,20.726574425994,18.20983373090377,17.35430356349269,14.942014912512223,11.842491379684116,13.908464804351548,13.028183529001783,13.658081274167078,15.71425717731719,16.327229830009685,16.887418934378683,17.882870086265562,16.894889958841745,16.339282153258377,17.123009359946856,17.98933477919258,18.926919719143623,19.92570757368349,17.59421356061258,20.02030218522097,17.60302187900145,18.87573898815884,19.558088623537316,21.155369793984214,20.1787922305017,21.536658988706574,21.499459328420603,23.526217294446884,22.83468434086768,24.043020472917867
38.19861912302877,36.19748396865255,15.21225744410343,16.65178744830182,24.40850857730601,18.178102231855643,20.72702788287025,38.50483198054971,40.11007008214966,33.43513331419029,18.67834061142614,17.804729447634664,28.29471011824735,34.23417607731705,25.561124975784402,21.63719447037067,27.103502311799797,24.64442992135795,28.85204348228744,30.771623886981867,26.891486169302897,34.10876593569449,37.28164689570563,35.63234450793331,40.46281914123336,44.25308687324809,48.31905836699783,40.61498665336704,53.247974294713224,46.84327674337406,8.887542123184136,7.025692378643676,7.8390627146833465,7.08815739601529,8.516650439665641,7.74064645163394,12.874219221055402,14.924070802577685,15.595343436205773,14.737994106144072,14.488652480492828,18.518108587422557,14.826372766375092,14.12551221533198,20.594879780995107,19.67445570102576,18.042580164920786,20.830938862678728,18.099796398097823,22.02100775781374,20.576085015028028,19.97224655574943,24.482181402149624,22.204770252351114,25.09903191190407,24.521079765229814,24.016634043736165,27.703904847653607,30.5954274455171,36.53468069809907,14.406335458593022,3.7540920795305057,2.115424514585549,0.0,3.7736827897466685,7.844607720586787,8.464845263599038,11.369644126505744,13.238481592625597,14.448162778633742,14.100961735515169,14.503367969379903,15.653931413466491,17.308968355409373,17.084770278424784,16.981512694825835,19.039474056801385,18.724239752192798,18.421958152529953,20.436518860330565,19.950836448746074,21.56500818074653,22.820916338803816,25.84328593934539,25.625120800080825,28.702917476814704,28.506645884018045,30.006114816614513,29.94744270093587,31.75461826696896,9.635183648493147,6.713381634360276,4.466350369095662,6.182213386682632,6.17820138792037,7.707575670029441,9.648064272442795,10.123398889995679,10.844408623040097,13.073044413750372,13.093958014407063,12.687594138977373,12.878053384475349,13.717248661789469,13.726472209351714,14.124904523728539,14.296228234832814,14.609748925988255,15.056586386641527,14.619395067688503,15.562897306526216,16.413154431352705,17.144001670569768,20.001582257875675,21.318929889879954,22.758568197904083,24.29877069165576,25.733088347392407,29.958723775618697,31.829018565560688,20.687332811520843,18.049127538689046,17.03894032171833,14.026272786132049,10.29139759124582,12.25876603415895,11.126295580115851,11.653454399079639,13.610004855377493,14.231333370647468,14.788729759322907,15.771372477760677,14.796311579546536,14.339189265343734,15.07498572886001,15.908848124968602,16.82620309521138,17.814156745108228,15.625307406780289,17.934854149681144,15.634326976915984,16.936383212640678,17.563710378601694,19.087950076929918,18.26704363312386,19.523421395094122,19.613302931007947,21.4986142269086,20.97215731946809,22.075110022568108
38.157925002551515,36.19113706603072,15.817572532055024,16.153939663165566,23.07972007868912,16.514118704964055,18.918217767241323,36.75816036678567,38.36325594894094,31.623845720295982,16.557109058861393,15.372773746839764,25.90126266233254,31.869823904617327,22.713331030198937,18.361082811688583,24.020472356426758,21.261260812587903,25.586766618006386,27.367754889701676,23.2757513598132,30.48530550273331,33.639251491645624,31.931108996536747,36.80556868520553,40.66072772178115,44.73584401542859,36.8430452585749,49.752720347544155,43.16441757846134,10.965813336412559,8.926649722657404,7.9207936413351385,5.334556459463963,6.1123695234977795,4.518778827881942,10.042569462446227,12.029715651644189,12.49855401221852,11.31199840400672,10.938808086603489,15.17253258289406,11.11818917989966,10.365796981192615,17.06732054885728,16.07343818642141,14.31990251235105,17.179310259784646,14.328667721145532,18.33180157189069,16.8154435475756,16.198807058452356,20.74527248819928,18.453952104378452,21.330889735173585,20.747425317600204,20.25087320894242,23.96304604871505,26.89151504631314,32.82449330222403,17.606512791341512,6.7154947329306935,4.900807479838699,3.7736827897466685,0.0,4.083630928186118,4.834952637460107,7.730508340330812,9.485342389885904,10.743509347412857,10.639250659026223,10.787985380903233,12.050092532406458,13.62212081481903,13.489922753996401,13.512485497644535,15.305750257582734,15.049532330366878,14.950368296242265,16.713623210325338,16.37020078213013,17.910885100999945,19.250994244083028,22.21292625272316,22.145861499148,25.084957533298354,25.02559056801477,26.45412782028313,26.465640501358397,28.09778481963626,13.357170000066342,9.419095279886939,3.8398121727066483,6.153884881747408,4.760318494966955,7.150388368259778,8.853276746202729,8.382799707055216,8.305375753814412,11.223547247270405,11.247829912786104,9.46197384965853,9.92597670493367,11.362102198863283,11.370163112327539,10.862610689924125,11.269089378300178,11.839841545873064,12.552478968181779,11.84879363711352,12.272596908156231,13.790759664205519,14.013778403934532,16.8045066245054,17.961835940321187,19.391046496160175,21.03679739173104,22.455242202434018,26.55621930099249,28.68979098350892,24.3123458939786,21.625971636834386,20.533326139678994,17.047443245314184,12.481717344908839,14.131859327681155,12.286987855224735,12.300824077352189,13.276056880815444,12.913910522051404,13.494148945153002,14.70539248606571,13.499869576314204,12.274919746893577,13.283198079075005,14.366852669363803,15.510092457444276,16.700685268986234,13.384357162819208,16.402144064350303,13.392276859646753,14.552021870899653,15.41204194603706,17.368092980432074,15.764981014906864,17.443263090113096,17.013549725721727,19.476914219542014,18.29043695866334,19.755325483761734
38.06963697546538,36.1629122798559,16.978619606448436,16.13666368775504,21.823476741634543,15.108928222159754,17.225556515003795,34.79802879771619,36.38843443849569,29.64672626490953,14.571397779578385,13.033363033770213,23.324048263728574,29.253645655338172,19.632353471946043,14.800826178520506,20.6366778888009,17.539980815424798,21.9756113390462,23.59225214267404,19.289489603499312,26.482938659463226,29.618677409357492,27.867979106486786,32.77180676920752,36.67794110412445,40.7586320069297,32.77482209068898,45.85038509975309,39.11339440390798,13.749511327556412,11.75004059644673,9.43471743178567,5.671093861136987,5.145805712554249,2.6689108920536384,7.492720082804485,9.213119587650391,9.342545071668637,7.680013297886913,7.116280498131443,11.5682679277164,7.068002748120003,6.282765541338616,13.201060347037428,12.124802773081463,10.250695697664813,13.17049243595204,10.313454465186236,14.285162292561324,12.73309788405068,12.143099016512052,16.66531515344093,14.513380073694341,17.254908341769134,16.699147459761353,16.253756423757984,19.881363046888914,23.05016033522509,28.959174338315794,21.078524499,10.373551752483191,8.669740218570642,7.844607720586787,4.083630928186118,0.0,2.253238977867425,4.394983519794197,5.598964402924388,7.019368663335556,7.590668453224519,7.026511353000002,8.580571209781077,9.898511353000002,10.00386080498274,10.313454465186236,11.431588766432073,11.339511353000002,11.703475284069084,12.862277187347578,12.862277187347578,14.221511353000002,15.729302778027193,18.544511353,18.76927588697939,21.426511353000002,21.621336794015257,22.91331009434438,23.05016033522509,24.35160011578151,17.43968894690688,13.141812223561926,6.672373262301025,8.65617317353816,6.510474944284329,8.989296129133999,10.137626973080707,8.6650505472322,7.425235785428744,10.924624153427356,10.950592237643857,7.068002748120003,8.039501902943485,10.32316186289026,10.328566264225248,8.252379509376548,9.098279813611907,10.082114439281966,11.167487433025295,10.08907635979815,9.50788274465582,12.124802773081463,11.46855662258638,14.031704616480562,14.870162109523484,16.253756423757984,18.05761237268648,19.427973783221606,23.276456162388296,25.814435267867665,28.3590869594828,25.653120647801124,24.521566673754748,20.787198800995462,15.807957069776114,17.186058717667823,14.912196312737926,14.518264040064455,14.52196727815295,13.114602076294126,13.672132537687231,15.058704596614076,13.675159902361138,11.5682679277164,12.855947372614432,14.174602317082194,15.516337417297674,16.87564845709438,12.327608347395609,16.090426705553146,12.333302793406066,13.201060347037428,14.342892117216943,16.769016020211918,14.167534118733222,16.365009960445178,15.209306812764872,18.391707852312575,16.311957774717353,18.25306808304187
40.31949939088773,38.41455688154475,19.132134081331838,18.38874212365012,23.977182664613355,17.265265641023138,19.31278368215468,36.75088376760678,38.33346880413257,31.60662669385705,16.605060567918056,14.974540939140775,25.0824732476997,30.967444966068275,21.143699790786357,15.980741263721253,21.915285461131898,18.497984443290765,23.02423247022361,24.424632501695886,19.7574126934172,26.85984102180568,29.926174777991577,28.00152607609898,33.022811357743656,37.073567407895816,41.15912203388507,32.44615224241548,46.40207629088529,39.278265035787555,15.437493724828677,13.403828810313204,11.460541258581028,7.81605920385876,7.397088511423496,4.919380253049976,9.473628872013393,11.033419382727804,10.971624025198302,8.97460684878671,8.188947045065266,12.763444444410574,7.572317319068129,6.436779354182893,14.004613885629091,12.784667260407332,10.519741190109341,13.648773130187605,9.874062763342916,14.604220655664278,12.668879141695335,11.849018085084483,16.72515031201009,13.81805921446406,17.049800785730813,16.321796154433592,15.693940250321432,19.88646238237347,22.134859937538234,28.07599155115735,22.409450315108057,11.536781686896376,9.73266560465924,8.464845263599038,4.834952637460107,2.253238977867425,0.0,2.907273340387013,4.93725169915678,6.001824908896753,5.854069605798957,6.070204049452303,7.217526520613773,8.846559625186908,8.656441536553178,8.706305241004312,10.619647608476052,10.259428356491757,10.138737788775247,11.996838347173439,11.535833219831291,13.103559142537843,14.416267341991238,17.393147075845334,17.32223135019098,20.26076447723499,20.199918587695823,21.619178732684624,21.639192682480996,23.293958064876207,17.735659749379682,12.736367459381457,6.01651209758189,7.574416367077271,5.285139084612542,7.539866262113951,8.386485124633953,6.644243930260638,5.201364241462994,8.728507630263419,8.754431638799813,4.97935164688287,5.83494041932659,8.07043539374693,8.075796396928489,6.271308461821596,6.970071498707252,7.875778791387375,8.925653726458536,7.883100378078866,7.616931063316456,9.917440367586948,9.492708606983108,12.175918228088227,13.202294301496053,14.620318526739256,16.32827001543921,17.73052353138765,21.755777136735777,24.042103369810288,28.367173443162134,25.606994031369833,24.378349422804522,20.272549779324684,14.96370141227318,16.11350399179126,13.620112021092677,13.023311951053982,12.63687220015127,10.977678878301095,11.52511080493247,12.932177463201903,11.527615497836974,9.325488636978717,10.62972046632437,11.967062466034479,13.32755112313388,14.704763235547968,10.074726066668967,13.862142184372052,10.080450650562165,10.963048586885819,12.091925123494404,14.520582458694527,11.959503556520195,14.116499958062239,13.039324304518972,16.145676168551976,14.18348311658385,16.044221360538852
41.54910036840937,39.69136193954513,21.198045577817727,19.916946229005827,24.645320992094067,18.021635657669083,19.797824072465957,36.72256092605082,38.27892379616127,31.6222063528292,16.97886036970846,15.15230562356002,24.700604302724752,30.450535478,20.365579605965564,14.805740802464719,20.76941695587338,16.97886036970846,21.554405041358034,22.68100352027927,17.681957066732423,24.641435874206532,27.63341529176082,25.579887943428226,30.67272689917231,34.830020537807215,38.909213666593786,29.726820898134545,44.27492902455972,36.84634327745135,18.11122934229114,16.096485170798935,13.803407477696496,9.977219202481901,9.137558785808976,6.7981189692319814,9.967176769876222,11.097421778724957,10.686489536951509,8.303479938942976,7.282535477999998,11.715494365206814,6.00984902007036,4.6171608700317845,12.404219291079652,11.058522210354539,8.468981756287391,11.69727662650177,7.243299627914937,12.470549686236957,10.244381288703025,9.271128800962732,14.33004373604298,10.999511920978707,14.460879424592981,13.635619054092434,12.920394275874118,17.4175568958793,19.239724075457858,25.18223209415799,25.257055902963316,14.41015829159298,12.618324402439832,11.369644126505744,7.730508340330812,4.394983519794197,2.907273340387013,0.0,2.4670552401729777,3.1576462232579408,3.2064395398324126,3.2535150239666453,4.323209255505532,5.953603279626271,5.7641569432909,5.932876749318217,7.781196293338491,7.357562164954958,7.340800741240747,9.131719813675005,8.64610462965194,10.196532009030163,11.528078472446685,14.486883585201362,14.478378034938881,17.35612168692006,17.349022869389522,18.73304829083854,18.785649297338665,20.38688958020484,20.557226531658987,15.28812066234694,8.600117702819118,9.771856985653331,7.509060256159906,9.3404401193568,9.662971522114516,7.438591201597724,5.254780899885259,8.621498381000006,8.645470305377303,3.1966765207497456,4.536416871719871,7.340298123744615,7.342267806709907,4.055636051017485,5.177694567471579,6.431350269557452,7.753026476508946,6.435837652531076,5.179825168701421,8.39594095652469,7.192099348175378,9.656910118356942,10.482834959032441,11.875901809054868,13.663731482798713,15.038307651927617,18.949077781736836,21.41947178493085,31.050719824158417,28.27123797453734,26.996537611061996,22.68015484767859,17.16593653872176,18.07892699744694,15.38258747601689,14.5278336941087,13.436214439202818,11.061564625939106,11.541464522000002,12.989464522000002,11.541468854205029,8.764732614356282,10.19580830816629,11.631074082499204,13.069149535004055,14.509199248201423,9.113176219143396,13.305341505136075,9.116343609208723,9.666042923614643,10.980271174104615,13.689942204709878,10.39075323550515,12.900740262193667,11.254158422608095,14.85389556878251,12.226911826015625,14.420773880502555
40.77747932373575,38.968517103669505,21.40175819054048,19.581065158018728,23.505143675521033,17.03967503475578,18.572912402981004,35.02186520409846,36.557044620527016,29.968964729540165,15.716835459509733,13.783169817895683,22.838635897430795,28.48453947643919,18.312066862,12.602720151973166,18.53746791658339,14.621737956252073,19.19779906026622,20.250558233252697,15.215301187585823,22.182084012238494,25.186207669245455,23.166104150108072,28.23916638979824,32.37613726632265,36.45691456435213,27.510999313528224,41.8102797536907,34.4394716808405,19.174454904996757,17.217855256171475,14.467425043257677,10.575786887884904,9.37224197045848,7.380906201670724,9.051076300551733,9.777579104712917,9.12489374311409,6.591714205487945,5.47316974587766,9.624066862,3.8320668619999996,2.3840668619999996,10.046322061543048,8.669140287934816,6.0153994104457045,9.248588991402663,4.93681109649605,10.00358762304277,7.816828133404912,6.921591755863569,11.899638033650204,8.968672744753626,12.124951657616723,11.385371099230387,10.79038022661104,15.017238326811174,17.455573287706322,23.372288557923433,26.658951643631525,15.968661186519622,14.244993666912102,13.238481592625597,9.485342389885904,5.598964402924388,4.93725169915678,2.4670552401729777,0.0,1.6073900901061093,3.7000661173928404,1.5386606311277764,3.485292226690687,4.353206236532165,4.746542626526231,5.504755877700529,5.839513436077917,5.786689168927473,6.696096196522159,7.2655520210190865,7.466817454942268,8.661142623105945,10.275646301105859,12.979099989513237,13.409286680248078,15.859264690955332,16.21321094888605,17.40271823323674,17.624621195165542,18.756372521629405,22.64966444091064,17.616198775434842,10.89669897947184,12.197590117117075,9.917602720222819,11.80583215800875,12.10466869235701,9.830941984741948,7.5480733468052685,10.721247863627873,10.743660508007434,4.855933138,6.3039331380000005,9.199933138,9.199938572820502,5.065231252443123,6.466533384153718,7.88472880802013,9.312102380433247,7.886562519629356,5.6467699298560525,9.640782838736206,7.643814624150336,9.573484110206406,9.9163200150422,11.194983503370004,13.139039424873287,14.419935298342173,17.960883904772796,20.87017150728931,33.30072527511764,30.536353678939534,29.29391725370435,25.074033118887726,19.605091163920974,20.543518930841238,17.848874204631837,16.978763210862212,15.760540393535267,13.177558955498984,13.620374658819577,15.061027196518257,13.619320315148423,10.647933138,12.095933138,13.543933138,14.991933138,16.439933138,10.744997027050243,15.061027196518257,10.746342685365962,11.031065411433229,12.43452944340744,15.266433218478458,11.492032418650695,14.217118338348827,12.107938557463799,16.06181045879519,12.856535501888468,15.341126094476069
42.22775701052638,40.43385570661579,23.008700884288128,21.146144380114826,24.849074095247722,18.4602269227604,19.89644005350404,36.04286967758425,37.560832909801604,31.03099806931503,17.037118539365725,15.06667788195073,23.764763779175574,29.30233443573667,19.0787584842989,13.232261991,19.0787584842989,14.960481814580682,19.509250967225967,20.34292430557139,15.06667788195073,21.843075483463203,24.76240588679152,22.613602894062133,27.749572970194393,31.98182507622026,36.049252428557004,26.583301025238818,41.5046814294673,33.85526070612978,20.69690163842043,18.72439544000821,16.048499219130807,12.15659833038448,10.976929801523811,8.950300123003341,10.538383201053056,11.120253487501879,10.35963610306289,7.793163258814525,6.649295283620909,10.436225033343774,4.767263160645453,3.4151602183369496,10.436225033343774,9.004314644694247,6.163090520898041,9.343828188738023,4.229983725371917,9.883801405362982,7.388878992701348,6.272052777428398,11.441731784159918,7.842121098077437,11.406612752904312,10.519530396780231,9.767478335929253,14.44250258599912,16.15057396246063,22.08752005189463,28.095749578721062,17.335176234360926,15.579218741890482,14.448162778633742,10.743509347412857,7.019368663335556,6.001824908896753,3.1576462232579408,1.6073900901061093,0.0,2.6957380090000007,0.20051150849585628,1.9061298851608421,2.888949439682059,3.140505395490236,3.946254859124951,4.626564231800449,4.327636059679613,5.094637613527314,5.995036579619451,5.897503381864506,7.207782590023043,8.735569022055936,11.52973932337758,11.838994358186312,14.411391496487745,14.659983063195105,15.900033054654426,16.078594603172483,17.370377992173207,23.709400044397807,18.411010579189817,11.745553191513517,12.806969087170343,10.582998911442889,12.223127698472913,12.269145774187812,9.883167699030597,7.483384173383024,10.322264555962334,10.342498430431947,4.387145505591453,5.774427673916723,8.609191455033585,8.607523308677317,4.143738009000001,5.591738009,7.039738009000001,8.487738009000001,7.039745111533463,4.387145505591453,8.609191455033585,6.290743832115188,8.030643184782605,8.31159369117808,9.587694232047209,11.533217372498244,12.812584359187467,16.383673754296723,19.262786935161362,34.19740736215026,31.414201411523074,30.127786165336428,25.73785409313312,20.146993858729854,20.932548830895563,18.14558237709841,17.148713026634468,15.6018291423978,12.755552980462017,13.151403892041918,14.56766424673768,13.149216110917612,10.03968977526135,11.474579384777085,12.912396420944306,14.352261097321191,15.793613388953881,9.935738009000001,14.279738009,9.935743041337536,10.03968977526135,11.474579384777085,14.352261097321191,10.345279782755384,13.151403892041918,10.835461170780286,14.919760273063348,11.48662638826071,14.066882964310725
44.36557295688857,42.537001997965994,24.37513889007172,22.93747280754813,27.184970571990693,20.67713278488529,22.26204999714325,38.66266900645397,40.18897171101761,33.628374127783914,19.408211973285947,17.481796503792168,26.42007617324371,31.986101044047242,21.767748643348487,15.928,21.767748643348487,17.613384115495805,22.14603190190062,22.883846376865932,17.481796503792168,24.06551360349494,26.888893636592783,24.608884107167476,29.793984510300064,34.115984816505005,38.16052410541553,28.022853530645303,43.70975873875307,35.769192121153644,21.254905603917777,19.22950420701905,17.00945649171645,13.181370789716537,12.292392569451401,9.99253245938129,12.640738425947028,13.467746895302252,12.823087068125124,10.281638692155319,9.153538550746372,13.11142650515191,7.382010633966874,5.968563059899761,13.11142650515191,11.673283042914706,8.806692057747902,11.937126119799522,6.469403991095316,12.364359465819488,9.704105986642974,8.432433160126442,13.64188700290396,9.244419343582376,13.322605300766064,12.257024924507578,11.277008291209153,16.479702454838193,16.87606189251509,22.795302695950323,28.243899439085343,17.354625137843723,15.534829562349364,14.100961735515169,10.639250659026223,7.590668453224519,5.854069605798957,3.2064395398324126,3.7000661173928404,2.6957380090000007,0.0,2.8960172651419054,2.0428374874179296,4.085674974835859,3.2253105276856675,2.882,6.128512462253789,5.203378229573553,4.323,7.217619552179236,5.943096835825578,7.765232836174328,8.766414318294567,11.886193671651156,11.528,14.698126275141332,14.41,15.917000502607268,15.851,17.829290507476735,22.883208209424385,17.14140969732396,10.727408904920987,11.345755415242266,9.293154325280742,10.49232565759344,10.20934122481874,7.756921281043863,5.326970617656233,7.7702682485377865,7.788837140420898,2.0428374874179296,3.234701995547658,5.968563059899761,5.966156635556931,1.448,2.896,4.344,5.792,4.344011510113664,2.0428374874179296,5.968563059899761,4.085674974835859,6.450621055371335,7.349063137570666,8.766414318294567,10.494493079706137,11.886193671651156,15.917000502607268,18.23624215676026,32.989097910830466,30.18403383797011,28.82648376843535,24.184879872343092,18.458742548077115,19.030679477626748,16.154807113473336,15.02174940404659,13.175041633775727,10.168647677484723,10.537761621900545,11.937126119799522,10.53503108680748,7.382010633966874,8.806692057747902,10.237918587291071,11.673283042914706,13.11142650515191,7.24,11.584,7.240006906074054,7.382010633966874,8.806692057747902,11.673283042914706,7.792530012775055,10.537761621900545,8.432433160126442,12.364359465819488,9.254258263091646,11.66028267238835
42.0777668388833,40.28687374247353,22.92549263661025,21.02859654612637,24.683728587877482,18.306737393116613,19.729199317768416,35.851153782944614,37.36829222260494,30.841522027548745,16.869995139299835,14.895947401894247,23.569707528944857,29.10404205604438,18.87984049191094,13.032003836709073,18.878313934247412,14.762072483225381,19.311782543307597,20.152195934934735,14.886270486592672,21.676278670472936,24.602444126549706,22.464159565850668,27.595374847970447,31.82034493841951,35.88911060475029,26.475481865303227,41.337266298099586,33.71007850776975,20.67878969246661,18.711780983772744,16.00257103941535,12.11061613197794,10.908749923799705,8.910341637615286,10.400074579983249,10.957750993102893,10.18592419526288,7.618450140398724,6.4738649970477455,10.239330886342135,4.5799276195153995,3.2391691836024865,10.236515862343007,8.805061328576878,5.966156635556931,9.150394964153188,4.078627220033721,9.699655303153818,7.221442584414834,6.121462652013815,11.280486204060534,7.755955195847898,11.269343192928327,10.398449884477973,9.66699705182535,14.292810255509586,16.10354299525418,22.037385530048706,28.105035852,17.360417996892277,15.611042421098078,14.503367969379903,10.787985380903233,7.026511353000002,6.070204049452303,3.2535150239666453,1.5386606311277764,0.20051150849585628,2.8960172651419054,0.0,2.0357959131504315,2.872,3.2163780872279304,4.078627220033721,4.549579431112287,4.313,5.195073146742017,5.933398688778633,5.933398688778633,7.195,8.756551832770706,11.518,11.876495274280204,14.4,14.688322436548022,15.90704199403522,16.10354299525418,17.342555405706506,23.791136149211695,18.525962199081047,11.850925364151024,12.939166194512042,10.707818953897762,12.37249156987232,12.437668865463634,10.057364139415814,7.662142182184093,10.51745657302955,10.537761621900545,4.5799276195153995,5.970985262081962,8.808333837906009,8.806692057747902,4.344011510113664,5.792008632590252,7.240006906074054,8.68800575506255,7.24,4.57363061473049,8.805061328576878,6.464955374942661,8.16429911259993,8.404663050949752,9.66699705182535,11.62295973493843,12.892307318707541,16.425821653725574,19.34292811339586,34.30267807794545,31.52156366793114,30.240346037310793,25.86859374649975,20.288506403519023,21.08744909987341,18.30697989996233,17.318735030224985,15.78954821724535,12.95197770691949,13.349033223421086,14.76597656777228,13.346870344766222,10.239330886342135,11.674521703264764,13.112529313599266,14.552518716703306,15.99395463917539,10.136004932911192,14.480003453038261,10.136,10.236515862343007,11.672052818591938,14.550538168741388,10.53503108680748,13.344714609162686,11.015464810892002,15.10868521745026,11.655342637606154,14.245755157238946
44.103446955964316,42.31652195606916,24.86768116313692,23.051293540135223,26.67173102743802,20.32780189715642,21.711049695898392,37.62047600505566,39.12265832495902,32.6472748131753,18.853348588513395,16.864866320252883,25.281834427113868,30.713755761873212,20.475837174582143,14.5515250403523,20.272,15.993050522023621,20.475837174582143,21.07552324380109,15.58506002555011,22.073462800385446,24.87171252648277,22.573734205930574,27.762774789274935,32.0976227312865,36.13709762833756,26.016891147867764,41.70468366982299,33.72723813181269,22.326837146010075,20.330600450505667,17.801308809740615,13.915827603019029,12.806305516844118,10.697358810725415,12.435730642435681,12.959908317881938,12.144929774534052,9.57731886579931,8.432433160126442,11.937126119799522,6.469403991095316,5.213085458727874,11.584,10.136,7.24,10.237918587291071,4.576769275373186,10.537761621900545,7.792530012775055,6.469403991095316,11.66028267238835,7.217619552179236,11.286867102965287,10.214187437089647,9.244419343582376,14.454839051335025,15.050529425903928,20.988986159412274,29.57150854878103,18.733016691151196,16.94116999521756,15.653931413466491,12.050092532406458,8.580571209781077,7.217526520613773,4.323209255505532,3.485292226690687,1.9061298851608421,2.0428374874179296,2.0357959131504315,0.0,2.0428374874179296,1.441,2.0428374874179296,4.085674974835859,3.2253105276856675,3.2253105276856675,5.203378229573553,4.323,5.943096835825578,7.205,10.190401022530958,10.190401022530958,13.04958485929725,13.04958485929725,14.41,14.482568971007872,16.11338006130309,24.665561829594587,19.06322095308088,12.546146579165576,13.30480344946543,11.194690305295104,12.505789126471694,12.252178518498555,9.799421263517921,7.369808105074163,9.682655199370599,9.699655303153818,4.085674974835859,5.213085458727874,7.792530012775055,7.788837140420898,3.234701995547658,4.576769275373186,5.968563059899761,7.382010633966874,5.966156635556931,2.896,7.24,4.576769275373186,6.128512462253789,6.450621055371335,7.765232836174328,9.675931583057004,10.982618312588306,14.698126275141332,17.426181480749015,34.90891756746163,32.10848256149114,30.76956094008705,26.182788385009033,20.47604430552426,21.070857768384794,18.197521698450497,17.06042452039216,15.143948482947101,12.0313052634652,12.364359465819488,13.730307826119558,12.360866676734283,9.153538550746372,10.537761621900545,11.937126119799522,13.346870344766222,14.764021267933748,8.806692057747902,13.11142650515191,8.805061328576878,8.688,10.136,13.032,8.806692057747902,11.673283042914706,9.153538550746372,13.346870344766222,9.704105986642974,12.364359465819488
43.93484235777015,42.19390823261106,25.51474293330393,23.344013771199453,26.307531564173782,20.180228188409917,21.34213807752714,36.662580719192704,38.13604216006162,31.767403560501677,18.508516526183293,16.479702454838193,24.26248645543156,29.528042535867495,19.314018354552736,13.346870344766222,18.8790745800741,14.48,18.8790745800741,19.314018354552736,13.730307826119558,20.091613797801312,22.85908871761952,20.540110637481973,25.733406012418957,30.082565050208068,34.115984816505005,24.017145958668777,39.703458803988354,31.685398040737947,23.527657589684857,21.569403499133657,18.782916454478066,14.896252879764774,13.610524490261207,11.720180719554655,12.563952215334702,12.762625544138144,11.786154864925615,9.27816518059284,8.171349949671718,11.019384057196662,6.128512462253789,5.203378229573553,10.237918587291071,8.806692057747902,5.968563059899761,8.688,2.896,8.806692057747902,5.968563059899761,4.576769275373186,9.704105986642974,5.203378229573553,9.254258263091646,8.171349949671718,7.217619552179236,12.435856263241385,13.288407617167678,19.230070852703587,30.977035852,20.224123838298194,18.466778876741763,17.308968355409373,13.62212081481903,9.898511353000002,8.846559625186908,5.953603279626271,4.353206236532165,2.888949439682059,4.085674974835859,2.872,2.0428374874179296,0.0,1.448,2.896,2.0428374874179296,1.441,3.234701995547658,3.2253105276856675,3.2253105276856675,4.323,5.943096835825578,8.646,9.11812107838013,11.528,11.886193671651156,13.04958485929725,13.288407617167678,14.482568971007872,26.485562723552608,21.00788494352661,14.425001080015145,15.285803665993987,13.138715110293402,14.527456613136437,14.295015867550878,11.842037681052325,9.412645592492094,11.639455518432229,11.655342637606154,6.128512462253789,7.2274195256675124,9.704105986642974,9.699655303153818,5.213085458727874,6.469403991095316,7.792530012775055,9.153538550746372,7.788837140420898,4.576769275373186,8.806692057747902,5.792,6.469403991095316,6.128512462253789,7.217619552179236,9.244419343582376,10.406756459147106,13.677181617570193,16.826450724974652,36.84197118088693,34.04672930064555,32.72479128183394,28.187138393044833,22.497954892553956,23.11150585338047,20.240261091636757,19.099989122353502,17.130178027580094,13.944518173696624,14.249797191539253,15.58506002555011,14.245755157238946,11.019384057196662,12.364359465819488,13.730307826119558,15.111542906004006,16.50422712519432,10.537761621900545,14.764021267933748,10.53503108680748,10.237918587291071,11.673283042914706,14.5515250403523,10.136,13.032,10.237918587291071,14.5515250403523,10.537761621900545,13.346870344766222
45.02577200479657,43.26281069762439,26.14180447012162,24.186227999152862,27.477032900224145,21.247579151389605,22.50932819738896,38.037935290752785,39.51872479485497,33.120866047357374,19.662043840862527,17.64703853341971,25.64877153003629,30.94947754001673,20.72781495961405,14.764021267933748,20.323150961403595,15.928,20.323150961403595,20.72781495961405,15.111542906004006,21.35627647788818,24.06551360349494,21.682258577002536,26.888893636592783,31.278512752367238,35.29407706683942,24.832653422459714,40.925661008711884,32.75905494668611,23.743170474164383,21.752011245092515,19.169634282789616,15.279364057974544,14.117423206476177,12.065682762504766,13.477449670142112,13.838424062723885,12.93069217053046,10.385456817623256,9.254258263091646,12.364359465819488,7.2274195256675124,6.128512462253789,11.673283042914706,10.237918587291071,7.382010633966874,10.136,4.344,10.237918587291071,7.382010633966874,5.968563059899761,11.019384057196662,6.128512462253789,10.426170917455748,9.254258263091646,8.171349949671718,13.64188700290396,13.677181617570193,19.607971669706178,31.010860261787215,20.17401549892706,18.381876246442193,17.084770278424784,13.489922753996401,10.00386080498274,8.656441536553178,5.7641569432909,4.746542626526231,3.140505395490236,3.2253105276856675,3.2163780872279304,1.441,1.448,0.0,1.448,3.234701995547658,2.0428374874179296,2.0428374874179296,4.085674974835859,2.882,4.559060539190065,5.764,8.766414318294567,8.766414318294567,11.618583734689869,11.618583734689869,12.969,13.04958485929725,14.698126275141332,26.046521625415544,20.364166149217795,13.906966892836053,14.570932066049968,12.508729193306097,13.69459662333205,13.30752894618424,10.848982050425523,8.448249263207426,10.406208661654757,10.420645853304872,5.203378229573553,6.128512462253789,8.432433160126442,8.427310899687988,4.085674974835859,5.213085458727874,6.469403991095316,7.792530012775055,6.464955374942661,3.234701995547658,7.382010633966874,4.344,5.213085458727874,5.203378229573553,6.450621055371335,8.413225362487326,9.675931583057004,13.288407617167678,16.12655263842834,36.21239663152197,33.40793877810453,32.05178640528822,27.394962799548786,21.650918734849856,22.156928079808715,19.251050230197226,18.046290297721526,15.923085861006083,12.657360850946908,12.938807982190632,14.249797191539253,12.934356265388704,9.704105986642974,11.019384057196662,12.364359465819488,13.730307826119558,15.111542906004006,9.153538550746372,13.346870344766222,9.150394964153188,8.806692057747902,10.237918587291071,13.11142650515191,8.688,11.584,8.806692057747902,13.11142650515191,9.153538550746372,11.937126119799522
46.13635577561074,44.35323094178104,26.832427824473115,25.083813081428865,28.6719700230033,22.357795907755268,23.707514886113763,39.41849344375901,40.90592762899985,34.482010012152806,20.852341834911496,18.853348588513395,27.041525863012982,32.37326724320546,22.14603190190062,16.18663362160273,21.767748643348487,17.376,21.767748643348487,22.14603190190062,16.50422712519432,22.642913968833604,25.297299480379323,22.85908871761952,28.071523382246287,32.49497511923959,36.491598211095116,25.703919156424377,42.1621658006322,33.86060130889586,24.04410581978476,22.02848671844762,19.655666219589275,15.786481247394821,14.749586674937845,12.569493742859681,14.47839120735497,14.977074423920829,14.131014171602326,11.56825334711638,10.426170917455748,13.730307826119558,8.432433160126442,7.2274195256675124,13.11142650515191,11.673283042914706,8.806692057747902,11.584,5.792,11.673283042914706,8.806692057747902,7.382010633966874,12.364359465819488,7.2274195256675124,11.66028267238835,10.426170917455748,9.254258263091646,14.891106372597035,14.203599015742453,20.083398342909998,31.112112852972448,20.22770440942514,18.41081841191629,16.981512694825835,13.512485497644535,10.313454465186236,8.706305241004312,5.932876749318217,5.504755877700529,3.946254859124951,2.882,4.078627220033721,2.0428374874179296,2.896,1.448,0.0,4.576769275373186,3.234701995547658,1.441,5.213085458727874,3.2253105276856675,5.203378229573553,5.943096835825578,9.11812107838013,8.646,11.886193671651156,11.528,13.04958485929725,12.969,15.050529425903928,25.68172410067594,19.805572551820962,13.524799745594686,13.970029950990483,12.020989365001707,12.970364902538154,12.410744645408325,9.967967426785021,7.638150442136423,9.235520594651634,9.248033088176102,4.559060539190065,5.203378229573553,7.2274195256675124,7.221442584414834,3.2253105276856675,4.085674974835859,5.213085458727874,6.469403991095316,5.207563729806866,2.0428374874179296,5.968563059899761,2.896,4.085674974835859,4.559060539190065,5.943096835825578,7.765232836174328,9.11812107838013,13.04958485929725,15.530465672348656,35.630575452889104,32.820639523502955,31.431122587347122,26.657955862906327,20.870074215937816,21.258189693781357,18.322966705027017,17.050542822598175,14.75939481880459,11.408829402073266,11.66028267238835,12.938807982190632,11.655342637606154,8.432433160126442,9.704105986642974,11.019384057196662,12.364359465819488,13.730307826119558,7.792530012775055,11.937126119799522,7.788837140420898,7.382010633966874,8.806692057747902,11.673283042914706,7.24,10.136,7.382010633966874,11.673283042914706,7.792530012775055,10.537761621900545
43.86083768701494,42.17001450587281,26.304923825659156,23.80903597431907,26.09861237690617,20.238825546522012,21.164838920783165,35.79575121625013,37.235458891445255,30.99738174789217,18.385537386761367,16.342699899343437,23.377590038325163,28.439799032341984,18.307077101492744,12.364359465819488,17.613384115495805,13.11142650515191,17.376,17.613384115495805,11.937126119799522,18.123313714660462,20.852341834911496,18.508516526183293,23.70635096340219,28.071523382246287,32.0976227312865,22.025311462042936,37.70669717702679,29.64369538367307,24.838680648747335,22.923598974392682,19.926255938636764,16.07771164808146,14.657341601028751,12.986075491565444,13.015558533048583,12.890165551763461,11.77599013975707,9.422846256813031,8.413225362487326,10.426170917455748,6.450621055371335,5.943096835825578,9.153538550746372,7.792530012775055,5.213085458727874,7.382010633966874,2.0428374874179296,7.24,4.344,2.896,7.792530012775055,3.2253105276856675,7.2274195256675124,6.128512462253789,5.203378229573553,10.426170917455748,11.618583734689869,17.532828636589134,32.45035828001838,21.804834915740436,20.084495845255656,19.039474056801385,15.305750257582734,11.431588766432073,10.619647608476052,7.781196293338491,5.839513436077917,4.626564231800449,6.128512462253789,4.549579431112287,4.085674974835859,2.0428374874179296,3.234701995547658,4.576769275373186,0.0,1.448,4.344,1.441,3.234701995547658,3.2253105276856675,5.203378229573553,7.349063137570666,8.413225362487326,10.190401022530958,10.982618312588306,11.886193671651156,12.319298681337342,12.969,28.335957636842373,22.9695980917151,16.343252073286028,17.281208366364986,15.108836767515763,16.554322686759058,16.337853251204866,13.884719146566816,11.455483079910024,13.621542050048022,13.636608119323515,8.171349949671718,9.254258263091646,11.66028267238835,11.655342637606154,7.2274195256675124,8.432433160126442,9.704105986642974,11.019384057196662,9.699655303153818,6.469403991095316,10.537761621900545,7.382010633966874,7.382010633966874,6.469403991095316,7.2274195256675124,9.254258263091646,10.214187437089647,12.90124211074267,16.46005640938086,38.78628011623151,35.99654524730523,34.69011989649876,30.19664723049829,24.523334363275165,25.15250938825345,22.28301847034357,21.14018576389635,19.128334816680194,15.890035803937806,16.173509977738288,17.481796503792168,16.16905764106245,12.938807982190632,14.249797191539253,15.58506002555011,16.93885710430311,18.307077101492744,12.364359465819488,16.50422712519432,12.360866676734283,11.937126119799522,13.346870344766222,16.18663362160273,11.673283042914706,14.5515250403523,11.584,15.928,11.673283042914706,14.5515250403523
44.90689753515019,43.19098995093772,26.835563036299778,24.550100445893815,27.20009705865036,21.204590577533537,22.247246946987257,37.146764237653976,38.59608644194379,32.31823178912755,19.43875924538395,17.399074917937448,24.728718931638976,29.842815299498806,19.686713082685998,13.730307826119558,19.04334266876485,14.5515250403523,18.824,19.04334266876485,13.346870344766222,19.408211973285947,22.073462800385446,19.662043840862527,24.87171252648277,29.278006369969933,33.284161894210285,22.820129557038012,38.93772838777321,30.72045735336634,24.959048877676235,23.004538852951807,20.187600048843272,16.305214503252582,14.989980516998681,13.14012226347307,13.747731095319466,13.805083473552685,12.758130320727396,10.313582683621018,9.244419343582376,11.66028267238835,7.217619552179236,6.450621055371335,10.537761621900545,9.153538550746372,6.469403991095316,8.806692057747902,3.234701995547658,8.688,5.792,4.344,9.153538550746372,4.085674974835859,8.432433160126442,7.2274195256675124,6.128512462253789,11.66028267238835,11.886193671651156,17.829290507476735,32.418035852,21.661789723539034,19.901382304129825,18.724239752192798,15.049532330366878,11.339511353000002,10.259428356491757,7.357562164954958,5.786689168927473,4.327636059679613,5.203378229573553,4.313,3.2253105276856675,1.441,2.0428374874179296,3.234701995547658,1.448,0.0,2.896,2.0428374874179296,2.0428374874179296,2.882,4.559060539190065,7.205,7.765232836174328,10.087,10.494493079706137,11.618583734689869,11.886193671651156,13.04958485929725,27.850840978270757,22.28849617285603,15.755365826630877,16.525828940172747,14.419639792638794,15.695450699058043,15.345191066190914,12.886371594441595,10.4790125087018,12.416330124701199,12.430065204977808,7.217619552179236,8.171349949671718,10.426170917455748,10.420645853304872,6.128512462253789,7.2274195256675124,8.432433160126442,9.704105986642974,8.427310899687988,5.213085458727874,9.153538550746372,5.968563059899761,5.968563059899761,5.213085458727874,6.128512462253789,8.171349949671718,9.244419343582376,12.319298681337342,15.610134688720658,38.13382942428069,35.33367316132638,33.99435332175158,29.387298480179492,23.66019501205923,24.191797776295047,21.29023884454152,20.089127785139457,17.938825182809595,14.630756182267321,14.891106372597035,16.173509977738288,14.886270486592672,11.66028267238835,12.938807982190632,14.249797191539253,15.58506002555011,16.93885710430311,11.019384057196662,15.111542906004006,11.015464810892002,10.537761621900545,11.937126119799522,14.764021267933748,10.237918587291071,13.11142650515191,10.136,14.48,10.237918587291071,13.11142650515191
47.06296205599574,45.30281245104947,28.09136022833702,26.20996245051846,29.49306576129379,23.28656457439285,24.525484726612554,39.86922238660042,41.33515564491046,34.990129915137594,21.682258577002536,19.662043840862527,27.460615652239117,32.66063013782802,22.471806691941794,16.50422712519432,21.910370238770497,17.435649027208594,21.72,21.910370238770497,16.18663362160273,22.038768114393324,24.589696704107595,22.073462800385446,27.28377400580792,31.751603817760138,35.7151473887481,24.589153564122533,41.44189035263715,32.95940490967639,25.446462895533895,23.43552575969554,21.00205846416148,17.122343890762338,16.03132702185019,13.902961912908655,15.51679821848611,15.874774871837818,14.95132115562634,12.414109881767251,11.286867102965287,14.249797191539253,9.254258263091646,8.171349949671718,13.346870344766222,11.937126119799522,9.153538550746372,11.673283042914706,5.968563059899761,11.584,8.688,7.24,11.937126119799522,6.469403991095316,11.019384057196662,9.704105986642974,8.432433160126442,14.249797191539253,12.90124211074267,18.746489378014218,32.547132968996785,21.665132694610417,19.84946674672173,18.421958152529953,14.950368296242265,11.703475284069084,10.138737788775247,7.340800741240747,6.696096196522159,5.094637613527314,4.323,5.195073146742017,3.2253105276856675,3.234701995547658,2.0428374874179296,1.441,4.344,2.896,0.0,4.576769275373186,2.0428374874179296,4.085674974835859,4.559060539190065,7.765232836174328,7.205,10.494493079706137,10.087,11.618583734689869,11.528,13.677181617570193,27.087548120804982,21.15907691635932,14.935565082412117,15.31695026028704,13.409114896721714,14.266413098778319,13.607130221244502,11.188614349061067,8.919257159897164,10.197213818207132,10.207135984202425,5.943096835825578,6.450621055371335,8.171349949671718,8.16429911259993,4.559060539190065,5.203378229573553,6.128512462253789,7.2274195256675124,6.121462652013815,3.2253105276856675,6.469403991095316,3.234701995547658,3.234701995547658,3.2253105276856675,4.559060539190065,6.450621055371335,7.765232836174328,11.618583734689869,14.203599015742453,36.96479423953089,34.153814746404606,32.75087113994574,27.923917203056593,22.118020965720067,22.4279291486108,19.476581062227755,18.15170739183766,15.69070377963244,12.23808921743952,12.435856263241385,13.64188700290396,12.430065204977808,9.254258263091646,10.426170917455748,11.66028267238835,12.938807982190632,14.249797191539253,8.432433160126442,12.364359465819488,8.427310899687988,7.792530012775055,9.153538550746372,11.937126119799522,7.382010633966874,10.237918587291071,7.24,11.584,7.382010633966874,10.237918587291071
44.88078784777552,43.21572406457542,27.663103874951684,25.075637758189636,27.074888605495683,21.357810593014495,22.17107366689078,36.3486730909424,37.76152192187848,31.627374444056507,19.428873461938032,17.389192534445066,23.94798465424596,28.838575901039217,18.810566206257587,12.938807982190632,17.905689179699284,13.346870344766222,17.435649027208594,17.435649027208594,11.673283042914706,17.481796503792168,20.091613797801312,17.64703853341971,22.85908871761952,27.28377400580792,31.278512752367238,20.81351291829421,36.95578472986333,28.682463091582633,26.277680026806614,24.364194886499067,21.352982998359057,17.510209706854805,16.076186233346764,14.42536986259405,14.307513443195283,14.071426682598304,12.91059055784474,10.640894334268022,9.675931583057004,11.286867102965287,7.765232836174328,7.349063137570666,9.704105986642974,8.432433160126442,6.128512462253789,7.792530012775055,3.2253105276856675,7.382010633966874,4.576769275373186,3.234701995547658,7.382010633966874,2.0428374874179296,6.469403991095316,5.213085458727874,4.085674974835859,9.704105986642974,10.190401022530958,16.11338006130309,33.889983960265035,23.234064145187624,21.50774350997212,20.436518860330565,16.713623210325338,12.862277187347578,11.996838347173439,9.131719813675005,7.2655520210190865,5.995036579619451,7.217619552179236,5.933398688778633,5.203378229573553,3.2253105276856675,4.085674974835859,5.213085458727874,1.441,2.0428374874179296,4.576769275373186,0.0,2.896,2.0428374874179296,4.085674974835859,5.943096835825578,7.217619552179236,8.766414318294567,9.675931583057004,10.494493079706137,10.982618312588306,11.528,29.68608710508361,24.23223535586199,17.646692225555988,18.499739269683214,16.362459701017944,17.705895589247827,17.38406802397757,14.92525055768268,12.51370691289247,14.43563988263861,14.448859885817981,9.244419343582376,10.214187437089647,12.435856263241385,12.430065204977808,8.171349949671718,9.254258263091646,10.426170917455748,11.66028267238835,10.420645853304872,7.2274195256675124,11.019384057196662,7.792530012775055,7.24,5.968563059899761,6.469403991095316,8.432433160126442,9.254258263091646,11.63163071112559,15.350351136048975,40.067275841035254,37.27187833663998,35.948038524486236,31.386127622528683,25.67476862513609,26.227906271078748,23.330065905386398,22.131965272557387,19.960075263932143,16.620939781457107,16.864866320252883,18.123313714660462,16.859741872282623,13.64188700290396,14.891106372597035,16.173509977738288,17.481796503792168,18.810566206257587,12.938807982190632,16.93885710430311,12.934356265388704,12.364359465819488,13.730307826119558,16.50422712519432,11.937126119799522,14.764021267933748,11.673283042914706,15.993050522023621,11.584,14.48
46.94881524691173,45.23378376234386,28.737389860586553,26.54534785483245,29.234541641695017,23.2464768393756,24.284338490017998,39.01938005474398,40.453466173017674,34.2307622428568,21.47904290232691,19.43875924538395,26.602537942835454,31.613284865701633,21.51432102112451,15.58506002555011,20.72781495961405,16.18663362160273,20.323150961403595,20.323150961403595,14.5515250403523,20.155768429906114,22.642913968833604,20.091613797801312,25.297299480379323,29.78221274519407,33.729732640505766,22.554016582418306,39.47944772916663,30.93335974316401,26.583792141204825,24.60167141199336,21.934227383890477,18.042595941118904,16.80359717413959,14.843652398429594,15.750842568294997,15.844443202697766,14.800967791679222,12.352406754060576,11.277008291209153,13.64188700290396,9.244419343582376,8.413225362487326,12.364359465819488,11.019384057196662,8.432433160126442,10.537761621900545,5.213085458727874,10.237918587291071,7.382010633966874,5.968563059899761,10.237918587291071,4.576769275373186,9.153538550746372,7.792530012775055,6.469403991095316,12.364359465819488,10.982618312588306,16.87606189251509,33.889983960265035,23.0560135615624,21.263408179424758,19.950836448746074,16.37020078213013,12.862277187347578,11.535833219831291,8.64610462965194,7.466817454942268,5.897503381864506,5.943096835825578,5.933398688778633,4.323,3.2253105276856675,2.882,3.2253105276856675,3.234701995547658,2.0428374874179296,2.0428374874179296,2.896,0.0,2.0428374874179296,2.882,5.943096835825578,5.943096835825578,8.766414318294567,8.766414318294567,10.087,10.190401022530958,11.886193671651156,28.826079712833156,23.016165811161507,16.66908763260599,17.186025723317044,15.205973235260814,16.19553310872407,15.604425944656835,13.172046401056715,10.860455323264345,12.24004896680967,12.249973061194869,7.765232836174328,8.413225362487326,10.214187437089647,10.207135984202425,6.450621055371335,7.217619552179236,8.171349949671718,9.254258263091646,8.16429911259993,5.203378229573553,8.432433160126442,5.213085458727874,4.344,3.234701995547658,4.085674974835859,6.128512462253789,7.217619552179236,10.494493079706137,13.612949129413508,38.84851147640444,36.03915511497988,34.65368898716549,29.880328497820404,24.087526883962838,24.439418520301253,21.49344316217336,20.18287632863359,17.731737780110663,14.268168223282181,14.454839051335025,15.639256376183619,14.448859885817981,11.286867102965287,12.435856263241385,13.64188700290396,14.891106372597035,16.173509977738288,10.426170917455748,14.249797191539253,10.420645853304872,9.704105986642974,11.019384057196662,13.730307826119558,9.153538550746372,11.937126119799522,8.806692057747902,13.11142650515191,8.688,11.584
46.92341077429481,45.25695461409222,29.510964106929663,27.031374804299684,29.117388138361584,23.385458114176085,24.21373909003386,38.25984208018774,39.657497760625255,33.578673975840296,21.469154641019287,19.428873461938032,25.877615964381263,30.6664176094959,20.71463955756894,14.891106372597035,19.686713082685998,15.111542906004006,19.04334266876485,18.824,13.032,18.307077101492744,20.71463955756894,18.123313714660462,23.3205653447767,27.823414905435314,31.751603817760138,20.5204099617917,37.52558700406964,28.90967810267005,27.824807372554865,25.87676515513539,23.010444848467507,19.137456630269195,17.778208005870557,15.991311800444034,16.240487254673543,16.075778474944766,14.931231055809556,12.625377264815945,11.63163071112559,13.322605300766064,9.675931583057004,9.11812107838013,11.66028267238835,10.426170917455748,8.171349949671718,9.704105986642974,5.203378229573553,9.153538550746372,6.469403991095316,5.213085458727874,8.688,2.896,7.382010633966874,5.968563059899761,4.576769275373186,10.537761621900545,9.11812107838013,15.050529425903928,35.300035852,24.538294929086277,22.773012419977373,21.56500818074653,17.910885100999945,14.221511353000002,13.103559142537843,10.196532009030163,8.661142623105945,7.207782590023043,7.765232836174328,7.195,5.943096835825578,4.323,4.559060539190065,5.203378229573553,3.2253105276856675,2.882,4.085674974835859,2.0428374874179296,2.0428374874179296,0.0,2.0428374874179296,4.323,5.203378229573553,7.205,7.765232836174328,8.766414318294567,9.11812107838013,10.190401022530958,30.60223602981157,24.902361561533674,18.46597494518034,19.090740295989654,17.058289824875533,18.14955681680855,17.612171793014436,15.171252147768397,12.833245940636564,14.28288478443912,14.292810255509586,9.675931583057004,10.406756459147106,12.257024924507578,12.249973061194869,8.413225362487326,9.244419343582376,10.214187437089647,11.286867102965287,10.207135984202425,7.217619552179236,10.426170917455748,7.2274195256675124,5.968563059899761,4.344,4.576769275373186,6.469403991095316,7.2274195256675124,9.675931583057004,13.312734993231107,40.74756489281046,37.940805356125956,36.571616458847686,31.847594576547785,26.06832218097729,26.45571241387731,23.514790198035463,22.21618514855649,19.773144269565115,16.3014352497487,16.479702454838193,17.64703853341971,16.47358348993928,13.322605300766064,14.454839051335025,15.639256376183619,16.864866320252883,18.123313714660462,12.435856263241385,16.173509977738288,12.430065204977808,11.66028267238835,12.938807982190632,15.58506002555011,11.019384057196662,13.730307826119558,10.537761621900545,14.764021267933748,10.237918587291071,13.11142650515191
48.96605160260911,47.29832391806799,31.383005895621515,28.99912427369333,31.159931980028453,25.415538536349885,26.256431286406187,40.183969024097266,41.567392141094025,35.540262347469955,23.509879795524263,21.469154641019287,27.823414905435314,32.51985928628843,22.642913968833604,16.864866320252883,21.51432102112451,16.93885710430311,20.72781495961405,20.323150961403595,14.5515250403523,19.314018354552736,21.51432102112451,18.810566206257587,23.94798465424596,28.499594383078506,32.347019955476576,20.428374874179294,38.196278679997086,29.278006369969933,29.432460193608268,27.4580830962533,24.725647237646154,20.838028183415926,19.545638029768998,17.655004404570526,18.1974800895952,18.08874313674821,16.95719148714296,14.625937232355586,13.612949129413508,15.36022867668317,11.63163071112559,10.982618312588306,13.64188700290396,12.435856263241385,10.214187437089647,11.66028267238835,7.217619552179236,11.019384057196662,8.432433160126442,7.2274195256675124,10.237918587291071,4.576769275373186,8.688,7.24,5.792,11.673283042914706,8.413225362487326,14.203599015742453,36.76955832584816,25.938012054722876,24.145051842357677,22.820916338803816,19.250994244083028,15.729302778027193,14.416267341991238,11.528078472446685,10.275646301105859,8.735569022055936,8.766414318294567,8.756551832770706,7.205,5.943096835825578,5.764,5.943096835825578,5.203378229573553,4.559060539190065,4.559060539190065,4.085674974835859,2.882,2.0428374874179296,0.0,3.2253105276856675,3.2253105276856675,5.943096835825578,5.943096835825578,7.205,7.349063137570666,9.11812107838013,31.62398302614621,25.71770523084849,19.465998172417414,19.875078542023104,17.96070115645456,18.8058622954593,18.06980186584865,15.681742545161466,13.458748531864202,14.420827532076599,14.427254347241544,10.494493079706137,10.982618312588306,12.416326711229857,12.408204100513498,9.11812107838013,9.675931583057004,10.406756459147106,11.277008291209153,10.398449884477973,7.765232836174328,10.214187437089647,7.217619552179236,5.213085458727874,3.234701995547658,2.896,4.576769275373186,5.213085458727874,7.765232836174328,11.277008291209153,41.51732007326571,38.706109044976095,37.29679821470163,32.431403353642494,26.61329496150735,26.83752487259345,23.873523220621973,22.486445879333576,19.796369214283608,16.234663938150227,16.342699899343437,17.399074917937448,16.335647523131733,13.312734993231107,14.299862411925508,15.36022867668317,16.479702454838193,17.64703853341971,12.257024924507578,15.639256376183619,12.249973061194869,11.286867102965287,12.435856263241385,14.891106372597035,10.426170917455748,12.938807982190632,9.704105986642974,13.730307826119558,9.153538550746372,11.937126119799522
50.10707776736035,48.51221132809762,33.58822049600721,30.884043237100705,32.263524683456396,26.905284809558776,27.46816560530087,40.259941194821536,41.5746702167798,35.82266630187896,24.832653422459714,22.820129557038012,28.071523382246287,32.347019955476576,22.85908871761952,17.399074917937448,21.35627647788818,16.864866320252883,20.155768429906114,19.314018354552736,13.730307826119558,17.435649027208594,19.314018354552736,16.50422712519432,21.51432102112451,26.090242850537056,29.82959818703564,17.399074917937448,35.74005283991617,26.550916839160188,32.12889349140601,30.188597855475486,27.267927162012647,23.408605270134494,22.005900138371985,20.284430682151783,20.17499975884049,19.78265286484872,18.556576548057937,16.434494547733962,15.530465672348656,16.46005640938086,13.677181617570193,13.288407617167678,14.299862411925508,13.312734993231107,11.63163071112559,12.257024924507578,9.11812107838013,11.286867102965287,9.244419343582376,8.413225362487326,9.704105986642974,5.203378229573553,7.792530012775055,6.469403991095316,5.213085458727874,10.237918587291071,5.203378229573553,10.982618312588306,39.623035852,28.85510888953326,27.084588335036802,25.84328593934539,22.21292625272316,18.544511353,17.393147075845334,14.486883585201362,12.979099989513237,11.52973932337758,11.886193671651156,11.518,10.190401022530958,8.646,8.766414318294567,9.11812107838013,7.349063137570666,7.205,7.765232836174328,5.943096835825578,5.943096835825578,4.323,3.2253105276856675,0.0,2.896,2.882,4.085674974835859,4.559060539190065,5.203378229573553,5.943096835825578,34.76902824735479,28.918863236341917,22.611511740562992,23.078856002465358,21.135783088152948,22.025950323347267,21.293340975050754,18.90705119850452,16.678224236886514,17.60401456388748,17.609613737955755,13.677181617570193,14.203599015742453,15.610134688720658,15.601827617301762,12.319298681337342,12.90124211074267,13.612949129413508,14.435239104358471,13.604481761537262,10.982618312588306,13.312734993231107,10.406756459147106,8.171349949671718,6.128512462253789,5.213085458727874,5.968563059899761,5.792,6.128512462253789,10.426170917455748,44.730011255244456,41.919044646454395,40.51457706044236,35.656702705601504,29.83845717048843,30.05069706081248,27.085036552635934,25.684330605173695,22.932250813068563,19.349435477732765,19.428873461938032,20.428374874179294,19.421457823757724,16.46005640938086,17.389192534445066,18.385537386761367,19.43875924538395,20.540110637481973,15.350351136048975,18.508516526183293,15.342842631012024,14.299862411925508,15.36022867668317,17.64703853341971,13.322605300766064,15.639256376183619,12.435856263241385,16.173509977738288,11.66028267238835,14.249797191539253
52.0481718568089,50.401565957566866,34.59979237063967,32.21923069263476,34.2188642856539,28.574880206223405,29.343815806321196,42.78475973281655,44.12924661932235,38.250549100348955,26.625469986462214,24.589153564122533,30.50551256740329,34.963593007584336,25.297299480379323,19.662043840862527,23.94798465424596,19.408211973285947,22.883846376865932,22.14603190190062,16.50422712519432,20.323150961403595,22.14603190190062,19.314018354552736,24.26248645543156,28.838575901039217,32.51985928628843,19.662043840862527,38.45302278105065,29.112317959928923,32.50898568084928,30.518297794536366,27.876282315129952,23.984941963853412,22.728034914649,20.786718474828795,21.41965293727267,21.278663066341444,20.127559419908557,17.827864353988147,16.826450724974652,18.385537386761367,14.853032047363259,14.203599015742453,16.479702454838193,15.36022867668317,13.312734993231107,14.454839051335025,10.406756459147106,13.64188700290396,11.286867102965287,10.214187437089647,12.364359465819488,7.2274195256675124,10.537761621900545,9.153538550746372,7.792530012775055,13.11142650515191,7.2274195256675124,12.416326711229857,39.728727466769904,28.857618572485798,27.046464423145803,25.625120800080825,22.145861499148,18.76927588697939,17.32223135019098,14.478378034938881,13.409286680248078,11.838994358186312,11.528,11.876495274280204,10.190401022530958,9.11812107838013,8.766414318294567,8.646,8.413225362487326,7.765232836174328,7.205,7.217619552179236,5.943096835825578,5.203378229573553,3.2253105276856675,2.896,0.0,4.085674974835859,2.882,4.559060539190065,4.323,7.217619552179236,34.1606681033225,28.057621516929053,22.048129516891407,22.229249593694952,20.459708632174706,21.03154434902472,20.076988665628505,17.79334435132573,15.745050295972916,16.115807291421504,16.11761768996895,13.04958485929725,13.288407617167678,14.203599015742453,14.194468817113234,11.618583734689869,11.886193671651156,12.319298681337342,12.90124211074267,12.309941510827743,10.190401022530958,11.63163071112559,9.11812107838013,6.450621055371335,4.559060539190065,3.2253105276856675,3.234701995547658,2.896,4.559060539190065,8.171349949671718,43.73763795068288,40.92946257565233,39.47701175428265,34.46059035819975,28.63102425248584,28.64983979164065,25.6838888191319,24.199096361374615,21.219916670765976,17.61001006632306,17.617792029650026,18.48883868716475,17.609613737955755,14.853032047363259,15.610134688720658,16.46005640938086,17.389192534445066,18.385537386761367,13.612949129413508,16.342699899343437,13.604481761537262,12.416326711229857,13.312734993231107,15.36022867668317,11.277008291209153,13.322605300766064,10.214187437089647,13.64188700290396,9.254258263091646,11.66028267238835
52.320415660094156,50.771001525890775,36.33796547873409,33.516287661048594,34.50277752587464,29.37122674204355,29.789174304103057,41.78906445092477,43.046975081113395,37.52135766434598,27.225898258827016,25.23967608746198,29.793984510300064,33.729732640505766,24.608884107167476,19.428873461938032,22.85908871761952,18.508516526183293,21.35627647788818,20.155768429906114,14.891106372597035,17.435649027208594,18.8790745800741,15.993050522023621,20.72781495961405,25.281834427113868,28.838575901039217,15.639256376183619,34.798045706619796,25.26863259062508,35.00087429513245,33.064773211632335,30.116620794922113,26.265464910625976,24.84259295846551,23.15268857171928,22.876047544740192,22.3770708144486,21.119846702692747,19.095873751848625,18.23624215676026,18.81469364619047,16.435465828506352,16.11338006130309,16.46005640938086,15.610134688720658,14.203599015742453,14.435239104358471,11.886193671651156,13.312734993231107,11.63163071112559,10.982618312588306,11.286867102965287,7.765232836174328,9.254258263091646,8.171349949671718,7.217619552179236,11.019384057196662,3.234701995547658,8.413225362487326,42.505035852,31.733920542958778,29.96080143026424,28.702917476814704,25.084957533298354,21.426511353000002,20.26076447723499,17.35612168692006,15.859264690955332,14.411391496487745,14.698126275141332,14.4,13.04958485929725,11.528,11.618583734689869,11.886193671651156,10.190401022530958,10.087,10.494493079706137,8.766414318294567,8.766414318294567,7.205,5.943096835825578,2.882,4.085674974835859,0.0,2.896,2.0428374874179296,3.234701995547658,3.2253105276856675,37.56650705206337,31.64144150597725,25.408084570440923,25.797607588138927,23.902095865205048,24.692738763583144,23.867335341183846,21.520095814935566,19.353947450357634,20.031637296176328,20.035119665227857,16.435465828506352,16.87606189251509,18.075827643568633,18.067059113203786,15.050529425903928,15.530465672348656,16.12655263842834,16.826450724974652,16.11761768996895,13.677181617570193,15.610134688720658,12.90124211074267,10.406756459147106,8.413225362487326,7.217619552179236,7.2274195256675124,6.469403991095316,4.576769275373186,9.153538550746372,47.418125490448894,44.606862432493905,43.183650228246094,38.25684299814409,32.42862531217801,32.54590071756122,29.577016635516582,28.12828267106156,25.230805233268235,21.624246531237553,21.65285865653771,22.554016582418306,21.644873480803714,18.81469364619047,19.632708855377036,20.5204099617917,21.469154641019287,22.471212361597228,17.617792029650026,20.428374874179294,17.609613737955755,16.46005640938086,17.389192534445066,19.43875924538395,15.350351136048975,17.399074917937448,14.299862411925508,17.64703853341971,13.322605300766064,15.639256376183619
54.18227427947854,52.57925255245612,37.274989082984945,34.750485440239096,36.33782196279793,30.907901715404073,31.527040934336124,44.22667416919224,45.518998969539886,39.84587013077022,28.870478208716943,26.8497562186326,32.0976227312865,36.246627429320924,26.888893636592783,21.47904290232691,25.297299480379323,20.852341834911496,23.94798465424596,22.883846376865932,17.481796503792168,20.323150961403595,21.767748643348487,18.8790745800741,23.567871202126,28.109319451029048,31.613284865701633,18.123313714660462,37.579084195866194,27.947802507531787,35.35009977976321,33.36606490632457,30.668519887747028,26.780389976394524,25.48447282329976,23.593993408318752,23.98091883046214,23.709944026813382,22.512663986371262,20.307450128739582,19.351863166114008,20.5204099617917,17.426181480749015,16.87606189251509,18.385537386761367,17.389192534445066,15.610134688720658,16.342699899343437,12.90124211074267,15.36022867668317,13.312734993231107,12.416326711229857,13.64188700290396,9.244419343582376,11.66028267238835,10.426170917455748,9.254258263091646,13.730307826119558,5.968563059899761,10.214187437089647,42.60357835651608,31.736202571748834,29.926341822177395,28.506645884018045,25.02559056801477,21.621336794015257,20.199918587695823,17.349022869389522,16.21321094888605,14.659983063195105,14.41,14.688322436548022,13.04958485929725,11.886193671651156,11.618583734689869,11.528,10.982618312588306,10.494493079706137,10.087,9.675931583057004,8.766414318294567,7.765232836174328,5.943096835825578,4.085674974835859,2.882,2.896,0.0,2.0428374874179296,1.441,5.213085458727874,37.004166955800095,30.856284528134164,24.90803712737473,25.04041733653533,23.30640549963645,23.809970972367722,22.78878672260819,20.54850461873056,18.555827306753336,18.73724656010681,18.7372656489681,15.917000502607268,16.11338006130309,16.87606189251509,16.86666964756232,14.482568971007872,14.698126275141332,15.050529425903928,15.530465672348656,15.040955288810615,13.04958485929725,14.203599015742453,11.886193671651156,9.11812107838013,7.349063137570666,5.943096835825578,5.203378229573553,4.085674974835859,2.0428374874179296,6.469403991095316,46.4831764366279,43.678218584687315,42.21174184627716,37.14455378900985,31.321203091021143,31.25707247589422,28.299520364725772,26.778941579053754,23.68523313965653,20.08282448443932,20.043746156844033,20.81351291829421,20.035119665227857,17.426181480749015,18.075827643568633,18.81469364619047,19.632708855377036,20.5204099617917,16.12655263842834,18.48883868716475,16.11761768996895,14.853032047363259,15.610134688720658,17.389192534445066,13.612949129413508,15.350351136048975,12.416326711229857,15.36022867668317,11.277008291209153,13.322605300766064
54.35125054404175,52.79582285047258,38.14719651111723,35.416949803854365,36.52842093493777,31.344915348670767,31.80023174283121,43.79528020474636,45.0437324653662,39.549968302477694,29.21992801154719,27.225898258827016,31.82668270492544,35.7151473887481,26.645210601532128,21.469154641019287,24.87171252648277,20.540110637481973,23.3205653447767,22.038768114393324,16.864866320252883,19.04334266876485,20.272,17.376,21.910370238770497,26.42007617324371,29.842815299498806,16.173509977738288,35.81137835939857,26.090242850537056,36.57698482860794,34.6176745314211,31.775032923685366,27.903774462762673,26.530859786119862,24.754573830413737,24.72798448339884,24.295474535941988,23.052492642551773,20.974629751021002,20.083398342909998,20.81351291829421,18.23624215676026,17.829290507476735,18.48883868716475,17.617792029650026,16.12655263842834,16.46005640938086,13.677181617570193,15.350351136048975,13.612949129413508,12.90124211074267,13.322605300766064,9.675931583057004,11.286867102965287,10.214187437089647,9.244419343582376,12.938807982190632,4.344,8.171349949671718,43.96988482024111,33.1430094341318,31.34944762086598,30.006114816614513,26.45412782028313,22.91331009434438,21.619178732684624,18.73304829083854,17.40271823323674,15.900033054654426,15.917000502607268,15.90704199403522,14.41,13.04958485929725,12.969,13.04958485929725,11.886193671651156,11.618583734689869,11.618583734689869,10.494493079706137,10.087,8.766414318294567,7.205,4.559060539190065,4.559060539190065,2.0428374874179296,2.0428374874179296,0.0,1.448,3.234701995547658,38.67281622155818,32.607029634354035,26.53805617808524,26.773937873877784,24.97351659321266,25.588087104662154,24.632166987354108,22.352393415595728,20.292506069539485,20.639543883281394,20.64054439689031,17.532828636589134,17.829290507476735,18.746489378014218,18.7372656489681,16.11338006130309,16.435465828506352,16.87606189251509,17.426181480749015,16.86666964756232,14.698126275141332,16.12655263842834,13.677181617570193,10.982618312588306,9.11812107838013,7.765232836174328,7.217619552179236,6.128512462253789,2.896,7.382010633966874,48.29665885338396,45.4884067911988,44.03589994187255,39.01124824148984,33.18268519897979,33.17150110378851,30.20868212891083,28.706209463326886,25.656916075053054,22.049951701232033,22.025311462042936,22.820129557038012,22.016806875657515,19.351863166114008,20.043746156844033,20.81351291829421,21.65285865653771,22.554016582418306,18.075827643568633,20.5204099617917,18.067059113203786,16.826450724974652,17.617792029650026,19.428873461938032,15.610134688720658,17.389192534445066,14.435239104358471,17.399074917937448,13.312734993231107,15.36022867668317
55.274782815738014,53.69299038026252,38.62374714679147,36.03587639125481,37.43554546149955,32.107867202192175,32.659319421496,44.99955191337381,46.26557186709112,40.696648995687674,30.033787390204388,28.022853530645303,32.95940490967639,36.95578472986333,27.762774789274935,22.471212361597228,26.065427293639363,21.682258577002536,24.589696704107595,23.377590038325163,18.123313714660462,20.475837174582143,21.72,18.824,23.346566085829412,27.849568632206854,31.249935823934102,17.481796503792168,37.21818528622802,27.460615652239117,36.773043111224716,34.79206265603684,32.07059483859457,28.184652799474932,26.872573194271965,25.004007637812556,25.28745497184748,24.961587703639633,23.74658246030177,21.58476002611026,20.64961580756407,21.65285865653771,18.746489378014218,18.23624215676026,19.428873461938032,18.48883868716475,16.826450724974652,17.389192534445066,14.203599015742453,16.342699899343437,14.435239104358471,13.612949129413508,14.454839051335025,10.406756459147106,12.435856263241385,11.286867102965287,10.214187437089647,14.249797191539253,5.792,9.254258263091646,44.04135423786681,33.17571700317986,31.366426739277454,29.94744270093587,26.465640501358397,23.05016033522509,21.639192682480996,18.785649297338665,17.624621195165542,16.078594603172483,15.851,16.10354299525418,14.482568971007872,13.288407617167678,13.04958485929725,12.969,12.319298681337342,11.886193671651156,11.528,10.982618312588306,10.190401022530958,9.11812107838013,7.349063137570666,5.203378229573553,4.323,3.234701995547658,1.441,1.448,0.0,4.576769275373186,38.428067587460255,32.26111936570301,26.339796994495007,26.451718750062255,24.732820508657806,25.207907305149185,24.15946825766034,21.938310201484505,19.96883144166731,20.07477107351998,20.07407106194456,17.352520508560133,17.532828636589134,18.23624215676026,18.226760216780164,15.917000502607268,16.11338006130309,16.435465828506352,16.87606189251509,16.425821653725574,14.482568971007872,15.530465672348656,13.288407617167678,10.494493079706137,8.766414318294567,7.349063137570666,6.450621055371335,5.203378229573553,1.448,5.968563059899761,47.86196291112089,45.05884106068114,43.58622418862678,38.497274102969214,32.67856044458312,32.57805477006904,29.62587804392519,28.09090384426984,24.95140105410315,21.357738050673657,21.29938461552352,22.025311462042936,21.290590057581777,18.746489378014218,19.351863166114008,20.043746156844033,20.81351291829421,21.65285865653771,17.426181480749015,19.632708855377036,17.41708589288116,16.12655263842834,16.826450724974652,18.48883868716475,14.853032047363259,16.46005640938086,13.612949129413508,16.342699899343437,12.416326711229857,14.299862411925508
53.73907360273292,52.2629400476621,38.744552341941635,35.688003034747595,36.025718938003166,31.27348423062774,31.46286616859147,42.30667217076314,43.4863689201169,38.28083800316496,29.027794749171008,27.0978239901288,30.642562311268946,34.115984816505005,25.550942546215392,20.81351291829421,23.51976991809231,19.428873461938032,21.682258577002536,20.091613797801312,15.36022867668317,16.50422712519432,17.435649027208594,14.5515250403523,18.8790745800741,23.346566085829412,26.693740689532444,12.938807982190632,32.66063013782802,22.883846376865932,37.79516357098405,35.89013018499024,32.81173833397802,29.00053677247124,27.509983711540947,25.94654195981878,25.23119079487161,24.54182406298887,23.243605976645316,21.406636108021114,20.636390478957313,20.64961580756407,18.95552966814697,18.788879503578706,18.075827643568633,17.426181480749015,16.435465828506352,16.12655263842834,14.482568971007872,14.853032047363259,13.677181617570193,13.288407617167678,12.416326711229857,10.190401022530958,10.406756459147106,9.675931583057004,9.11812107838013,11.286867102965287,2.0428374874179296,5.203378229573553,45.41012802702425,34.70296322654152,32.94932659633571,31.75461826696896,28.09778481963626,24.35160011578151,23.293958064876207,20.38688958020484,18.756372521629405,17.370377992173207,17.829290507476735,17.342555405706506,16.11338006130309,14.482568971007872,14.698126275141332,15.050529425903928,12.969,13.04958485929725,13.677181617570193,11.528,11.886193671651156,10.190401022530958,9.11812107838013,5.943096835825578,7.217619552179236,3.2253105276856675,5.213085458727874,3.234701995547658,4.576769275373186,0.0,40.712020079088425,34.835301249129685,28.554215868829914,28.992214620524372,27.071420935507543,27.90395102162677,27.091611814310188,24.740476221248272,22.561419227591088,23.25133671041789,23.254589912531245,19.607971669706178,20.083398342909998,21.29938461552352,21.290590057581777,18.23624215676026,18.746489378014218,19.351863166114008,20.043746156844033,19.34292811339586,16.87606189251509,18.81469364619047,16.12655263842834,13.612949129413508,11.63163071112559,10.406756459147106,10.214187437089647,9.254258263091646,5.968563059899761,10.136,50.62590018810789,47.81456584286103,46.39638507851501,41.48020810619978,35.652473984907594,35.76932219194269,32.8004742519018,31.347439773844467,28.425385309690416,24.81655661380135,24.832653422459714,25.703919156424377,24.824530126469664,22.025311462042936,22.820129557038012,23.676902014410587,24.589153564122533,25.550942546215392,20.81351291829421,23.509879795524263,20.8052055985996,19.632708855377036,20.5204099617917,22.471212361597228,18.48883868716475,20.428374874179294,17.389192534445066,20.540110637481973,16.342699899343437,18.508516526183293
41.690240742386756,39.68807752399204,19.228681323308123,22.51937107564144,31.067855127650727,25.71844363529854,28.328769666992518,45.44266677894838,47.017350752383706,40.59745232101175,26.810297675963085,26.358202743879133,36.499058929167056,42.28673516752618,34.427876401866286,31.013744597450135,36.2337202667564,34.09926557542317,38.17195493024854,40.22344652095712,36.50717608942518,43.72457157799309,46.90500248914196,45.26716879269581,50.09117300816368,53.84670205079854,57.90460755911263,50.14241693990073,62.754740211306185,56.47684561825784,11.600990194496323,11.267597111212567,14.674694477578747,15.903295845616551,17.592961305720465,17.283321328120824,22.016707842196826,24.055500765429297,24.887530232480405,24.278878825801634,24.092871707799706,27.97698170893675,24.458159242718605,23.71829643001751,30.1714321232777,29.28989102693203,27.670250095898183,30.461928119921094,27.571593076629423,31.65617436136157,30.16385915623075,29.49611878191647,34.10191903726677,31.546862950605682,34.660638863673356,34.01954000920623,33.42890555250027,37.320206816839445,39.71596870915291,45.65264268540384,10.53407979454296,8.732965130081805,9.565393422409285,9.635183648493147,13.357170000066342,17.43968894690688,17.735659749379682,20.557226531658987,22.64966444091064,23.709400044397807,22.883208209424385,23.791136149211695,24.665561829594587,26.485562723552608,26.046521625415544,25.68172410067594,28.335957636842373,27.850840978270757,27.087548120804982,29.68608710508361,28.826079712833156,30.60223602981157,31.62398302614621,34.76902824735479,34.1606681033225,37.56650705206337,37.004166955800095,38.67281622155818,38.428067587460255,40.712020079088425,0.0,6.617615780586085,12.158876707890743,12.06774080048975,13.701198338660006,13.492926120586635,15.009944702428845,16.780872108425175,18.49071109486918,19.308649345826186,19.32040352691826,21.148022733631187,20.898692436183214,20.697065723,20.707065723,22.560236921536696,22.326682914303852,22.185370358771735,22.138065723,22.19534904592238,23.975876967684695,23.579065723,25.187109893420473,28.05195336532933,29.662869753688657,31.089050137274757,32.35493280555021,33.79039504452938,38.23662446537892,39.430065723,11.161738460749564,8.676620952198729,7.9740087213229085,7.4519560069254895,8.675993730666283,10.609165267810559,11.962578281947259,13.486018140365656,16.929981848556153,19.325760777507845,19.739969684082485,20.108290109516908,19.74972466752272,20.747656097549466,20.898692436183214,21.148022733631187,21.492226351455113,21.926835830602222,22.185370358771735,22.883208209424385,22.19534904592238,23.623485017447223,23.756244576312,24.28002480166677,25.061931146327083,25.394369942631762,26.500654769211373,27.087548120804982,27.93961301826873,28.23819412799996
44.03417470022798,42.02025297473406,20.9281301499156,23.032912804824427,31.030957361522603,24.88046417476681,27.43683347507042,45.19292586559,46.79706470143776,40.135438730839994,25.38165312779615,24.451674881267863,34.96872113940809,40.918608717338714,32.05818465348757,27.772099555742194,33.4343245328964,30.63149258974319,34.994181783047445,36.71434744563632,32.38083805229392,39.5390146677843,42.634094870663056,40.73778236165648,45.74717112546014,49.750493106818666,53.83537227288906,44.987592503772774,58.98301079970006,52.01436989010831,13.605075420894995,12.288973344547767,14.266216100451832,13.776905183932643,15.105643848763778,13.91675117071214,19.344482565255017,21.36997931810518,21.904242572193937,20.69334106233146,20.237081553489965,24.571338958064167,20.12381312778634,19.12473957873837,26.341555608695813,25.256518545486625,23.20560939392676,26.25232559004013,22.520554777701633,27.287917302946408,25.401555248398353,24.532293210988858,29.46151694034735,26.19106277027257,29.733706183821685,28.922210783035446,28.161830155918985,32.61792760075063,33.995507146064966,39.888775718910225,15.925836631811752,8.656961211563532,8.117024495533595,6.713381634360276,9.419095279886939,13.141812223561926,12.736367459381457,15.28812066234694,17.616198775434842,18.411010579189817,17.14140969732396,18.525962199081047,19.06322095308088,21.00788494352661,20.364166149217795,19.805572551820962,22.9695980917151,22.28849617285603,21.15907691635932,24.23223535586199,23.016165811161507,24.902361561533674,25.71770523084849,28.918863236341917,28.057621516929053,31.64144150597725,30.856284528134164,32.607029634354035,32.26111936570301,34.835301249129685,6.617615780586085,0.0,6.723557737399156,5.843838237227987,7.870457964579584,7.073065630898473,8.440797728076936,10.374950635400381,12.314689031975247,12.755608542520047,12.76599019956227,15.251092738457855,14.78323668448618,14.248537650388194,14.258500218108141,16.60068599678965,16.171921120154646,15.864195468696165,15.684634870518853,15.874051819376803,17.96448394502258,17.121555971010988,18.972712257619783,21.794688254351517,23.511953019662954,24.914185771279058,26.052304881627386,27.47604832380799,31.977096051402697,32.95120873632845,15.848412889983388,13.045634510702792,11.720642034009897,7.6508821287303705,3.7688082459539367,5.920361379408528,5.942142583430539,7.222443356436835,10.45574542388718,12.70910008934338,13.12830944124383,13.544785488797817,13.138024664321192,14.196806201643593,14.292347444682486,14.532256969652648,14.909567323853297,15.414191867788917,15.637654944843614,16.287484263430002,15.647653992508012,17.078529211292114,17.158031622929652,17.67546467503601,18.519423043602735,18.777811804704935,19.960332204522295,20.47341576709607,21.40125359790533,21.62523622684497
41.77869415648886,39.79837959912138,19.114786262700456,19.854754522285177,26.917763099124862,20.351525511352868,22.742975927438476,40.57332706220581,42.177527446759456,35.43390752878994,20.341751123691346,19.081483981879607,29.576256377300155,35.54097538712631,26.171471713315015,21.471689775454983,27.28521420084343,24.19684640936579,28.646670737294553,30.222382809368757,25.72523940949876,32.856629336652105,35.93529665539452,34.017002950160204,39.037651774360974,43.070710491339675,47.156355844932065,38.32634154956429,52.357951265747474,45.29392282355756,13.294351871402869,11.363931401968513,11.32996863599111,9.155907380310676,9.92428964050708,8.082908670939856,13.644810243749887,15.561824739399164,15.877206893807573,14.350255312920615,13.771292004322547,18.24005645936569,13.480985558958517,12.428991095050637,19.80496508418806,18.6602748636216,16.51437295164149,19.60111711506357,15.811854292221328,20.599871075590936,18.678151523396743,17.816362825531144,22.7401707705995,19.56850302593502,23.019291319425065,22.231594743710087,21.512629891497646,25.894375393530698,27.58404309942993,33.513647584250336,18.686236453972903,8.220102071528753,6.527088911104929,4.466350369095662,3.8398121727066483,6.672373262301025,6.01651209758189,8.600117702819118,10.89669897947184,11.745553191513517,10.727408904920987,11.850925364151024,12.546146579165576,14.425001080015145,13.906966892836053,13.524799745594686,16.343252073286028,15.755365826630877,14.935565082412117,17.646692225555988,16.66908763260599,18.46597494518034,19.465998172417414,22.611511740562992,22.048129516891407,25.408084570440923,24.90803712737473,26.53805617808524,26.339796994495007,28.554215868829914,12.158876707890743,6.723557737399156,0.0,2.3149850130726395,1.7590448134468493,3.482160039633976,5.354752585747915,5.663016331183988,6.630149052642535,8.609420422492128,8.630110407266994,9.005286205382262,8.888108664999999,9.34801003641139,9.357518571402789,10.430109769958229,10.329108665,10.430109769958229,10.727408904920987,10.440013026173775,11.858843197627166,12.121149862364877,13.211108665,16.093108665,17.593796369062254,19.03027726672836,20.416108665,21.857108665,26.220121924033993,27.77251266781128,22.45200881930703,19.67112825760944,18.403664287007654,14.269767556679335,9.13625356767512,10.560569651417968,8.506287152604878,8.461241820513903,9.62237132674378,9.820274942999939,10.386386641576467,11.442935439314427,10.393559045948509,9.892866704896417,10.608757686027523,11.463685081196537,12.428991095050637,13.480985558958517,11.20539253276645,13.497104497386767,11.214611183036087,12.546146579165576,13.118030415649603,14.629313107111628,13.906966892836053,15.06489270318372,15.28249404812474,17.034248804422464,16.66908763260599,17.646692225555988
44.00311651667272,42.017245704125834,21.224473391778673,22.12533739128701,29.232689189203295,22.661786587777275,25.04376065697289,42.865821147751895,44.46929195647569,37.723438658024605,22.619888650869775,21.321469991077333,31.788634581601443,37.74767315709157,28.271903546207202,23.409766654178576,29.28190869829211,26.033258692181338,30.53148656557992,31.992577495307554,27.299328142387882,34.35417308173101,37.37988939871914,35.35156950655418,40.43647253150822,44.559543338790746,48.64272782579517,39.301825478158996,53.94174343258115,46.61789825220896,15.052760209603425,13.20774634734514,13.522837315594586,11.469468595753428,12.223409541046676,10.308725060277787,15.848290866851283,17.72709025801651,17.972006872173505,16.305606961030072,15.643065866532021,20.175565208311045,15.146733169476619,13.982116051065061,21.568103263010478,20.358916717792507,18.046344146066463,21.208011608034997,16.9977493392231,22.118476096039778,20.01029814688775,19.034039704841092,24.095234543372996,20.487168031054637,24.207070489896527,23.31676412500129,22.484530789391076,27.189025488808884,28.16833631224754,34.05278909017438,19.745309483370853,9.820636198995667,8.297306830944333,6.182213386682632,6.153884881747408,8.65617317353816,7.574416367077271,9.771856985653331,12.197590117117075,12.806969087170343,11.345755415242266,12.939166194512042,13.30480344946543,15.285803665993987,14.570932066049968,13.970029950990483,17.281208366364986,16.525828940172747,15.31695026028704,18.499739269683214,17.186025723317044,19.090740295989654,19.875078542023104,23.078856002465358,22.229249593694952,25.797607588138927,25.04041733653533,26.773937873877784,26.451718750062255,28.992214620524372,12.06774080048975,5.843838237227987,2.3149850130726395,0.0,2.2973021837488576,1.6209686090768332,3.5359864448486737,4.744575118048248,6.485219195072645,7.480283485022878,7.496405793913985,9.422362074134659,8.945244469226047,8.664329502649077,8.674306007597103,10.759611958645497,10.34435793361556,10.121049383185676,10.102422886367961,10.131013749859545,12.120666398559248,11.541241381218365,13.169711915901091,16.015265556240372,17.691958391407866,19.102657044710906,20.30288339548122,21.735204453030644,26.205657946148254,27.38339083293819,21.662702854462374,18.853838704029798,17.482227148906176,12.93145810944644,7.41606644126052,8.565857965913802,6.287150837432551,6.150040139096114,7.473510535076554,8.198367634355705,8.73301757471741,9.62613814145897,8.741267353380925,8.881853482725504,9.321879898750636,9.954947333103231,10.746995671488248,11.665687443143467,10.289590066331076,11.936760800465223,10.29939137600369,11.705424732903765,12.042719449352093,13.176781202253423,13.126737394425591,13.875333860432589,14.551923002364573,15.759728986918878,15.979945353826562,16.600370737653396
42.91821983020602,40.95097272802247,20.468369887003583,20.909195379329034,27.639424200952885,20.992670500243406,23.297551435168344,41.055951709959125,42.655188707,35.905168325,20.783257153999998,19.388879550177936,29.786630008062275,35.731232851794125,26.139836975070143,21.180308902641343,27.076311068593597,23.766332530057984,28.276739788795386,29.709144267098036,25.00212731371689,32.06112044775198,35.092478696769824,33.080686263245454,38.1556540214059,42.26810692419499,46.35178982942458,37.133125012733686,51.64487649576756,44.3510253234037,14.925833585042307,12.962602084350099,12.604299658056176,10.031940025556104,10.531641902726747,8.416986582999998,13.86867146785391,15.68448509149505,15.853019811451102,14.095778165468698,13.398467883358462,17.94884956690373,12.855975649611514,11.684962866240532,19.287217134033103,18.068905889880444,15.749375054947043,18.911175930051417,14.748597092110835,19.82253142404764,17.733871732404864,16.7797212701345,21.817240706774907,18.32704376557824,21.96435927450132,21.102334222104158,20.307076325837855,24.92337185806407,26.167333474877033,32.079467045189574,20.444951609672096,9.92825736917143,8.195664183343117,6.17820138792037,4.760318494966955,6.510474944284329,5.285139084612542,7.509060256159906,9.917602720222819,10.582998911442889,9.293154325280742,10.707818953897762,11.194690305295104,13.138715110293402,12.508729193306097,12.020989365001707,15.108836767515763,14.419639792638794,13.409114896721714,16.362459701017944,15.205973235260814,17.058289824875533,17.96070115645456,21.135783088152948,20.459708632174706,23.902095865205048,23.30640549963645,24.97351659321266,24.732820508657806,27.071420935507543,13.701198338660006,7.870457964579584,1.7590448134468493,2.2973021837488576,0.0,2.5371168000000033,4.09710272535405,3.9568731114091413,4.90227746449663,6.908724628218343,6.930295356156488,7.466640047270269,7.223116285753413,7.589402047694415,7.598896198892849,8.865213172592082,8.661102694086717,8.696597217275972,8.968852459570744,8.706539103428652,10.27551738821458,10.36506475819366,11.539331344472096,14.419066678447539,15.971627643903428,17.40264211536571,18.73997526352466,20.1804771964767,24.575225280666306,26.04739607794891,23.714229740342507,20.914333396440146,19.58615706399743,15.171274311813963,9.711196663983337,10.83212782122449,8.418783207305122,8.026742363722567,8.544319403549293,8.28442790145135,8.86000430516804,10.00414012145033,8.866513197847066,8.161001330937532,8.932987742383853,9.858397703866292,10.898217678575346,12.022799168730556,9.457443297401479,11.900102502483422,9.466586170503293,10.79062031226955,11.385684608559126,12.984863979634603,12.148444415791028,13.34806219222836,13.523493584261582,15.33147365942401,14.911003243362405,15.90358702581264
45.241209177062466,43.264070224910924,22.593295777283046,23.282647248087,30.14792761904091,23.514172891266657,25.830287186795697,43.593052206682096,45.19230550700001,38.442285125000005,23.320373954,21.9197906783714,32.29898345426843,38.23731119027908,28.587228114435188,23.519227418935717,29.445970102320516,26.01412357459697,30.55343756873772,31.883722920430007,27.012125858281085,33.9780294940123,36.95159800694354,34.83640850210001,39.96423348742645,44.15791387905332,48.23392888923168,38.51515995531653,53.615358853360235,46.07596393108999,16.59451503544338,14.718608692170035,14.809861630872332,12.475704340459487,13.049515607951117,10.954103383000001,16.394175463182705,18.19045034981225,18.32028695180362,16.479946361050953,15.72673085958101,20.29814753720274,15.024637817894767,13.771510396036074,21.490703512031654,20.223537338241936,17.77228000369389,20.979482297503573,16.451056427723103,21.80456040536625,19.5525274205075,18.493855129715755,23.632564280485216,19.72299862059848,23.613379480719857,22.652144082397534,21.744907002765352,26.665109364899475,27.163311333269544,33.00842070682743,21.36392302969993,11.391701211135572,9.820113770769556,7.707575670029441,7.150388368259778,8.989296129133999,7.539866262113951,9.3404401193568,11.80583215800875,12.223127698472913,10.49232565759344,12.37249156987232,12.505789126471694,14.527456613136437,13.69459662333205,12.970364902538154,16.554322686759058,15.695450699058043,14.266413098778319,17.705895589247827,16.19553310872407,18.14955681680855,18.8058622954593,22.025950323347267,21.03154434902472,24.692738763583144,23.809970972367722,25.588087104662154,25.207907305149185,27.90395102162677,13.492926120586635,7.073065630898473,3.482160039633976,1.6209686090768332,2.5371168000000033,0.0,1.942930742361392,3.3048795849178645,5.3477982442295655,5.90261085571331,5.917577447830623,8.492903139339905,7.823337444046857,7.206611049713839,7.216608817294838,9.745290900440562,9.167655085321742,8.792867154270079,8.64734258728412,8.802700312554187,11.043774161680853,10.08815081280299,11.924234472846699,14.728906400796552,16.47639462182821,17.86702668980515,18.979406544026226,20.4030110464957,24.906231905573545,25.938447559980485,22.727187673977152,19.916263534403825,18.49270017064564,13.702785569387547,7.97068386078532,8.73887713723161,6.097136985866399,5.5312768972621935,6.151816102929714,6.586657167648173,7.126950603835105,8.06406088386748,7.135040638251865,7.320564995345208,7.709702256267072,8.335571600646569,9.14972168640782,10.106753582033035,8.74253755216834,10.322727252946363,8.752427254829005,10.169868035086472,10.45347085327594,11.556511192341812,11.60057890154942,12.266397715283226,13.033556991515155,14.142147748440532,14.468128657538044,15.007259207113922
47.00758565702674,45.03767468601608,24.459218044448058,25.00555566041537,31.662349666526918,24.988287219203904,27.23931043138117,44.916903949586676,46.5104731549245,39.76427941322244,24.65854393549099,23.168001019140892,33.427874261335575,39.33352485903133,29.526701882201632,24.2604466621038,30.221120668319987,26.599933057312974,31.167579194700146,32.34395923919416,27.280145220776475,34.111921670937114,37.01275329522106,34.79359714793654,39.96335657701496,44.237256934692724,48.29786922333911,38.10601647397386,53.77373657947848,45.97540170264031,18.535528684257883,16.653184106675646,16.6374516513686,14.124327709735608,14.554909561705612,12.334999152908281,17.626350214554545,19.33039725870752,19.345635278344684,17.343332495064168,16.502428482985025,21.07364486842296,15.582519823199629,14.247018917668685,22.03607311771218,20.71177226721937,18.12003638101087,21.3530316033469,16.475497159525457,22.06987469058004,19.658015587996296,18.504237159577947,23.702174483929813,19.423777265677586,23.515139197355975,22.466365515388272,21.464081519390188,26.640751447273434,26.478204820057147,32.24696499378497,23.22540095031819,13.33426942460713,11.759206007073171,9.648064272442795,8.853276746202729,10.137626973080707,8.386485124633953,9.662971522114516,12.10466869235701,12.269145774187812,10.20934122481874,12.437668865463634,12.252178518498555,14.295015867550878,13.30752894618424,12.410744645408325,16.337853251204866,15.345191066190914,13.607130221244502,17.38406802397757,15.604425944656835,17.612171793014436,18.06980186584865,21.293340975050754,20.076988665628505,23.867335341183846,22.78878672260819,24.632166987354108,24.15946825766034,27.091611814310188,15.009944702428845,8.440797728076936,5.354752585747915,3.5359864448486737,4.09710272535405,1.942930742361392,0.0,2.458840409900575,4.88237187494274,4.316194644817335,4.326128107000001,8.16650402806546,7.212132835743488,5.9364322652928,5.946130725316204,9.239064468049966,8.40734109244911,7.758857148110372,7.342326078620005,7.768135349420954,10.401047949565342,8.75963689025735,10.976307150108884,13.670665713939442,15.524089772564878,16.869607567190986,17.822625779480457,19.223376651352783,23.765722595639662,24.532897886252073,23.707168090339234,20.90825183376463,19.42726428725628,14.392186402667637,8.562242757770866,8.853591822316988,5.9475027551973545,4.884590542391136,4.469536004711229,4.6676993562131655,5.1976704239529665,6.123667025241935,5.205977372038358,5.757128107000001,5.9364322652928,6.44448136318272,7.212132835743488,8.16650402806546,7.1981281070000005,8.40734109244911,7.208128107,8.639128107000001,8.75963689025735,9.669791644557673,10.080128107,10.487888188454882,11.521128107000001,12.312868425265714,12.962128107,13.281700985275922
46.32768660816076,44.38240483674724,24.200208295478983,24.28040553098535,30.46681215493067,23.75565117668726,25.890092684557235,43.39382403816298,44.97714673399024,38.24836783960862,23.21884247943896,21.615923334582753,31.689798213790368,37.54662686443818,27.608194272079135,22.193415099064836,28.161978158964597,24.41732470049786,28.992990268117136,30.07826131192212,24.9333362370991,31.71287177726948,34.593320860126724,32.354223191318674,37.52991761117819,41.81968356001053,45.87572780609117,35.653944980162954,51.374268401653836,43.525902856139716,18.87602863048424,16.9024728326812,16.302296105885073,13.349278474069555,13.490188132093438,11.115964347214367,16.101497612340886,17.67450109752054,17.56259283942962,15.419561592012213,14.509737087667133,19.048018729275103,13.43273099093342,12.05506503366013,19.842168237668766,18.48849208191255,15.831296903441839,19.065573526477273,14.067017105892747,19.731214111759044,17.266338132506934,16.087863611960884,21.293875391417483,16.965081949380117,21.07175452369297,20.01295464937067,19.005559104871374,24.208192765164423,24.079245215176307,29.877198475825526,24.275442647623986,13.876921855640381,12.152430312030722,10.123398889995679,8.382799707055216,8.6650505472322,6.644243930260638,7.438591201597724,9.830941984741948,9.883167699030597,7.756921281043863,10.057364139415814,9.799421263517921,11.842037681052325,10.848982050425523,9.967967426785021,13.884719146566816,12.886371594441595,11.188614349061067,14.92525055768268,13.172046401056715,15.171252147768397,15.681742545161466,18.90705119850452,17.79334435132573,21.520095814935566,20.54850461873056,22.352393415595728,21.938310201484505,24.740476221248272,16.780872108425175,10.374950635400381,5.663016331183988,4.744575118048248,3.9568731114091413,3.3048795849178645,2.458840409900575,0.0,2.4334973290085453,2.9520256940198966,2.9734976389119963,5.714662581529654,4.764886935880766,3.921470348442177,3.931459467957314,6.784040009559435,6.005828664080852,5.505466831549093,5.361320744394911,5.515199804881706,7.971323057176343,6.801658073943972,8.67528240482298,11.44827147060058,13.234303192995965,14.609256772153442,15.681636615999976,17.1027264898565,21.613487122339865,22.65093290112121,25.944345886463573,23.136514240636092,21.68588389148342,16.749896969690568,10.933088537282444,11.309661355365293,8.405556992350258,7.282984763163069,6.060272412720754,4.581860016231194,5.160067299572675,6.467883860051233,5.16487351157792,4.243221981549305,4.982503775783339,5.9865819101292885,7.144675643979875,8.393272612555323,5.600960918920183,8.025722427809676,5.610528234466984,6.992106667224065,7.463910954508449,9.051575162302706,8.400077980376564,9.401890249220697,9.817638540248629,11.37662005078623,11.24116119168937,12.008244464513837
45.47564079298648,43.55961680266429,23.878026921816932,23.489078731539845,29.160932370139754,22.453397617486335,24.45482491936773,41.72975131965126,43.30060592674118,36.60167219489169,21.709383559978775,20.003159331099894,29.84520878628154,35.642609351038104,25.600881574710364,20.058947224710195,26.020452333072168,22.169464391717288,26.745739657616813,27.752785230465655,22.54817940105251,29.292974294913257,32.16419858622877,29.920737086863497,35.09698355053141,39.3910036780439,43.44542429131239,33.27477899981301,48.95294863137591,41.094271981020626,19.21483528795857,17.188526267753186,16.021891087691298,12.692946800033239,12.519065111746155,10.053999955678757,14.575751280345864,15.988619593963843,15.743042575173229,13.470113563832708,12.4945707555519,16.966748208861024,11.256804299470822,9.844309909790976,17.593446137645255,16.215748812856248,13.504556960096721,16.7334800226766,11.645947102877157,17.355724121366553,14.854080547237947,13.661811573406245,18.87070899548612,14.550683428829617,18.638372264321067,17.583995542163812,16.589101415997817,21.77560198121358,21.818363157946216,27.66076290992844,25.235380673148796,14.516560591757905,12.707991613996043,10.844408623040097,8.305375753814412,7.425235785428744,5.201364241462994,5.254780899885259,7.5480733468052685,7.483384173383024,5.326970617656233,7.662142182184093,7.369808105074163,9.412645592492094,8.448249263207426,7.638150442136423,11.455483079910024,10.4790125087018,8.919257159897164,12.51370691289247,10.860455323264345,12.833245940636564,13.458748531864202,16.678224236886514,15.745050295972916,19.353947450357634,18.555827306753336,20.292506069539485,19.96883144166731,22.561419227591088,18.49071109486918,12.314689031975247,6.630149052642535,6.485219195072645,4.90227746449663,5.3477982442295655,4.88237187494274,2.4334973290085453,0.0,3.5498620331057613,3.575556257232833,3.284133130238304,2.478058308545795,3.0710718173629314,3.078622109464047,4.4202319537323875,3.8592347801372293,3.8003083627049072,4.264317321104149,3.810196272782395,5.695992681918126,5.575866239674053,6.697642816958579,9.562164687919406,11.20702819944417,12.62014949082636,13.872529323879508,15.310900886282454,19.746292404123484,21.145932930639045,28.064733892773326,25.25341255790203,23.83824138541984,19.020017513671682,13.235257627805998,13.714367445489609,10.828375098132884,9.713862590336772,8.212520476897462,5.9018763016261495,6.420136111485867,7.8570884081464225,6.421507585877703,4.16736711495698,5.431005729535633,6.768907282395946,8.144556240894705,9.541640054231813,5.110760097920159,8.665259169163082,5.1181169158170725,6.247059379112773,7.152246182115439,9.380437014149868,7.488964881332324,9.194332608769214,8.791837185793245,11.236692075151337,10.13218481913772,11.450429089602402
48.90518188076835,46.976867141315786,27.01422030729745,26.88080647400545,32.702558608963464,25.992388027111044,28.004442014457265,45.252776525063254,46.82012150568954,40.13005265191988,25.258500060815223,23.544312100092,33.311216349094586,39.072033859,28.971892179993947,23.322783437371676,29.25717663222469,25.258500060815223,29.819558690382973,30.64378606649633,25.246660616139685,31.73083998940984,34.47055764691361,32.07816472895335,37.2880374724235,41.68471508493072,45.69844382277342,34.76242435830014,51.32798103418675,43.09489870803952,21.82249278033154,19.843035970818892,19.11724793697674,15.997664331057324,15.960220574999164,13.51639685619687,18.125457426344347,19.52153414134731,19.24020662217422,16.915542918627416,15.904033859000004,20.29924521146564,14.527676893865534,13.08760581148785,20.704376449321302,19.290661007325447,16.48109893144928,19.663798440269534,14.227882515570984,20.13338764588678,17.459963287138336,16.15205683287904,21.335155075591704,16.460756783237233,20.832375357694634,19.642634166226753,18.48977281992817,24.045328780351717,22.8064515845164,28.44433025986997,27.165242602262914,16.826988184525977,15.104373893532014,13.073044413750372,11.223547247270405,10.924624153427356,8.728507630263419,8.621498381000006,10.721247863627873,10.322264555962334,7.7702682485377865,10.51745657302955,9.682655199370599,11.639455518432229,10.406208661654757,9.235520594651634,13.621542050048022,12.416330124701199,10.197213818207132,14.43563988263861,12.24004896680967,14.28288478443912,14.420827532076599,17.60401456388748,16.115807291421504,20.031637296176328,18.73724656010681,20.639543883281394,20.07477107351998,23.25133671041789,19.308649345826186,12.755608542520047,8.609420422492128,7.480283485022878,6.908724628218343,5.90261085571331,4.316194644817335,2.9520256940198966,3.5498620331057613,0.0,0.02596874880373994,5.945308705069103,4.554028276471992,2.0259203912243047,2.033045358957453,6.447956156687983,5.193131670091415,4.068722463776861,3.214622284433809,4.075811880747497,7.208227493536151,4.551505402784714,7.203220706247064,9.665195732260495,11.619715297655551,12.890500323826476,13.669588638393858,15.043629633266915,19.600905683120114,20.224197102272775,27.889928063299514,25.104840779077268,23.59646361378599,18.432973288211763,12.63171726724861,12.534207098927931,9.569447567401747,8.09674126720496,5.524657297688145,2.456329808430295,2.919966140999997,4.3679661409999975,2.9199832644360164,1.441199283900194,2.0598944925045126,3.2561761722281575,4.599522715339321,5.991823024193756,2.882099647117433,5.233072922186581,2.892099302568021,4.323066432049644,4.566728951914097,6.1455233470325705,5.764049824204717,6.461416119132586,7.205039859425791,8.42562479635323,8.646033216216233,9.125761243018932
48.931006315702874,47.00265629256886,27.038954114322078,26.90654474160697,32.728440735849304,26.018287083114792,28.030174401223153,45.27784476143404,46.84513695226446,40.15520713723547,25.284116199701344,23.569707528944857,33.33559384501797,39.09600127890319,28.995333434882244,23.345333752165548,29.279405202291937,25.279556404335896,29.840402560957518,30.66312979785332,25.26464234854711,31.746612811448088,34.485247990988846,32.09178750085449,37.301775949678316,41.69915610656887,45.71250472244985,34.770927626395014,51.342923183239186,43.107059479857824,21.844734245537143,19.865596135403617,19.141915982451362,16.02319125284774,15.986120121382301,13.542339055115578,18.151117421889314,19.546793069000437,19.26500201695784,16.93982634448067,15.928003139125758,20.32244436577451,14.550538168741388,13.110331231513564,20.725731663803813,19.311782543307597,16.501610618360864,19.683787542035706,14.245755157238946,20.152195934934735,17.477677448677213,16.16905764106245,21.351555095589642,16.47358348993928,20.846815104470995,19.656182437085793,18.502289696143016,24.060126038738865,22.81192129128978,28.44790974746651,27.183451465759042,16.847934333196967,15.125914260212229,13.093958014407063,11.247829912786104,10.950592237643857,8.754431638799813,8.645470305377303,10.743660508007434,10.342498430431947,7.788837140420898,10.537761621900545,9.699655303153818,11.655342637606154,10.420645853304872,9.248033088176102,13.636608119323515,12.430065204977808,10.207135984202425,14.448859885817981,12.249973061194869,14.292810255509586,14.427254347241544,17.609613737955755,16.11761768996895,20.035119665227857,18.7372656489681,20.64054439689031,20.07407106194456,23.254589912531245,19.32040352691826,12.76599019956227,8.630110407266994,7.496405793913985,6.930295356156488,5.917577447830623,4.326128107000001,2.9734976389119963,3.575556257232833,0.02596874880373994,0.0,5.966156635556931,4.57363061473049,2.0357959131504315,2.0428374874179296,6.464955374942661,5.207563729806866,4.078627220033721,3.2163780872279304,4.085674974835859,7.221442584414834,4.549579431112287,7.20963605184062,9.66699705182535,11.62295973493843,12.892307318707541,13.667699769895446,15.040955288810615,19.598418124940597,20.21592441616262,27.894085006019022,25.109369832443914,23.60043082491696,18.434918878922414,12.634658712162844,12.53262668892503,9.56824615137428,8.093167915542963,5.51173694054531,2.4339034667462656,2.8960172651419054,4.344011510113664,2.896,1.431,2.0357959131504315,3.2302595870920343,4.57363061473049,5.966156635556931,2.872,5.207563729806866,2.882,4.313,4.549579431112287,6.121462652013815,5.754,6.441687046108341,7.195,8.404663050949752,8.636,9.10863941541216
44.71957584982718,42.85383783853487,24.046612971251044,23.005207100144517,27.839008315671016,21.2182581857588,22.98204584567792,39.78253517007513,41.32881404016405,34.70211679753013,20.155768429906114,18.307077101492744,27.662539073628075,33.33516007161207,23.168,17.435649027208594,23.346566085829412,19.314018354552736,23.874252239599045,24.728718931638976,19.408211973285947,26.065427293639363,28.90967810267005,26.645210601532128,31.82668270492544,36.13709762833756,40.18591475878084,30.033787390204388,45.71817743523904,37.811241555918265,20.332258544452344,18.291001050172877,16.43481046277811,12.735508781161368,12.105814271343174,9.67544801950652,13.163415563417184,14.252984223100139,13.773531670747039,11.315720115611526,10.237918587291071,14.48,8.688,7.24,14.764021267933748,13.346870344766222,10.537761621900545,13.730307826119558,8.432433160126442,14.249797191539253,11.66028267238835,10.426170917455748,15.639256376183619,11.277008291209153,15.36022867668317,14.299862411925508,13.312734993231107,18.508516526183293,18.746489378014218,24.638597362674684,27.00570242003902,16.117893255608973,14.283031479893465,12.687594138977373,9.46197384965853,7.068002748120003,4.97935164688287,3.1966765207497456,4.855933138,4.387145505591453,2.0428374874179296,4.5799276195153995,4.085674974835859,6.128512462253789,5.203378229573553,4.559060539190065,8.171349949671718,7.217619552179236,5.943096835825578,9.244419343582376,7.765232836174328,9.675931583057004,10.494493079706137,13.677181617570193,13.04958485929725,16.435465828506352,15.917000502607268,17.532828636589134,17.352520508560133,19.607971669706178,21.148022733631187,15.251092738457855,9.005286205382262,9.422362074134659,7.466640047270269,8.492903139339905,8.16650402806546,5.714662581529654,3.284133130238304,5.945308705069103,5.966156635556931,0.0,1.448,4.344,4.344011510113664,1.441,2.0428374874179296,3.234701995547658,4.576769275373186,3.2391691836024865,2.882,5.213085458727874,4.559060539190065,7.349063137570666,8.646,10.087,11.618583734689869,13.04958485929725,17.292,19.230070852703587,31.08496431088328,28.276200506112353,26.8981936653375,22.195152427166793,16.44774551452546,16.991140210851828,14.112128109590017,12.984382753906711,11.232570429304763,8.390283358441804,8.806692057747902,10.237918587291071,8.805061328576878,5.792,7.24,8.688,10.136,11.584,5.968563059899761,10.237918587291071,5.970985262081962,6.469403991095316,7.792530012775055,10.537761621900545,7.2274195256675124,9.704105986642974,8.171349949671718,11.66028267238835,9.244419343582376,11.286867102965287
45.928971900253266,44.04970532260032,24.964207445673633,24.121575893742843,29.163191320567098,22.516942831916417,24.329768873344804,41.206431837159116,42.7553855291231,36.11981413269784,21.51432102112451,19.686713082685998,29.1030500807046,34.781862874205,24.616,18.8790745800741,24.784135651662336,20.72781495961405,25.281834427113868,26.090242850537056,20.71463955756894,27.28377400580792,30.082565050208068,27.762774789274935,32.95940490967639,37.30756878972416,41.34319079364823,30.89410922813603,46.91776912855086,38.8775184907679,20.884645891808443,18.84281744632732,17.244133696635526,13.65042212069877,13.16002371817802,10.69638176228563,14.479105208444814,15.631543526594852,15.184852722172835,12.743590935337156,11.673283042914706,15.928,10.136,8.688,16.18663362160273,14.764021267933748,11.937126119799522,15.111542906004006,9.704105986642974,15.58506002555011,12.938807982190632,11.66028267238835,16.864866320252883,12.257024924507578,16.479702454838193,15.36022867668317,14.299862411925508,19.662043840862527,19.351863166114008,25.18566322334991,27.276086434818712,16.442093033532355,14.610156211097392,12.878053384475349,9.92597670493367,8.039501902943485,5.83494041932659,4.536416871719871,6.3039331380000005,5.774427673916723,3.234701995547658,5.970985262081962,5.213085458727874,7.2274195256675124,6.128512462253789,5.203378229573553,9.254258263091646,8.171349949671718,6.450621055371335,10.214187437089647,8.413225362487326,10.406756459147106,10.982618312588306,14.203599015742453,13.288407617167678,16.87606189251509,16.11338006130309,17.829290507476735,17.532828636589134,20.083398342909998,20.898692436183214,14.78323668448618,8.888108664999999,8.945244469226047,7.223116285753413,7.823337444046857,7.212132835743488,4.764886935880766,2.478058308545795,4.554028276471992,4.57363061473049,1.448,0.0,2.896,2.8960172651419054,2.0428374874179296,1.441,2.0428374874179296,3.234701995547658,2.049903656272655,3.2253105276856675,4.085674974835859,4.323,7.205,8.766414318294567,10.190401022530958,11.528,12.969,17.352520508560133,18.95552966814697,30.54279063075683,27.731468341795615,26.315358515297234,21.474967549804774,15.675230914607685,16.06445855881243,13.140287275757434,11.917777835467735,9.942460788440444,6.981137117223344,7.382010633966874,8.806692057747902,7.380065108113884,4.344,5.792,7.24,8.688,10.136,4.576769275373186,8.806692057747902,4.5799276195153995,5.213085458727874,6.469403991095316,9.153538550746372,6.128512462253789,8.432433160126442,7.217619552179236,10.426170917455748,8.413225362487326,10.214187437089647
48.38709202944387,46.48448134636852,26.939487623071134,26.450943033315614,31.8439105638739,25.163255087773045,27.05631759470327,44.05893881081105,45.6125800552756,38.96189577629752,24.26248645543156,22.471806691941794,31.986101044047242,37.67556748079583,27.512,21.767748643348487,27.662539073628075,23.567871202126,28.109319451029048,28.838575901039217,23.377590038325163,29.78221274519407,32.49497511923959,30.082565050208068,35.29407706683942,39.703458803988354,43.70975873875307,32.73929457089752,49.35694386811242,41.08022127496395,22.232499882869295,20.21420523077772,19.09069603098433,15.72246572232582,15.460834985359362,12.984197459116395,17.174477235747634,18.42065592055846,18.024958563394694,15.61046156626739,14.5515250403523,18.824,13.032,11.584,19.04334266876485,17.613384115495805,14.764021267933748,17.905689179699284,12.364359465819488,18.307077101492744,15.58506002555011,14.249797191539253,19.408211973285947,14.454839051335025,18.853348588513395,17.64703853341971,16.479702454838193,22.073462800385446,20.81351291829421,26.484186980158555,28.03424639971086,17.4365859035417,15.650566795702565,13.717248661789469,11.362102198863283,10.32316186289026,8.07043539374693,7.340298123744615,9.199933138,8.609191455033585,5.968563059899761,8.808333837906009,7.792530012775055,9.704105986642974,8.432433160126442,7.2274195256675124,11.66028267238835,10.426170917455748,8.171349949671718,12.435856263241385,10.214187437089647,12.257024924507578,12.416326711229857,15.610134688720658,14.203599015742453,18.075827643568633,16.87606189251509,18.746489378014218,18.23624215676026,21.29938461552352,20.697065723,14.248537650388194,9.34801003641139,8.664329502649077,7.589402047694415,7.206611049713839,5.9364322652928,3.921470348442177,3.0710718173629314,2.0259203912243047,2.0357959131504315,4.344,2.896,0.0,0.01,4.576769275373186,3.234701995547658,2.0428374874179296,1.441,2.049903656272655,5.213085458727874,2.882,5.203378229573553,7.765232836174328,9.675931583057004,10.982618312588306,11.886193671651156,13.288407617167678,17.829290507476735,18.733,29.64146403477681,26.843923019042887,25.358408081933586,20.26951739102754,14.445142839641026,14.4700732214372,11.501189221351709,10.074329685234549,7.536347038880559,4.242091545279224,4.576769275373186,5.968563059899761,4.57363061473049,1.448,2.896,4.344,5.792,7.24,2.0428374874179296,5.968563059899761,2.049903656272655,3.2253105276856675,4.085674974835859,6.469403991095316,4.559060539190065,6.128512462253789,5.943096835825578,8.171349949671718,7.349063137570666,8.413225362487326
48.39224322835128,46.489752053983715,26.94652233809704,26.456615070877223,31.847532086489842,25.16709813438244,27.05951481060682,44.0606096460872,45.61416073215559,38.963746258324164,24.26545793921887,22.47437376213184,31.9870036108417,37.675951281951725,27.512001817388715,21.767088941794675,27.66149901939517,23.566038975610645,28.10727058965349,28.83557941155336,23.373893471135695,29.777375572739786,32.489654784254014,30.07681798329072,35.28836204756463,39.69801558012692,43.70415505418221,32.73181279733831,49.35168941383871,41.07390801956882,22.24106371042409,20.22269142437033,19.09800483493972,15.728961691932826,15.466429401917951,12.989749176074366,17.17783596152943,18.423137421576854,18.026755559030462,15.611742857295958,14.552518716703306,18.82400265618341,13.032003836709073,11.584004316297538,19.041831844651924,17.611750622808625,14.762072483225381,17.903277493241287,12.360866676734283,18.303931053191825,15.581364381850518,14.245755157238946,19.40375922340823,14.448859885817981,18.84800023875212,17.641324468417896,16.47358348993928,22.068241887381966,20.8052055985996,26.475481865303227,28.043754240770642,17.44567705684102,15.659548188977475,13.726472209351714,11.370163112327539,10.328566264225248,8.075796396928489,7.342267806709907,9.199938572820502,8.607523308677317,5.966156635556931,8.806692057747902,7.788837140420898,9.699655303153818,8.427310899687988,7.221442584414834,11.655342637606154,10.420645853304872,8.16429911259993,12.430065204977808,10.207135984202425,12.249973061194869,12.408204100513498,15.601827617301762,14.194468817113234,18.067059113203786,16.86666964756232,18.7372656489681,18.226760216780164,21.290590057581777,20.707065723,14.258500218108141,9.357518571402789,8.674306007597103,7.598896198892849,7.216608817294838,5.946130725316204,3.931459467957314,3.078622109464047,2.033045358957453,2.0428374874179296,4.344011510113664,2.8960172651419054,0.01,0.0,4.57363061473049,3.2302595870920343,2.0357959131504315,1.431,2.0428374874179296,5.207563729806866,2.872,5.195073146742017,7.755955195847898,9.66699705182535,10.973434512494254,11.876495274280204,13.278648161616452,17.819592026755274,18.723,29.65110080729697,26.853585664717112,25.368009482723604,20.278858036066726,14.454538066587686,14.478842268610219,11.509960621363426,10.082675863440123,7.542715273971554,4.2462516222321876,4.5799276195153995,5.970985262081962,4.576769275373186,1.448034529975028,2.8960172651419054,4.344011510113664,5.792008632590252,7.240006906074054,2.0357959131504315,5.966156635556931,2.0428374874179296,3.2163780872279304,4.078627220033721,6.464955374942661,4.549579431112287,6.121462652013815,5.933398688778633,8.16429911259993,7.339259431305042,8.404663050949752
45.538342651207785,43.693572210239836,25.19773890474649,23.9696708503489,28.46595441927075,21.912294408894066,23.56201783067065,40.07403756666893,41.60423248861179,35.02967600805669,20.71463955756894,18.810566206257587,27.849568632206854,33.4284660132648,23.21277029998789,17.376,23.21277029998789,19.04334266876485,23.567871202126,24.26248645543156,18.810566206257587,25.297299480379323,28.071523382246287,25.733406012418957,30.93335974316401,35.29407706683942,39.324087681725054,28.870478208716943,44.9163101000071,36.83765943976354,21.687445694208236,19.648701584225748,17.674426557701803,13.917469886952022,13.173647641115046,10.791458908700559,13.855101525980015,14.777834489390232,14.181245765648578,11.65642631291329,10.537761621900545,14.5515250403523,8.806692057747902,7.382010633966874,14.5515250403523,13.11142650515191,10.237918587291071,13.346870344766222,7.792530012775055,13.730307826119558,11.019384057196662,9.704105986642974,14.891106372597035,10.214187437089647,14.454839051335025,13.322605300766064,12.257024924507578,17.64703853341971,17.426181480749015,23.29569850852298,28.42888276955613,17.536976535286954,15.703158847451162,14.124904523728539,10.862610689924125,8.252379509376548,6.271308461821596,4.055636051017485,5.065231252443123,4.143738009000001,1.448,4.344011510113664,3.234701995547658,5.213085458727874,4.085674974835859,3.2253105276856675,7.2274195256675124,6.128512462253789,4.559060539190065,8.171349949671718,6.450621055371335,8.413225362487326,9.11812107838013,12.319298681337342,11.618583734689869,15.050529425903928,14.482568971007872,16.11338006130309,15.917000502607268,18.23624215676026,22.560236921536696,16.60068599678965,10.430109769958229,10.759611958645497,8.865213172592082,9.745290900440562,9.239064468049966,6.784040009559435,4.4202319537323875,6.447956156687983,6.464955374942661,1.441,2.0428374874179296,4.576769275373186,4.57363061473049,0.0,1.448,2.896,4.344,2.8960172651419054,1.441,4.576769275373186,3.2253105276856675,5.943096835825578,7.205,8.646,10.190401022530958,11.618583734689869,15.851,17.829290507476735,32.41410535979235,29.603603025001338,28.209183429913224,23.436391497832297,17.65548923626509,18.09257683424724,15.175617772647042,13.960615322885666,11.919320539867522,8.80610062418909,9.153538550746372,10.537761621900545,9.150394964153188,5.968563059899761,7.382010633966874,8.806692057747902,10.237918587291071,11.673283042914706,5.792,10.136,5.792008632590252,5.968563059899761,7.382010633966874,10.237918587291071,6.469403991095316,9.153538550746372,7.2274195256675124,11.019384057196662,8.171349949671718,10.426170917455748
46.7265518420161,44.86706335395624,26.07485577933774,25.04308268866119,29.762256382875275,23.172114282480184,24.878342115791753,41.48793086051615,43.021672244857584,36.434630010206476,22.038768114393324,20.155768429906114,29.280879921887593,34.87129805441719,24.658141393868274,18.824,24.658141393868274,20.475837174582143,24.992714638470147,25.64877153003629,20.155768429906114,26.550916839160188,29.278006369969933,26.888893636592783,32.0976227312865,36.491598211095116,40.505994025576015,29.76444375425148,46.13675568351117,37.93131435898313,22.20614773541344,20.16339564270233,18.429392451830715,14.759295654347477,14.148515019711718,11.715539842643047,15.110685511822876,16.111548217216725,15.55561985183277,13.047063369997455,11.937126119799522,15.993050522023621,10.237918587291071,8.806692057747902,15.993050522023621,14.5515250403523,11.673283042914706,14.764021267933748,9.153538550746372,15.111542906004006,12.364359465819488,11.019384057196662,16.173509977738288,11.286867102965287,15.639256376183619,14.454839051335025,13.322605300766064,18.853348588513395,18.075827643568633,23.8735569406823,28.68585546092648,17.835399808339965,16.001277262935098,14.296228234832814,11.269089378300178,9.098279813611907,6.970071498707252,5.177694567471579,6.466533384153718,5.591738009,2.896,5.792008632590252,4.576769275373186,6.469403991095316,5.213085458727874,4.085674974835859,8.432433160126442,7.2274195256675124,5.203378229573553,9.254258263091646,7.217619552179236,9.244419343582376,9.675931583057004,12.90124211074267,11.886193671651156,15.530465672348656,14.698126275141332,16.435465828506352,16.11338006130309,18.746489378014218,22.326682914303852,16.171921120154646,10.329108665,10.34435793361556,8.661102694086717,9.167655085321742,8.40734109244911,6.005828664080852,3.8592347801372293,5.193131670091415,5.207563729806866,2.0428374874179296,1.441,3.234701995547658,3.2302595870920343,1.448,0.0,1.448,2.896,1.448034529975028,2.0428374874179296,3.234701995547658,2.882,5.764,7.349063137570666,8.766414318294567,10.087,11.528,15.917000502607268,17.532828636589134,31.894533694366487,29.083743455614727,27.65399249860885,22.755524305971637,16.938147238926472,17.225252382073126,14.276356842326152,12.9745139881695,10.712240205134114,7.47574938169221,7.792530012775055,9.153538550746372,7.788837140420898,4.576769275373186,5.968563059899761,7.382010633966874,8.806692057747902,10.237918587291071,4.344,8.688,4.344011510113664,4.576769275373186,5.968563059899761,8.806692057747902,5.213085458727874,7.792530012775055,6.128512462253789,9.704105986642974,7.217619552179236,9.254258263091646
47.929052261341724,46.05618203373356,27.00117719498079,26.152634062904212,31.071959336353412,24.45278148552009,26.20855846108125,42.904099282925685,44.441082485932284,37.84282937006501,23.377590038325163,21.51432102112451,30.713755761873212,36.31454149510909,26.103803879894592,20.272,26.103803879894592,21.910370238770497,26.42007617324371,27.041525863012982,21.51432102112451,27.823414905435314,30.50551256740329,28.071523382246287,33.284161894210285,37.70669717702679,41.70468366982299,30.70070227209795,47.37002158538668,39.04804057824157,22.80513323255936,20.76648698606337,19.263776009484612,15.689839271664459,15.198992412451558,12.737565318024503,16.398024362075258,17.46347581999607,16.942263558442882,14.448974315607366,13.346870344766222,17.435649027208594,11.673283042914706,10.237918587291071,17.435649027208594,15.993050522023621,13.11142650515191,16.18663362160273,10.537761621900545,16.50422712519432,13.730307826119558,12.364359465819488,17.481796503792168,12.435856263241385,16.864866320252883,15.639256376183619,14.454839051335025,20.091613797801312,18.81469364619047,24.52340272066664,29.01290470678807,18.24420002761045,16.422117960310835,14.609748925988255,11.839841545873064,10.082114439281966,7.875778791387375,6.431350269557452,7.88472880802013,7.039738009000001,4.344,7.240006906074054,5.968563059899761,7.792530012775055,6.469403991095316,5.213085458727874,9.704105986642974,8.432433160126442,6.128512462253789,10.426170917455748,8.171349949671718,10.214187437089647,10.406756459147106,13.612949129413508,12.319298681337342,16.12655263842834,15.050529425903928,16.87606189251509,16.435465828506352,19.351863166114008,22.185370358771735,15.864195468696165,10.430109769958229,10.121049383185676,8.696597217275972,8.792867154270079,7.758857148110372,5.505466831549093,3.8003083627049072,4.068722463776861,4.078627220033721,3.234701995547658,2.0428374874179296,2.0428374874179296,2.0357959131504315,2.896,1.448,0.0,1.448,0.01,3.234701995547658,2.0428374874179296,3.2253105276856675,5.943096835825578,7.765232836174328,9.11812107838013,10.190401022530958,11.618583734689869,16.11338006130309,17.352520508560133,31.433131261241524,28.62775511146755,27.164719406681503,22.148515400352817,16.31805048414891,16.43991212717063,13.47303835804622,12.081831577406716,9.57221950714022,6.198359253253999,6.469403991095316,7.792530012775055,6.464955374942661,3.234701995547658,4.576769275373186,5.968563059899761,7.382010633966874,8.806692057747902,2.896,7.24,2.8960172651419054,3.234701995547658,4.576769275373186,7.382010633966874,4.085674974835859,6.469403991095316,5.203378229573553,8.432433160126442,6.450621055371335,8.171349949671718
49.1447948647284,47.25974863497353,27.97181517020729,27.29391789951076,32.3934378694204,25.75118584525509,27.550654707020115,44.32232475255918,45.862280256207555,39.25392481629156,24.728718931638976,22.883846376865932,32.14798695097409,37.7581491601482,27.549711885970783,21.72,27.549711885970783,23.346566085829412,27.849568632206854,28.439799032341984,22.883846376865932,29.112317959928923,31.751603817760138,29.278006369969933,34.49067829138766,38.93772838777321,42.91875040119411,31.67550372133015,48.61513214010633,40.18591475878084,23.478258331114752,21.450520917696412,20.167722581977245,16.694271847819188,16.31047735182855,13.835847449915189,17.710194728495047,18.82969456670701,18.33839382259934,15.859169680832391,14.764021267933748,18.8790745800741,13.11142650515191,11.673283042914706,18.8790745800741,17.435649027208594,14.5515250403523,17.613384115495805,11.937126119799522,17.905689179699284,15.111542906004006,13.730307826119558,18.810566206257587,13.64188700290396,18.123313714660462,16.864866320252883,15.639256376183619,21.35627647788818,19.632708855377036,25.23967608746198,29.40769259097295,18.756161413561923,16.956545950145735,15.056586386641527,12.552478968181779,11.167487433025295,8.925653726458536,7.753026476508946,9.312102380433247,8.487738009000001,5.792,8.68800575506255,7.382010633966874,9.153538550746372,7.792530012775055,6.469403991095316,11.019384057196662,9.704105986642974,7.2274195256675124,11.66028267238835,9.254258263091646,11.286867102965287,11.277008291209153,14.435239104358471,12.90124211074267,16.826450724974652,15.530465672348656,17.426181480749015,16.87606189251509,20.043746156844033,22.138065723,15.684634870518853,10.727408904920987,10.102422886367961,8.968852459570744,8.64734258728412,7.342326078620005,5.361320744394911,4.264317321104149,3.214622284433809,3.2163780872279304,4.576769275373186,3.234701995547658,1.441,1.431,4.344,2.896,1.448,0.0,1.448034529975028,4.576769275373186,1.441,4.085674974835859,6.450621055371335,8.413225362487326,9.675931583057004,10.494493079706137,11.886193671651156,16.435465828506352,17.292,31.032492813046765,28.238732267088416,26.74498210458109,21.621586214699096,15.806647946952967,15.748825666444718,12.7837619074096,11.304720399038537,8.526200230657253,5.014568181501521,5.213085458727874,6.469403991095316,5.207563729806866,2.0428374874179296,3.234701995547658,4.576769275373186,5.968563059899761,7.382010633966874,1.448,5.792,1.448034529975028,2.0428374874179296,3.234701995547658,5.968563059899761,3.2253105276856675,5.213085458727874,4.559060539190065,7.2274195256675124,5.943096835825578,7.217619552179236
47.93455330214799,46.0618145921804,27.008729378456714,26.15892165371191,31.076134524744226,24.45732537036489,26.21240882879545,42.90615094050298,44.44302906555129,37.845115335163854,23.381290298013923,21.517672016275366,30.715164870141916,36.315336484741536,26.104357816272746,20.272002466456044,26.10325376270169,21.909057122569198,26.41844175949823,27.038863160273586,21.510974152743525,27.818755130307323,30.50031765408354,28.065877948141942,33.27853471834359,37.70134788041404,41.69915610656887,30.693193056441682,47.364850944555926,39.04176780065165,22.814113738739522,20.775441200504968,19.271766910990152,15.697266764862103,15.205630876545703,12.744355230098565,16.402420643893198,17.46691832082258,16.945025796872713,14.451355766968764,13.349033223421086,17.436478342830586,11.674521703264764,10.239330886342135,17.43482540778657,15.992152606825638,13.110331231513564,16.18485613158177,10.53503108680748,16.501610618360864,13.727162598293939,12.360866676734283,17.477677448677213,12.430065204977808,16.859741872282623,15.633730201074853,14.448859885817981,20.086595156969736,18.806269619464675,24.514589146057496,29.02258844834839,18.253678386765262,16.431554605652007,14.619395067688503,11.84879363711352,10.08907635979815,7.883100378078866,6.435837652531076,7.886562519629356,7.039745111533463,4.344011510113664,7.24,5.966156635556931,7.788837140420898,6.464955374942661,5.207563729806866,9.699655303153818,8.427310899687988,6.121462652013815,10.420645853304872,8.16429911259993,10.207135984202425,10.398449884477973,13.604481761537262,12.309941510827743,16.11761768996895,15.040955288810615,16.86666964756232,16.425821653725574,19.34292811339586,22.19534904592238,15.874051819376803,10.440013026173775,10.131013749859545,8.706539103428652,8.802700312554187,7.768135349420954,5.515199804881706,3.810196272782395,4.075811880747497,4.085674974835859,3.2391691836024865,2.049903656272655,2.049903656272655,2.0428374874179296,2.8960172651419054,1.448034529975028,0.01,1.448034529975028,0.0,3.2302595870920343,2.0357959131504315,3.2163780872279304,5.933398688778633,7.755955195847898,9.10863941541216,10.180502590736863,11.608661766112405,16.10354299525418,17.342555405706506,31.442677205447364,28.637319056122493,27.174212870098348,22.157714286935057,16.327250554334995,16.448507079812195,13.481595699225842,12.089983797558293,9.578738607282055,6.203530413657973,6.4738649970477455,7.7962339626258,6.469403991095316,3.2391691836024865,4.5799276195153995,5.970985262081962,7.383969190076567,8.808333837906009,2.8960172651419054,7.240006906074054,2.896,3.2302595870920343,4.57363061473049,7.380065108113884,4.078627220033721,6.464955374942661,5.195073146742017,8.427310899687988,6.441687046108341,8.16429911259993
46.3874314944164,44.56408923664257,26.37736640444627,24.980065044502823,29.150706680970874,22.676767275927585,24.213960833635657,40.414846668412835,41.92739455256505,35.41288542648597,21.35627647788818,19.408211973285947,28.109319451029048,33.583399842779464,23.346566085829412,17.435649027208594,23.168,18.8790745800741,23.346566085829412,23.874252239599045,18.307077101492744,24.589696704107595,27.28377400580792,24.87171252648277,30.082565050208068,34.49067829138766,38.49692144834441,27.733258030747127,44.14692560077089,35.89553286970399,23.05304374610883,21.017497245735164,18.94256253361062,15.144362455824751,14.307068433898541,11.977054662068328,14.656231756328559,15.419928246515333,14.719315549521307,12.15944032601416,11.019384057196662,14.764021267933748,9.153538550746372,7.792530012775055,14.48,13.032,10.136,13.11142650515191,7.382010633966874,13.346870344766222,10.537761621900545,9.153538550746372,14.249797191539253,9.254258263091646,13.64188700290396,12.435856263241385,11.286867102965287,16.864866320252883,16.12655263842834,21.965236625176612,29.853772790899132,18.95936631322907,17.126773464985742,15.562897306526216,12.272596908156231,9.50788274465582,7.616931063316456,5.179825168701421,5.6467699298560525,4.387145505591453,2.0428374874179296,4.57363061473049,2.896,4.576769275373186,3.234701995547658,2.0428374874179296,6.469403991095316,5.213085458727874,3.2253105276856675,7.2274195256675124,5.203378229573553,7.217619552179236,7.765232836174328,10.982618312588306,10.190401022530958,13.677181617570193,13.04958485929725,14.698126275141332,14.482568971007872,16.87606189251509,23.975876967684695,17.96448394502258,11.858843197627166,12.120666398559248,10.27551738821458,11.043774161680853,10.401047949565342,7.971323057176343,5.695992681918126,7.208227493536151,7.221442584414834,2.882,3.2253105276856675,5.213085458727874,5.207563729806866,1.441,2.0428374874179296,3.234701995547658,4.576769275373186,3.2302595870920343,0.0,4.344,2.0428374874179296,4.559060539190065,5.764,7.205,8.766414318294567,10.190401022530958,14.41,16.435465828506352,33.75242818439218,30.941171132681266,29.532290786645365,24.699333262543018,18.89595802898473,19.238939402717968,16.297225278601285,15.01187286407762,12.732742352491227,9.426076785797019,9.704105986642974,11.019384057196662,9.699655303153818,6.469403991095316,7.792530012775055,9.153538550746372,10.537761621900545,11.937126119799522,5.968563059899761,10.237918587291071,5.966156635556931,5.792,7.24,10.136,5.968563059899761,8.806692057747902,6.469403991095316,10.537761621900545,7.2274195256675124,9.704105986642974
49.93259468049501,48.06572206927597,29.03897133919993,28.185394857244056,32.996787055711955,26.4047476841078,28.11024350277759,44.630704854481614,46.15563891117666,39.5962733913568,25.26863259062508,23.377590038325163,32.37326724320546,37.8953853786975,27.662539073628075,21.767748643348487,27.512,23.21277029998789,27.662539073628075,28.109319451029048,22.471806691941794,28.499594383078506,31.057338005695208,28.52359647730279,33.729732640505766,38.211015492917745,42.1621658006322,30.642562311268946,47.90518969798575,39.324087681725054,24.74522457936754,22.71097893462678,21.287845248867928,17.730043955615745,17.238877180504307,14.77920592106777,18.34372612969387,19.33771424981105,18.75759064414734,16.232466775538317,15.111542906004006,19.04334266876485,13.346870344766222,11.937126119799522,18.824,17.376,14.48,17.435649027208594,11.673283042914706,17.613384115495805,14.764021267933748,13.346870344766222,18.307077101492744,12.938807982190632,17.481796503792168,16.173509977738288,14.891106372597035,20.71463955756894,18.48883868716475,24.017145958668777,30.7873148853652,20.092426831311073,18.282823143378586,16.413154431352705,13.790759664205519,12.124802773081463,9.917440367586948,8.39594095652469,9.640782838736206,8.609191455033585,5.968563059899761,8.805061328576878,7.24,8.806692057747902,7.382010633966874,5.968563059899761,10.537761621900545,9.153538550746372,6.469403991095316,11.019384057196662,8.432433160126442,10.426170917455748,10.214187437089647,13.312734993231107,11.63163071112559,15.610134688720658,14.203599015742453,16.12655263842834,15.530465672348656,18.81469364619047,23.579065723,17.121555971010988,12.121149862364877,11.541241381218365,10.36506475819366,10.08815081280299,8.75963689025735,6.801658073943972,5.575866239674053,4.551505402784714,4.549579431112287,5.213085458727874,4.085674974835859,2.882,2.872,4.576769275373186,3.234701995547658,2.0428374874179296,1.441,2.0357959131504315,4.344,0.0,3.234701995547658,5.203378229573553,7.217619552179236,8.413225362487326,9.11812107838013,10.494493079706137,15.050529425903928,15.851,32.42788602821083,29.637961452372203,28.137026088391977,22.98446448395446,17.181124787981506,17.053473625932693,14.096976466793746,12.579914546374232,9.630608291072573,6.0373346284039515,6.128512462253789,7.2274195256675124,6.121462652013815,3.2253105276856675,4.085674974835859,5.213085458727874,6.469403991095316,7.792530012775055,2.0428374874179296,5.968563059899761,2.0357959131504315,1.448,2.896,5.792,2.0428374874179296,4.576769275373186,3.2253105276856675,6.469403991095316,4.559060539190065,6.128512462253789
48.41105150175263,46.59255230192829,28.385381641939126,27.022694359707614,31.126373784943212,24.683478238882426,26.179749777841224,42.193175487986494,43.69217035973321,37.22396717144263,23.3205653447767,21.35627647788818,29.842815299498806,35.22676823099161,24.992714638470147,19.04334266876485,24.658141393868274,20.272,24.658141393868274,24.992714638470147,19.314018354552736,25.26863259062508,27.823414905435314,25.297299480379323,30.50551256740329,34.98084801716505,38.93772838777321,27.5922679749237,44.6733191177911,36.13709762833756,24.88897365679347,22.848258552922744,20.896557384791947,17.126040479071523,16.328743652314714,13.978388383664143,16.67838003635886,17.392945058828865,16.650264518500652,14.083261479067032,12.938807982190632,16.50422712519432,11.019384057196662,9.704105986642974,15.993050522023621,14.5515250403523,11.673283042914706,14.48,8.688,14.5515250403523,11.673283042914706,10.237918587291071,15.111542906004006,9.704105986642974,14.249797191539253,12.938807982190632,11.66028267238835,17.481796503792168,15.610134688720658,21.29938461552352,31.513870187206354,20.641668981052216,18.806067614220566,17.144001670569768,14.013778403934532,11.46855662258638,9.492708606983108,7.192099348175378,7.643814624150336,6.290743832115188,4.085674974835859,6.464955374942661,4.576769275373186,5.792,4.344,2.896,7.382010633966874,5.968563059899761,3.234701995547658,7.792530012775055,5.213085458727874,7.2274195256675124,7.217619552179236,10.406756459147106,9.11812107838013,12.90124211074267,11.886193671651156,13.677181617570193,13.288407617167678,16.12655263842834,25.187109893420473,18.972712257619783,13.211108665,13.169711915901091,11.539331344472096,11.924234472846699,10.976307150108884,8.67528240482298,6.697642816958579,7.203220706247064,7.20963605184062,4.559060539190065,4.323,5.203378229573553,5.195073146742017,3.2253105276856675,2.882,3.2253105276856675,4.085674974835859,3.2163780872279304,2.0428374874179296,3.234701995547658,0.0,2.882,4.559060539190065,5.943096835825578,7.205,8.646,13.04958485929725,14.698126275141332,34.6196274635465,31.811674168330285,30.359390668491532,25.36832834044573,19.53805653615816,19.658412634359465,16.690346931368225,15.277632952014722,12.609920839486811,9.091029730160793,9.254258263091646,10.426170917455748,9.248033088176102,6.128512462253789,7.2274195256675124,8.432433160126442,9.704105986642974,11.019384057196662,5.213085458727874,9.153538550746372,5.207563729806866,4.576769275373186,5.968563059899761,8.806692057747902,4.344,7.24,4.576769275373186,8.806692057747902,5.213085458727874,7.792530012775055
50.20459158250443,48.42819771587544,30.792426439041904,29.15317955841568,32.688258335371735,26.42372350026472,27.72072398820741,43.080059847139026,44.53941026488731,38.21487992890516,24.87171252648277,22.85908871761952,30.6664176094959,35.81137835939857,25.64877153003629,19.686713082685998,24.992714638470147,20.475837174582143,24.658141393868274,24.658141393868274,18.8790745800741,24.26248645543156,26.602537942835454,23.94798465424596,29.112317959928923,33.64958490085725,37.52558700406964,25.560834102196274,43.35230680136871,34.49067829138766,27.611969689431998,25.57606619396867,23.45850726129459,19.631035753855485,18.699922707407325,16.43619961562151,18.563829148029072,19.027846375330537,18.141035144041524,15.590461609420592,14.454839051335025,17.481796503792168,12.435856263241385,11.286867102965287,16.50422712519432,15.111542906004006,12.364359465819488,14.764021267933748,9.153538550746372,14.5515250403523,11.673283042914706,10.237918587291071,14.5515250403523,8.806692057747902,13.346870344766222,11.937126119799522,10.537761621900545,16.50422712519432,13.312734993231107,18.81469364619047,34.35085985571572,23.466302612966818,21.6311657609096,20.001582257875675,16.8045066245054,14.031704616480562,12.175918228088227,9.656910118356942,9.573484110206406,8.030643184782605,6.450621055371335,8.16429911259993,6.128512462253789,6.469403991095316,5.213085458727874,4.085674974835859,7.382010633966874,5.968563059899761,3.234701995547658,7.24,4.344,5.968563059899761,5.213085458727874,8.171349949671718,6.450621055371335,10.406756459147106,9.11812107838013,10.982618312588306,10.494493079706137,13.612949129413508,28.05195336532933,21.794688254351517,16.093108665,16.015265556240372,14.419066678447539,14.728906400796552,13.670665713939442,11.44827147060058,9.562164687919406,9.665195732260495,9.66699705182535,7.349063137570666,7.205,7.765232836174328,7.755955195847898,5.943096835825578,5.764,5.943096835825578,6.450621055371335,5.933398688778633,4.559060539190065,5.203378229573553,2.882,0.0,2.0428374874179296,3.2253105276856675,4.323,5.764,10.190401022530958,11.886193671651156,37.36827236906207,34.56461979238326,33.094618148742356,28.033945978717625,22.207708628597242,22.199299605604047,19.233638363279912,17.750661170890677,14.828350041179757,11.225803414075246,11.277008291209153,12.257024924507578,11.269343192928327,8.413225362487326,9.244419343582376,10.214187437089647,11.286867102965287,12.435856263241385,7.217619552179236,10.426170917455748,7.20963605184062,6.128512462253789,7.2274195256675124,9.704105986642974,5.213085458727874,7.792530012775055,4.576769275373186,8.806692057747902,4.344,7.24
50.055329562101875,48.31983917079446,31.315375273576954,29.383113950731904,32.38990392082076,26.308057803355613,27.430537348962776,42.24470178113975,43.67394012413422,37.46437089061316,24.608884107167476,22.573734205930574,29.82959818703564,34.798045706619796,24.728718931638976,18.810566206257587,23.874252239599045,19.314018354552736,23.346566085829412,23.168,17.376,22.471806691941794,24.728718931638976,22.038768114393324,27.181652635555476,31.731318299118932,35.581721951024235,23.51976991809231,41.42927911513788,32.49497511923959,28.58955310674008,26.569148962445244,24.20932836995617,20.33480559902421,19.256445341034677,17.115971207564375,18.646713203543776,18.890817527443364,17.89943980601057,15.404559963075457,14.299862411925508,16.864866320252883,12.257024924507578,11.277008291209153,15.58506002555011,14.249797191539253,11.66028267238835,13.730307826119558,8.432433160126442,13.346870344766222,10.537761621900545,9.153538550746372,13.032,7.24,11.673283042914706,10.237918587291071,8.806692057747902,14.764021267933748,11.277008291209153,16.826450724974652,35.56631646871075,24.670534874607103,22.843044356030212,21.318929889879954,17.961835940321187,14.870162109523484,13.202294301496053,10.482834959032441,9.9163200150422,8.31159369117808,7.349063137570666,8.404663050949752,6.450621055371335,6.128512462253789,5.203378229573553,4.559060539190065,6.469403991095316,5.213085458727874,3.2253105276856675,5.968563059899761,3.234701995547658,4.344,3.234701995547658,6.128512462253789,4.559060539190065,8.413225362487326,7.349063137570666,9.11812107838013,8.766414318294567,11.63163071112559,29.662869753688657,23.511953019662954,17.593796369062254,17.691958391407866,15.971627643903428,16.47639462182821,15.524089772564878,13.234303192995965,11.20702819944417,11.619715297655551,11.62295973493843,8.646,8.766414318294567,9.675931583057004,9.66699705182535,7.205,7.349063137570666,7.765232836174328,8.413225362487326,7.755955195847898,5.764,7.217619552179236,4.559060539190065,2.0428374874179296,0.0,1.441,3.2253105276856675,4.559060539190065,8.646,10.982618312588306,39.17862627262318,36.370547522162326,34.91816857174686,29.91249157646611,24.082162869606883,24.142249702434732,21.17380173189219,19.715885312655633,16.848218022870782,13.251211455762581,13.312734993231107,14.299862411925508,13.305159638275672,10.406756459147106,11.277008291209153,12.257024924507578,13.322605300766064,14.454839051335025,9.244419343582376,12.435856263241385,9.236627577205871,8.171349949671718,9.254258263091646,11.66028267238835,7.2274195256675124,9.704105986642974,6.469403991095316,10.537761621900545,5.968563059899761,8.806692057747902
51.032871531993905,49.319382239556106,32.592283612039076,30.55471689273559,33.306513251915156,27.33067586447928,28.361001467734557,42.81134175559043,44.217328152732854,38.09643223753929,25.560834102196274,23.51976991809231,30.415540517965486,35.24274677149896,25.26863259062508,19.408211973285947,24.26248645543156,19.686713082685998,23.567871202126,23.21277029998789,17.435649027208594,22.14603190190062,24.26248645543156,21.51432102112451,26.602537942835454,31.17012005110022,34.963593007584336,22.573734205930574,40.84882011759948,31.751603817760138,29.987078585015368,27.970488074346065,25.559571814107503,21.67775068795848,20.56022159832564,18.458481339974114,19.781456323921496,19.925300293522085,18.88664274426902,16.433045740504387,15.350351136048975,17.64703853341971,13.312734993231107,12.416326711229857,16.173509977738288,14.891106372597035,12.435856263241385,14.249797191539253,9.254258263091646,13.730307826119558,11.019384057196662,9.704105986642974,13.11142650515191,7.382010633966874,11.584,10.136,8.688,14.5515250403523,10.214187437089647,15.610134688720658,36.99694651559706,26.101956363445353,24.27563916736735,22.758568197904083,19.391046496160175,16.253756423757984,14.620318526739256,11.875901809054868,11.194983503370004,9.587694232047209,8.766414318294567,9.66699705182535,7.765232836174328,7.217619552179236,6.450621055371335,5.943096835825578,7.2274195256675124,6.128512462253789,4.559060539190065,6.469403991095316,4.085674974835859,4.576769275373186,2.896,5.213085458727874,3.2253105276856675,7.217619552179236,5.943096835825578,7.765232836174328,7.349063137570666,10.406756459147106,31.089050137274757,24.914185771279058,19.03027726672836,19.102657044710906,17.40264211536571,17.86702668980515,16.869607567190986,14.609256772153442,12.62014949082636,12.890500323826476,12.892307318707541,10.087,10.190401022530958,10.982618312588306,10.973434512494254,8.646,8.766414318294567,9.11812107838013,9.675931583057004,9.10863941541216,7.205,8.413225362487326,5.943096835825578,3.2253105276856675,1.441,0.0,2.0428374874179296,3.2253105276856675,7.205,9.675931583057004,40.54974412590924,37.74340069551058,36.282798620412656,31.24603301999558,25.417637737200373,25.42456456919221,22.458736980994296,20.97471073353409,18.01887305657609,14.410514578381004,14.435239104358471,15.350351136048975,14.427254347241544,11.63163071112559,12.416326711229857,13.312734993231107,14.299862411925508,15.36022867668317,10.406756459147106,13.322605300766064,10.398449884477973,9.244419343582376,10.214187437089647,12.435856263241385,8.171349949671718,10.426170917455748,7.2274195256675124,11.019384057196662,6.469403991095316,9.153538550746372
53.07499311028845,51.36218604195039,34.539632215351034,32.566514938289046,35.34368515024996,29.372929324329096,30.40024035152317,44.72672600853615,46.119803292554806,40.0456519110457,27.602160658180367,25.560834102196274,32.347019955476576,37.09307839745847,27.181652635555476,21.35627647788818,26.090242850537056,21.51432102112451,25.281834427113868,24.784135651662336,19.04334266876485,23.346566085829412,25.281834427113868,22.471806691941794,27.460615652239117,32.0373849276123,35.74005283991617,22.85908871761952,41.66707712331164,32.347019955476576,31.749139764605268,29.722394613218114,27.420830704350898,23.550779884893117,22.481618808773714,20.33287600917678,21.804450363107385,21.966400535335538,20.92948022382094,18.474200041013503,17.389192534445066,19.662043840862527,15.350351136048975,14.435239104358471,18.123313714660462,16.864866320252883,14.454839051335025,16.173509977738288,11.286867102965287,15.58506002555011,12.938807982190632,11.66028267238835,14.764021267933748,9.153538550746372,13.11142650515191,11.673283042914706,10.237918587291071,15.928,10.426170917455748,15.350351136048975,38.61884418005559,27.725401048917817,25.89234011776293,24.29877069165576,21.03679739173104,18.05761237268648,16.32827001543921,13.663731482798713,13.139039424873287,11.533217372498244,10.494493079706137,11.62295973493843,9.675931583057004,9.244419343582376,8.413225362487326,7.765232836174328,9.254258263091646,8.171349949671718,6.450621055371335,8.432433160126442,6.128512462253789,6.469403991095316,4.576769275373186,5.968563059899761,3.234701995547658,7.2274195256675124,5.203378229573553,7.217619552179236,6.450621055371335,10.214187437089647,32.35493280555021,26.052304881627386,20.416108665,20.30288339548122,18.73997526352466,18.979406544026226,17.822625779480457,15.681636615999976,13.872529323879508,13.669588638393858,13.667699769895446,11.618583734689869,11.528,11.886193671651156,11.876495274280204,10.190401022530958,10.087,10.190401022530958,10.494493079706137,10.180502590736863,8.766414318294567,9.11812107838013,7.205,4.323,3.2253105276856675,2.0428374874179296,0.0,1.441,5.943096835825578,7.765232836174328,41.525158109860385,38.72926088104461,37.238994191365194,32.102560780429215,26.296378866994456,26.143635774205432,23.19758189315069,21.65070534843348,18.502215326608965,14.9071673498575,14.853032047363259,15.610134688720658,14.844301297130828,12.319298681337342,12.90124211074267,13.612949129413508,14.435239104358471,15.350351136048975,10.982618312588306,13.312734993231107,10.973434512494254,9.675931583057004,10.406756459147106,12.257024924507578,8.413225362487326,10.214187437089647,7.217619552179236,10.426170917455748,6.128512462253789,8.432433160126442
54.07475175058625,52.38296179110077,35.817542351400256,33.75066159617216,36.300137093405034,30.42904597447252,31.375030875369312,45.35396452107789,46.723668977767026,40.73965174103282,28.599724823851016,26.556887336433086,33.014175758301164,37.62113241251517,27.823414905435314,22.073462800385446,26.602537942835454,22.038768114393324,25.64877153003629,24.992714638470147,19.314018354552736,23.21277029998789,24.992714638470147,22.14603190190062,27.041525863012982,31.613284865701633,35.24274677149896,22.073462800385446,41.19092347835867,31.731318299118932,33.13874069745583,31.115192303316835,28.764700793034976,24.88705915382258,23.783211163823275,21.667737163916232,22.964017084064665,23.04307447826048,21.969624375941564,19.5536829218668,18.48883868716475,20.540110637481973,16.46005640938086,15.610134688720658,18.853348588513395,17.64703853341971,15.36022867668317,16.864866320252883,12.257024924507578,16.173509977738288,13.64188700290396,12.435856263241385,15.111542906004006,9.704105986642974,13.346870344766222,11.937126119799522,10.537761621900545,15.993050522023621,9.704105986642974,14.299862411925508,40.04412858496083,29.149281677656024,27.317049297216776,25.733088347392407,22.455242202434018,19.427973783221606,17.73052353138765,15.038307651927617,14.419935298342173,12.812584359187467,11.886193671651156,12.892307318707541,10.982618312588306,10.406756459147106,9.675931583057004,9.11812107838013,10.214187437089647,9.244419343582376,7.765232836174328,9.254258263091646,7.217619552179236,7.2274195256675124,5.213085458727874,5.792,2.896,6.469403991095316,4.085674974835859,6.128512462253789,5.203378229573553,9.254258263091646,33.79039504452938,27.47604832380799,21.857108665,21.735204453030644,20.1804771964767,20.4030110464957,19.223376651352783,17.1027264898565,15.310900886282454,15.043629633266915,15.040955288810615,13.04958485929725,12.969,13.288407617167678,13.278648161616452,11.618583734689869,11.528,11.618583734689869,11.886193671651156,11.608661766112405,10.190401022530958,10.494493079706137,8.646,5.764,4.559060539190065,3.2253105276856675,1.441,0.0,4.559060539190065,6.450621055371335,42.918080946330015,40.12491920729577,38.62915468540593,33.47294071090334,27.67510081603665,27.483738434438425,24.545849276189912,22.984371272199855,19.785227612413756,16.204872346459734,16.12655263842834,16.826450724974652,16.11761768996895,13.677181617570193,14.203599015742453,14.853032047363259,15.610134688720658,16.46005640938086,12.319298681337342,14.435239104358471,12.309941510827743,10.982618312588306,11.63163071112559,13.312734993231107,9.675931583057004,11.277008291209153,8.413225362487326,11.286867102965287,7.217619552179236,9.254258263091646
56.22044292739798,54.61381628756081,39.14808416335046,36.70152379892219,38.375877840122435,32.91686440613504,33.55891773065457,46.21781241682259,47.50012477843043,41.86201015514452,30.89410922813603,28.870478208716943,34.115984816505005,38.211015492917745,28.90967810267005,23.51976991809231,27.28377400580792,22.85908871761952,25.877615964381263,24.728718931638976,19.408211973285947,21.910370238770497,23.168,20.272,24.784135651662336,29.280879921887593,32.66063013782802,18.810566206257587,38.62803670910547,28.838575901039217,37.02473481563058,35.02549451128114,32.42817906237242,28.536329224081612,27.28694316284358,25.333876102526684,25.915843596055556,25.692120318229506,24.506659259330302,22.27245037208792,21.29938461552352,22.554016582418306,19.351863166114008,18.746489378014218,20.428374874179294,19.428873461938032,17.617792029650026,18.385537386761367,14.853032047363259,17.399074917937448,15.350351136048975,14.435239104358471,15.639256376183619,11.277008291209153,13.64188700290396,12.435856263241385,11.286867102965287,15.58506002555011,7.24,10.426170917455748,44.16021289696495,33.271470225993994,31.45013504974978,29.958723775618697,26.55621930099249,23.276456162388296,21.755777136735777,18.949077781736836,17.960883904772796,16.383673754296723,15.917000502607268,16.425821653725574,14.698126275141332,13.677181617570193,13.288407617167678,13.04958485929725,12.90124211074267,12.319298681337342,11.618583734689869,11.63163071112559,10.494493079706137,9.675931583057004,7.765232836174328,6.128512462253789,4.559060539190065,4.576769275373186,2.0428374874179296,2.896,1.448,5.968563059899761,38.23662446537892,31.977096051402697,26.220121924033993,26.205657946148254,24.575225280666306,24.906231905573545,23.765722595639662,21.613487122339865,19.746292404123484,19.600905683120114,19.598418124940597,17.292,17.352520508560133,17.829290507476735,17.819592026755274,15.851,15.917000502607268,16.11338006130309,16.435465828506352,16.10354299525418,14.41,15.050529425903928,13.04958485929725,10.190401022530958,8.646,7.205,5.943096835825578,4.559060539190065,0.0,4.576769275373186,47.46747453794937,44.672100589314894,43.18044467524459,38.03151515991894,32.23165271043284,32.03910466484034,29.10350892558285,27.538059187670253,24.31174396548063,20.74364932348504,20.64961580756407,21.29938461552352,20.64054439689031,18.23624215676026,18.746489378014218,19.351863166114008,20.043746156844033,20.81351291829421,16.87606189251509,18.81469364619047,16.86666964756232,15.530465672348656,16.12655263842834,17.617792029650026,14.203599015742453,15.610134688720658,12.90124211074267,15.350351136048975,11.63163071112559,13.312734993231107
60.21581308145396,58.56224805316889,42.268083540514006,40.15664071791297,42.38947955566334,36.691478551991146,37.50867428722921,50.6728733693843,51.974756163919864,46.24821230580778,34.77838506889013,32.73929457089752,38.49692144834441,42.71255295577636,33.284161894210285,27.762774789274935,31.751603817760138,27.28377400580792,30.415540517965486,29.302861856822105,23.94798465424596,26.42007617324371,27.549711885970783,24.658141393868274,28.99582868276056,33.4284660132648,36.65601855084646,22.471806691941794,42.60563447479688,32.66063013782802,39.47777107324921,37.445759946660075,35.186025358051495,31.31554179954459,30.230675537349676,28.09728105453132,29.357145319686886,29.348431451406654,28.231160184459256,25.872095601394513,24.832653422459714,26.556887336433086,22.820129557038012,22.025311462042936,24.608884107167476,23.51976991809231,21.469154641019287,22.573734205930574,18.48883868716475,21.682258577002536,19.43875924538395,18.385537386761367,20.091613797801312,15.36022867668317,18.123313714660462,16.864866320252883,15.639256376183619,20.155768429906114,11.673283042914706,13.730307826119558,46.21108489778977,35.33883675181725,33.50322373968326,31.829018565560688,28.68979098350892,25.814435267867665,24.042103369810288,21.41947178493085,20.87017150728931,19.262786935161362,18.23624215676026,19.34292811339586,17.426181480749015,16.826450724974652,16.12655263842834,15.530465672348656,16.46005640938086,15.610134688720658,14.203599015742453,15.350351136048975,13.612949129413508,13.312734993231107,11.277008291209153,10.426170917455748,8.171349949671718,9.153538550746372,6.469403991095316,7.382010633966874,5.968563059899761,10.136,39.430065723,32.95120873632845,27.77251266781128,27.38339083293819,26.04739607794891,25.938447559980485,24.532897886252073,22.65093290112121,21.145932930639045,20.224197102272775,20.21592441616262,19.230070852703587,18.95552966814697,18.733,18.723,17.829290507476735,17.532828636589134,17.352520508560133,17.292,17.342555405706506,16.435465828506352,15.851,14.698126275141332,11.886193671651156,10.982618312588306,9.675931583057004,7.765232836174328,6.450621055371335,4.576769275373186,0.0,47.955576182481465,45.203037509135385,43.65967924376242,38.35492000426597,32.680831801749974,32.181771796031306,29.344883446783985,27.701674238646984,24.236787958948927,20.85386224342396,20.636390478957313,20.988986159412274,20.62661465194907,18.788879503578706,18.95552966814697,19.230070852703587,19.607971669706178,20.083398342909998,17.352520508560133,18.23624215676026,17.342555405706506,15.917000502607268,16.11338006130309,16.87606189251509,14.482568971007872,15.050529425903928,13.04958485929725,14.203599015742453,11.618583734689869,12.319298681337342
49.5274412824915,47.597476664397476,28.723981656686636,32.65504021161801,41.281017003344665,36.43469574228893,39.021829698339815,55.56453757540034,57.10278674585242,50.90542140499472,37.71659808234363,37.39316689285944,47.34478808985613,53.027418663544005,45.510280611342395,42.17481962749098,47.372323602044176,45.25372898932975,49.33254801437339,51.37971770771147,47.57106201195806,54.78643680051484,57.94887206948132,56.224996511656904,61.117879110399564,64.93996405222417,69.00638833200236,60.777510344540374,73.90187396455184,67.47190274929278,21.612170898742935,21.832999382444843,25.543073301601222,27.052352255539088,28.752094858866695,28.40140929979398,33.17342505977562,35.208728587103536,36.04919145843909,35.40459259963702,35.17577005560127,39.128530679739136,35.42335746900239,34.58671507504127,41.27945391219403,40.356490043044026,38.60741456255561,41.48917247501019,38.234766978269704,42.64046832209955,40.988970581592994,40.21602798193844,44.993162112277005,42.01107723069095,45.41528388366444,44.67200241246402,43.96386012220209,48.19251611702738,49.8309842616426,55.70957920722468,16.715151228831967,19.802623915836623,20.726574425994,20.687332811520843,24.3123458939786,28.3590869594828,28.367173443162134,31.050719824158417,33.30072527511764,34.19740736215026,32.989097910830466,34.30267807794545,34.90891756746163,36.84197118088693,36.21239663152197,35.630575452889104,38.78628011623151,38.13382942428069,36.96479423953089,40.067275841035254,38.84851147640444,40.74756489281046,41.51732007326571,44.730011255244456,43.73763795068288,47.418125490448894,46.4831764366279,48.29665885338396,47.86196291112089,50.62590018810789,11.161738460749564,15.848412889983388,22.45200881930703,21.662702854462374,23.714229740342507,22.727187673977152,23.707168090339234,25.944345886463573,28.064733892773326,27.889928063299514,27.894085006019022,31.08496431088328,30.54279063075683,29.64146403477681,29.65110080729697,32.41410535979235,31.894533694366487,31.433131261241524,31.032492813046765,31.442677205447364,33.75242818439218,32.42788602821083,34.6196274635465,37.36827236906207,39.17862627262318,40.54974412590924,41.525158109860385,42.918080946330015,47.46747453794937,47.955576182481465,0.0,2.8113343492945417,4.2977520272243845,9.655854920187783,15.284577936415213,15.905740877908661,18.631664223084055,20.29613848852912,23.861090998877373,27.109303171526854,27.35785422825071,27.20661113184763,27.367768577904467,29.287944062878964,29.00248873348091,28.787122920518595,28.643427646606945,28.572484257616928,30.694997760175177,30.08064439823787,30.704773186862642,32.10506298956585,31.844870149984146,31.518206634897094,33.51775967499653,33.081036746775986,34.932768566170864,34.3941942719078,36.34981963867892,35.94751961367025
48.401274469057874,46.44304428332595,26.984835935063106,30.715352600498335,39.333577485201474,34.25860361008424,36.860366689423145,53.674272792037904,55.22892082476958,48.93264372646654,35.43879809996378,35.02784485377512,45.10836642784942,50.85231948956268,43.104452922865924,39.61778994467183,44.89773288017519,42.66979309499867,46.79990194198664,48.798228182789224,44.900030012240975,52.1111448263201,55.2634320123132,53.5073164384073,58.423691054651975,62.28042014517074,66.35199357064337,57.9969728873856,71.29521653293526,64.76345390564907,19.64806010635768,19.680262130957985,23.271785460030205,24.5655780912325,26.236918215625447,25.783823844296684,30.664150833383452,32.708318045221496,33.51049331327913,32.785634785206234,32.524550031489454,36.54138396066066,32.720943676504874,31.8589159955443,38.64046192478072,37.6914053743101,35.893394179860735,38.80435233437832,35.46743302539878,39.93828292616712,38.24604750494959,37.45526818861406,42.26230820826724,39.22070550629028,42.6567745313768,41.8992120540573,41.178646603318626,45.45540731046669,47.02173523394419,52.89888795694107,15.61935857878888,17.40167785877358,18.20983373090377,18.049127538689046,21.625971636834386,25.653120647801124,25.606994031369833,28.27123797453734,30.536353678939534,31.414201411523074,30.18403383797011,31.52156366793114,32.10848256149114,34.04672930064555,33.40793877810453,32.820639523502955,35.99654524730523,35.33367316132638,34.153814746404606,37.27187833663998,36.03915511497988,37.940805356125956,38.706109044976095,41.919044646454395,40.92946257565233,44.606862432493905,43.678218584687315,45.4884067911988,45.05884106068114,47.81456584286103,8.676620952198729,13.045634510702792,19.67112825760944,18.853838704029798,20.914333396440146,19.916263534403825,20.90825183376463,23.136514240636092,25.25341255790203,25.104840779077268,25.109369832443914,28.276200506112353,27.731468341795615,26.843923019042887,26.853585664717112,29.603603025001338,29.083743455614727,28.62775511146755,28.238732267088416,28.637319056122493,30.941171132681266,29.637961452372203,31.811674168330285,34.56461979238326,36.370547522162326,37.74340069551058,38.72926088104461,40.12491920729577,44.672100589314894,45.203037509135385,2.8113343492945417,0.0,1.6003164876167095,7.0131383721715155,12.522349750896723,13.250347614228687,15.911790618836232,17.58423764823067,21.170344638502314,24.369696154820993,24.631539295032546,24.52272410179743,24.641484696396287,26.507871441940498,26.24750848580849,26.065102398470113,25.96229636170261,25.94003680997813,27.91947430347578,27.402018709811813,27.92928078885034,29.333936053357117,29.098870385507897,28.84186866991937,30.75086218925324,30.37001547649807,32.16992708077599,31.721881917264565,33.59085967019071,33.24256560560169
48.56856213249901,46.595492825879994,26.788157378781033,30.351508784228077,38.94385018942245,33.6893002848885,36.298731196353344,53.30996463640526,54.875626612513855,48.50925316470633,34.776037964918466,34.28300134458129,44.4691877430561,50.26071969768402,42.30900576907969,38.66549621839868,44.03061827656971,41.68331718005843,45.86884095402859,47.810225298726074,43.80115368842974,51.0027261599174,54.13954145596242,52.336075929736296,57.286185755208265,61.18955953194011,65.26668701336519,56.70755458496523,70.26805030526009,63.60312181816967,19.315234684368146,19.185195229436815,22.648690493322796,23.718751848467786,25.35371917125333,24.778064056904434,29.778005615166933,31.82837495526296,32.586603049387,31.76639578870563,31.463297694601984,35.55696203490623,31.58580001320623,30.683669692604933,37.58910647781799,36.60590276350745,34.737223893002884,37.69009483214191,34.215231897187934,38.797517211547685,37.03957273567808,36.21548513788281,41.074498346654394,37.9111231665828,41.41886035472761,40.63200709311627,39.88221929313456,44.25541937150372,45.63469694978524,51.49700495821157,15.945250890730584,16.680468128774997,17.35430356349269,17.03894032171833,20.533326139678994,24.521566673754748,24.378349422804522,26.996537611061996,29.29391725370435,30.127786165336428,28.82648376843535,30.240346037310793,30.76956094008705,32.72479128183394,32.05178640528822,31.431122587347122,34.69011989649876,33.99435332175158,32.75087113994574,35.948038524486236,34.65368898716549,36.571616458847686,37.29679821470163,40.51457706044236,39.47701175428265,43.183650228246094,42.21174184627716,44.03589994187255,43.58622418862678,46.39638507851501,7.9740087213229085,11.720642034009897,18.403664287007654,17.482227148906176,19.58615706399743,18.49270017064564,19.42726428725628,21.68588389148342,23.83824138541984,23.59646361378599,23.60043082491696,26.8981936653375,26.315358515297234,25.358408081933586,25.368009482723604,28.209183429913224,27.65399249860885,27.164719406681503,26.74498210458109,27.174212870098348,29.532290786645365,28.137026088391977,30.359390668491532,33.094618148742356,34.91816857174686,36.282798620412656,37.238994191365194,38.62915468540593,43.18044467524459,43.65967924376242,4.2977520272243845,1.6003164876167095,0.0,5.416925131180827,10.986833330874964,11.660261904221203,14.345757348977259,16.014556404879514,19.592507505566676,22.81641283172453,23.070182598264335,22.942951955837824,23.080111563485534,24.992285925471055,24.705733324698596,24.501542205374474,24.38178192364887,24.34769839436563,26.398097717543713,25.820853918816447,26.407866778114936,27.80751215821859,27.550256546175728,27.260129611235282,29.220007935556122,28.80139021671021,30.6351588387991,30.139175354848756,32.05261319148469,31.671457608771128
49.08242828678962,47.0757855794461,26.389030548328137,29.291939307904343,37.659087905433715,31.850381292995483,34.44927173237933,51.98559496998395,53.57912963625896,47.016004728515895,32.59107781882456,31.813335797542138,42.26242452718694,48.17552891345014,39.57445185047,35.40843106436186,41.03132354207166,38.28132770409958,42.63348017653685,44.36518455176487,39.99062010412136,47.12612855953848,50.19869115185319,48.23911095116849,53.289308962569024,57.340278242110394,61.425941630809646,52.199562308812844,66.61187985942246,59.51344327465965,18.72207258590509,18.023712988826087,20.875139409010753,21.084526182947148,22.54122299513609,21.51826875429161,26.86681593710706,28.90802351034256,29.496680497882487,28.340362706814457,27.887406514243484,32.21440409607429,27.73787517574423,26.69791585995371,33.98823478226199,32.890963251540136,30.78354118054263,33.86386042359409,29.9191671473098,34.86917813719102,32.88875990309091,31.950995476873018,36.96641113649195,33.39028410050079,37.133297018803134,36.247536791989795,35.39886308183716,40.08949998018374,40.82340095287437,46.625954596738666,17.700984670342866,14.828696805111338,14.942014912512223,14.026272786132049,17.047443245314184,20.787198800995462,20.272549779324684,22.68015484767859,25.074033118887726,25.73785409313312,24.184879872343092,25.86859374649975,26.182788385009033,28.187138393044833,27.394962799548786,26.657955862906327,30.19664723049829,29.387298480179492,27.923917203056593,31.386127622528683,29.880328497820404,31.847594576547785,32.431403353642494,35.656702705601504,34.46059035819975,38.25684299814409,37.14455378900985,39.01124824148984,38.497274102969214,41.48020810619978,7.4519560069254895,7.6508821287303705,14.269767556679335,12.93145810944644,15.171274311813963,13.702785569387547,14.392186402667637,16.749896969690568,19.020017513671682,18.432973288211763,18.434918878922414,22.195152427166793,21.474967549804774,20.26951739102754,20.278858036066726,23.436391497832297,22.755524305971637,22.148515400352817,21.621586214699096,22.157714286935057,24.699333262543018,22.98446448395446,25.36832834044573,28.033945978717625,29.91249157646611,31.24603301999558,32.102560780429215,33.47294071090334,38.03151515991894,38.35492000426597,9.655854920187783,7.0131383721715155,5.416925131180827,0.0,5.830467181837569,6.2510720909519755,9.010051003672443,10.660267125140619,14.20788694934966,17.50138025839786,17.72951939818646,17.551232039109678,17.73938516613386,19.79856053517952,19.42436797595144,19.152612126422024,18.98769178349933,18.932399088999997,21.180714209857655,20.424791172486096,21.190333230542787,22.57022976431928,22.242714394024933,21.86240406758058,23.965826728670596,23.435025128825057,25.366501374118585,24.738812258537394,26.77145672423632,26.29734676992449
47.79196854431512,45.777637085637565,24.690653936155837,26.77376187852211,34.69308055212094,28.450771270941242,30.98052748719958,48.7866882306273,50.392522814919346,43.70489875637836,28.828529964262007,27.78808243253414,38.32561415802899,44.29028906418056,35.183509106678265,30.603721074139212,36.39241968298168,33.327951290029695,37.78291883516721,39.33575407981131,34.71054611915682,41.769992618962625,44.79096356403903,42.73878604296608,47.838622540808515,51.9743581308725,56.05710607057229,46.48008238121134,61.35473347514397,53.995892008704814,17.31638060528076,16.049307401261057,17.984886466837807,17.235597798006136,18.436200619283678,16.988436253638753,22.523503193892633,24.508657201121917,24.925670496334202,23.482661633134114,22.90451983429368,27.37371833262322,22.527376904924203,21.389408452133324,28.9110593489127,27.73264870855347,25.459397711324442,28.611076457437118,24.362462579058636,29.53371886022132,27.410247666629218,26.403642795296875,31.495922641465075,27.693483527715912,31.552222463942417,30.613395926126728,29.715495719329205,34.57032155829669,35.012253538833406,40.80251993194774,18.897922499981764,12.424877508357238,11.842491379684116,10.29139759124582,12.481717344908839,15.807957069776114,14.96370141227318,17.16593653872176,19.605091163920974,20.146993858729854,18.458742548077115,20.288506403519023,20.47604430552426,22.497954892553956,21.650918734849856,20.870074215937816,24.523334363275165,23.66019501205923,22.118020965720067,25.67476862513609,24.087526883962838,26.06832218097729,26.61329496150735,29.83845717048843,28.63102425248584,32.42862531217801,31.321203091021143,33.18268519897979,32.67856044458312,35.652473984907594,8.675993730666283,3.7688082459539367,9.13625356767512,7.41606644126052,9.711196663983337,7.97068386078532,8.562242757770866,10.933088537282444,13.235257627805998,12.63171726724861,12.634658712162844,16.44774551452546,15.675230914607685,14.445142839641026,14.454538066587686,17.65548923626509,16.938147238926472,16.31805048414891,15.806647946952967,16.327250554334995,18.89595802898473,17.181124787981506,19.53805653615816,22.207708628597242,24.082162869606883,25.417637737200373,26.296378866994456,27.67510081603665,32.23165271043284,32.680831801749974,15.284577936415213,12.522349750896723,10.986833330874964,5.830467181837569,0.0,2.1941009239518556,3.5313283849147785,5.199300629834815,8.817053963224746,11.860481914538795,12.145025201430933,12.159219418164657,12.155012801482048,14.015238398732732,13.725344115503715,13.584426480520717,13.59711816968406,13.762994232216785,15.414761595126679,15.03561073523894,15.424500448811704,16.82129022090376,16.580529798880143,16.474541567003087,18.233203129377802,17.904173585745657,19.649339684030924,19.353326979242418,21.068848228598362,20.784756460229993
49.95419764033195,47.94036685975439,26.846640683716377,28.83691944020819,36.65970221245985,30.340839628032526,32.844667874102534,50.67894265984085,52.285542126792805,45.578231838216325,30.620208504753325,29.501330967192953,40.0328438991243,46.00137294688131,36.730295447997825,31.968912446741566,37.82264595944919,34.59626499466496,39.09734439895459,40.53719253632513,35.7423872624507,42.716463538117544,45.682819371805174,43.53918125094832,48.68212167018432,52.892846735452004,56.96718895303412,46.95842893922721,62.353712909153224,54.75785521199615,19.502050473158633,18.20892060198439,20.02921247877312,19.074836087812606,20.183504742139586,18.586157809216076,24.1495061044663,26.098789727343615,26.437726954995707,24.85705069491696,24.208446025420134,28.734238365320664,23.675990262858488,22.466865603593792,30.118007870901653,28.888203496144754,26.494835939869905,29.689673559555754,25.162400691605082,30.5381416086719,28.28473304023303,27.203680822275246,32.361083612696376,28.26498584963081,32.28664285039892,31.276956784063756,30.302840672042084,35.370599615239456,35.250041590184175,40.95348347015177,20.97224521144526,14.56989665430501,13.908464804351548,12.25876603415895,14.131859327681155,17.186058717667823,16.11350399179126,18.07892699744694,20.543518930841238,20.932548830895563,19.030679477626748,21.08744909987341,21.070857768384794,23.11150585338047,22.156928079808715,21.258189693781357,25.15250938825345,24.191797776295047,22.4279291486108,26.227906271078748,24.439418520301253,26.45571241387731,26.83752487259345,30.05069706081248,28.64983979164065,32.54590071756122,31.25707247589422,33.17150110378851,32.57805477006904,35.76932219194269,10.609165267810559,5.920361379408528,10.560569651417968,8.565857965913802,10.83212782122449,8.73887713723161,8.853591822316988,11.309661355365293,13.714367445489609,12.534207098927931,12.53262668892503,16.991140210851828,16.06445855881243,14.4700732214372,14.478842268610219,18.09257683424724,17.225252382073126,16.43991212717063,15.748825666444718,16.448507079812195,19.238939402717968,17.053473625932693,19.658412634359465,22.199299605604047,24.142249702434732,25.42456456919221,26.143635774205432,27.483738434438425,32.03910466484034,32.181771796031306,15.905740877908661,13.250347614228687,11.660261904221203,6.2510720909519755,2.1941009239518556,0.0,2.9688896013981503,4.505937945645693,7.9739040681308975,11.357754759386626,11.546355943082991,11.306934451359657,11.556096658037607,13.832253112083004,13.321893306872935,12.954067484874468,12.741126148251492,12.690868159768815,15.164884338333872,14.176698711758387,15.174201507841653,16.515724926062372,16.090704924158356,15.613271252440532,17.880648329176207,17.210294097359984,19.256660185763938,18.488483736610583,20.64154307091163,20.063647190734088
49.28650290081082,47.280546951132486,26.217450457385223,27.750423111046572,35.238851689467985,28.761106336247614,31.1963622197381,49.0418537151729,50.64737203149264,43.909968686718784,28.83774911427909,27.58620787433562,38.06940146010169,44.030600119673416,34.54295600052561,29.583869251435935,35.49173426664649,32.10853391200079,36.643177281101714,37.978856344738034,33.06411687745579,39.974888507189114,42.907783457716015,40.719924030751244,45.87994450025301,50.12721093999187,54.194650038601935,44.026850805912254,59.629704729897234,51.91500676615956,19.218924831483736,17.69311708994308,18.955323576983105,17.48173724447311,18.399227704070878,16.57951474488534,22.130070500948943,24.014240496625277,24.246351885257134,22.512317398286186,21.793769784638375,26.356018301366404,21.121642652354687,19.861478551248915,27.58780695709539,26.318586637772032,23.841351606522156,27.057737185690762,22.36914976573139,27.851880414254126,25.523896380173163,24.405540771180807,29.587131165591448,25.370377416225416,29.448898714856295,28.411359725043376,27.411065198816495,32.55918237152095,32.28529699788621,37.98466359379491,21.828576361711683,14.029169765599075,13.028183529001783,11.126295580115851,12.286987855224735,14.912196312737926,13.620112021092677,15.38258747601689,17.848874204631837,18.14558237709841,16.154807113473336,18.30697989996233,18.197521698450497,20.240261091636757,19.251050230197226,18.322966705027017,22.28301847034357,21.29023884454152,19.476581062227755,23.330065905386398,21.49344316217336,23.514790198035463,23.873523220621973,27.085036552635934,25.6838888191319,29.577016635516582,28.299520364725772,30.20868212891083,29.62587804392519,32.8004742519018,11.962578281947259,5.942142583430539,8.506287152604878,6.287150837432551,8.418783207305122,6.097136985866399,5.9475027551973545,8.405556992350258,10.828375098132884,9.569447567401747,9.56824615137428,14.112128109590017,13.140287275757434,11.501189221351709,11.509960621363426,15.175617772647042,14.276356842326152,13.47303835804622,12.7837619074096,13.481595699225842,16.297225278601285,14.096976466793746,16.690346931368225,19.233638363279912,21.17380173189219,22.458736980994296,23.19758189315069,24.545849276189912,29.10350892558285,29.344883446783985,18.631664223084055,15.911790618836232,14.345757348977259,9.010051003672443,3.5313283849147785,2.9688896013981503,0.0,1.6805055919721836,5.2984645002413755,8.491407883455524,8.726337503740773,8.650110065030661,8.736245545381195,10.879915781534741,10.424067791473764,10.155945019011906,10.090523134959096,10.231691113647672,12.227828196915786,11.531082869234128,12.237256327023994,13.59485047410558,13.232859907111566,12.971740405093865,14.975750345584984,14.458345348939233,16.367015592748995,15.853242227921227,17.766211256576025,17.332308392975033
49.8427055248623,47.84408503762565,26.85610134679669,28.122030263587742,35.37351398755219,28.811723501440728,31.190140788946728,49.003201302747584,50.605737047986324,43.85791295846492,28.744665601964172,27.399279266031765,37.81330459555163,43.757523021614716,34.11553832097764,28.995065231280275,34.93754551077357,31.414279143692955,35.97229580808896,37.202041517797575,32.16412848554113,38.9890214919804,41.876251781335135,39.62957584084147,44.80962380566744,49.10249479601042,53.15866876162605,42.736284289400245,58.6510533158566,50.782693885897444,20.078903901689888,18.45167717268426,19.392875001172293,17.60012628109649,18.370430262947988,16.3973581328056,21.889991551451285,23.710293427328864,23.851563260423315,21.989415942013103,21.20809669812447,25.784477988584335,20.396577293415042,19.08662228687596,26.862640163079096,25.555950179296527,22.993414701560052,26.22436077886983,21.346470209446576,26.953303488699973,24.537137139959867,23.36999092984022,28.573876116852716,24.174802759975314,28.344087815107088,27.2631488112822,26.21764024739324,31.489028544763176,30.887694291506286,36.54106129253081,23.145835710744354,14.821652926354748,13.658081274167078,11.653454399079639,12.300824077352189,14.518264040064455,13.023311951053982,14.5278336941087,16.978763210862212,17.148713026634468,15.02174940404659,17.318735030224985,17.06042452039216,19.099989122353502,18.046290297721526,17.050542822598175,21.14018576389635,20.089127785139457,18.15170739183766,22.131965272557387,20.18287632863359,22.21618514855649,22.486445879333576,25.684330605173695,24.199096361374615,28.12828267106156,26.778941579053754,28.706209463326886,28.09090384426984,31.347439773844467,13.486018140365656,7.222443356436835,8.461241820513903,6.150040139096114,8.026742363722567,5.5312768972621935,4.884590542391136,7.282984763163069,9.713862590336772,8.09674126720496,8.093167915542963,12.984382753906711,11.917777835467735,10.074329685234549,10.082675863440123,13.960615322885666,12.9745139881695,12.081831577406716,11.304720399038537,12.089983797558293,15.01187286407762,12.579914546374232,15.277632952014722,17.750661170890677,19.715885312655633,20.97471073353409,21.65070534843348,22.984371272199855,27.538059187670253,27.701674238646984,20.29613848852912,17.58423764823067,16.014556404879514,10.660267125140619,5.199300629834815,4.505937945645693,1.6805055919721836,0.0,3.619806279919621,6.858101620250509,7.069589169110607,6.969847348086041,7.079442420163187,9.354762190585822,8.816146588959942,8.492980260994724,8.41013642869496,8.574583592506286,10.668465697374389,9.850633453890262,10.677697050228295,12.011399045477344,11.596834570921066,11.291258837549604,13.374760398726178,12.786842995617253,14.752887392540282,14.172738109618127,16.1419986095469,15.658328684181017
51.3930252661332,49.41567424504576,28.694814616813513,29.42543463871393,36.12970577765676,29.451096250852146,31.685464366696937,49.319964771934146,50.90999207836654,44.16868515978636,29.08097028969666,27.550048470981313,37.71766222284149,43.59037988957706,33.66844096721955,28.230716766803848,34.19818718190746,30.381965019609048,34.958260023840026,35.934046936854244,30.63928226283344,37.21599392830577,39.980672497557364,37.600828468501966,42.80985165405491,47.19854894044786,51.21715278389375,40.20160718295421,56.83241230715089,48.61643361264464,22.404041733539696,20.620810141583284,20.950841518129586,18.575471639820265,19.023960456598747,16.788462612185008,22.012677172474838,23.659855666832357,23.597234724718323,21.47890971182885,20.568574189860314,25.099585607046418,19.445844748094327,18.046116425629414,25.805838235001858,24.427220371779264,21.697118132421085,24.9177563752093,19.6422986204726,25.4804441181291,22.8763824198204,21.602243047846947,26.803522489082134,21.98531623935093,26.34743573074867,25.165889486889107,24.013538384559237,29.55450292439343,28.116766781427124,33.628698114735926,26.23049452477798,17.124276300793053,15.71425717731719,13.610004855377493,13.276056880815444,14.52196727815295,12.63687220015127,13.436214439202818,15.760540393535267,15.6018291423978,13.175041633775727,15.78954821724535,15.143948482947101,17.130178027580094,15.923085861006083,14.75939481880459,19.128334816680194,17.938825182809595,15.69070377963244,19.960075263932143,17.731737780110663,19.773144269565115,19.796369214283608,22.932250813068563,21.219916670765976,25.230805233268235,23.68523313965653,25.656916075053054,24.95140105410315,28.425385309690416,16.929981848556153,10.45574542388718,9.62237132674378,7.473510535076554,8.544319403549293,6.151816102929714,4.469536004711229,6.060272412720754,8.212520476897462,5.524657297688145,5.51173694054531,11.232570429304763,9.942460788440444,7.536347038880559,7.542715273971554,11.919320539867522,10.712240205134114,9.57221950714022,8.526200230657253,9.578738607282055,12.732742352491227,9.630608291072573,12.609920839486811,14.828350041179757,16.848218022870782,18.01887305657609,18.502215326608965,19.785227612413756,24.31174396548063,24.236787958948927,23.861090998877373,21.170344638502314,19.592507505566676,14.20788694934966,8.817053963224746,7.9739040681308975,5.2984645002413755,3.619806279919621,0.0,3.610008425227159,3.6628520648232246,3.355416714681465,3.6720147416016404,6.485263199811382,5.613747309169853,5.0162821822138115,4.796396878072097,5.004115015900789,7.613028467938614,6.237386206961674,7.621223620089084,8.832368206571768,8.213784037631118,7.678379541127916,10.110203549843877,9.23691853271662,11.426927211726333,10.560371666908496,12.770515932604592,12.090927398081412
50.908753888382385,48.96413521428787,28.719674860279603,28.861767680320263,34.93661573669552,28.221982914079394,30.290123874010362,47.629780726619,49.20156535337182,42.49956157828392,27.570385887834277,25.890867849244017,35.73308218475027,41.5087123063629,31.420846790029348,25.77906485559566,31.71314682807894,27.703701213940263,32.261270875092464,33.05249405435065,27.61534685045613,34.01328166027214,36.703838292789946,34.26156649443118,39.47461738314307,43.90379747892379,47.898059089884796,36.65749405951497,53.56837941816405,45.197439416299645,23.105609316138032,21.184194181287207,20.830750559088504,17.931137270163475,18.042307941573334,15.639453937547644,20.433839742833246,21.88576844832177,21.642133649753166,19.34333173089885,18.342266576539863,22.751705182022413,16.982988522276564,15.543515424842138,23.153707206977924,21.73705357312691,18.917991523151855,22.089725562111163,16.598536618253412,22.52921247575657,19.823125888891525,18.491670682265823,23.648322974675843,18.62252995628396,23.063179605108818,21.833515752439766,20.632207218971107,26.289302988798493,24.525558182905467,30.019763374186436,27.876908878234907,17.952531793270484,16.327229830009685,14.231333370647468,12.913910522051404,13.114602076294126,10.977678878301095,11.061564625939106,13.177558955498984,12.755552980462017,10.168647677484723,12.95197770691949,12.0313052634652,13.944518173696624,12.657360850946908,11.408829402073266,15.890035803937806,14.630756182267321,12.23808921743952,16.620939781457107,14.268168223282181,16.3014352497487,16.234663938150227,19.349435477732765,17.61001006632306,21.624246531237553,20.08282448443932,22.049951701232033,21.357738050673657,24.81655661380135,19.325760777507845,12.70910008934338,9.820274942999939,8.198367634355705,8.28442790145135,6.586657167648173,4.6676993562131655,4.581860016231194,5.9018763016261495,2.456329808430295,2.4339034667462656,8.390283358441804,6.981137117223344,4.242091545279224,4.2462516222321876,8.80610062418909,7.47574938169221,6.198359253253999,5.014568181501521,6.203530413657973,9.426076785797019,6.0373346284039515,9.091029730160793,11.225803414075246,13.251211455762581,14.410514578381004,14.9071673498575,16.204872346459734,20.74364932348504,20.85386224342396,27.109303171526854,24.369696154820993,22.81641283172453,17.50138025839786,11.860481914538795,11.357754759386626,8.491407883455524,6.858101620250509,3.610008425227159,0.0,0.5804370368226887,1.9587689420254524,0.5860028280610113,2.9857972625510736,2.006997236566481,1.8260609305588629,2.61426225475592,3.8115146269127074,4.0081839605306895,3.7396417615915434,4.016176144323787,5.231544134369266,4.741529989822007,5.028760868587559,6.5441218966528645,6.102871834415949,7.9015802702149065,7.768806382594015,9.284253989149986,8.97869062637217
51.485671139773736,49.54169348730746,29.299139490357575,29.43897566202584,35.49158143842001,28.777140249903606,30.835265416695503,48.1491985953535,49.71917529114284,43.02178608259679,28.109319451029048,26.42007617324371,36.22866932416922,41.992,31.88857502303921,26.22285301030382,32.14798695097409,28.109319451029048,32.66063013782802,33.41485156333932,27.947802507531787,34.291408034666645,36.95578472986333,34.49067829138766,39.703458803988354,44.14692560077089,48.13102720698988,36.771074773522734,53.82039146085803,45.38776972930042,23.66677915019987,21.749720602298485,21.410689614099002,18.50917401520674,18.612454935251503,16.20545636310427,20.97272353194057,22.40871194181851,22.14913463227098,19.834172033020316,18.824,23.21277029998789,17.435649027208594,15.993050522023621,23.567871202126,22.14603190190062,19.314018354552736,22.471806691941794,16.93885710430311,22.883846376865932,20.155768429906114,18.810566206257587,23.94798465424596,18.853348588513395,23.3205653447767,22.073462800385446,20.852341834911496,26.550916839160188,24.589153564122533,30.033787390204388,28.38186394291674,18.50451685248694,16.887418934378683,14.788729759322907,13.494148945153002,13.672132537687231,11.52511080493247,11.541464522000002,13.620374658819577,13.151403892041918,10.537761621900545,13.349033223421086,12.364359465819488,14.249797191539253,12.938807982190632,11.66028267238835,16.173509977738288,14.891106372597035,12.435856263241385,16.864866320252883,14.454839051335025,16.479702454838193,16.342699899343437,19.428873461938032,17.617792029650026,21.65285865653771,20.043746156844033,22.025311462042936,21.29938461552352,24.832653422459714,19.739969684082485,13.12830944124383,10.386386641576467,8.73301757471741,8.86000430516804,7.126950603835105,5.1976704239529665,5.160067299572675,6.420136111485867,2.919966140999997,2.8960172651419054,8.806692057747902,7.382010633966874,4.576769275373186,4.5799276195153995,9.153538550746372,7.792530012775055,6.469403991095316,5.213085458727874,6.4738649970477455,9.704105986642974,6.128512462253789,9.254258263091646,11.277008291209153,13.312734993231107,14.435239104358471,14.853032047363259,16.12655263842834,20.64961580756407,20.636390478957313,27.35785422825071,24.631539295032546,23.070182598264335,17.72951939818646,12.145025201430933,11.546355943082991,8.726337503740773,7.069589169110607,3.6628520648232246,0.5804370368226887,0.0,1.448,0.01,3.234701995547658,2.0428374874179296,1.441,2.0428374874179296,3.234701995547658,4.085674974835859,3.2253105276856675,4.092735026849405,5.203378229573553,4.559060539190065,4.559060539190065,6.450621055371335,5.764,7.765232836174328,7.349063137570666,9.11812107838013,8.646
52.77844992360744,50.82779714985495,30.472480714193896,30.731492087212523,36.88216567665191,30.16757336977726,32.2449571793109,49.58654750602191,51.15768721716099,44.457154525317236,29.528042535867495,27.849568632206854,37.67556748079583,43.44,33.33516007161207,27.662539073628075,33.583399842779464,29.528042535867495,34.07445437567563,34.798045706619796,29.302861856822105,35.581721951024235,38.211015492917745,35.7151473887481,40.925661008711884,45.388063981624065,49.35694386811242,37.811241555918265,55.07195563079271,46.55084902555484,24.658559971176565,22.77502676565363,22.601664313746607,19.796232239581055,19.955435645646027,17.56631869125858,22.391618045358264,23.84341445035269,23.592672389271076,21.281645059247587,20.272,24.658141393868274,18.8790745800741,17.435649027208594,24.992714638470147,23.567871202126,20.72781495961405,23.874252239599045,18.307077101492744,24.26248645543156,21.51432102112451,20.155768429906114,25.26863259062508,20.091613797801312,24.589696704107595,23.3205653447767,22.073462800385446,27.823414905435314,25.550942546215392,30.89410922813603,29.075205534514065,19.445655871379117,17.882870086265562,15.771372477760677,14.70539248606571,15.058704596614076,12.932177463201903,12.989464522000002,15.061027196518257,14.56766424673768,11.937126119799522,14.76597656777228,13.730307826119558,15.58506002555011,14.249797191539253,12.938807982190632,17.481796503792168,16.173509977738288,13.64188700290396,18.123313714660462,15.639256376183619,17.64703853341971,17.399074917937448,20.428374874179294,18.48883868716475,22.554016582418306,20.81351291829421,22.820129557038012,22.025311462042936,25.703919156424377,20.108290109516908,13.544785488797817,11.442935439314427,9.62613814145897,10.00414012145033,8.06406088386748,6.123667025241935,6.467883860051233,7.8570884081464225,4.3679661409999975,4.344011510113664,10.237918587291071,8.806692057747902,5.968563059899761,5.970985262081962,10.537761621900545,9.153538550746372,7.792530012775055,6.469403991095316,7.7962339626258,11.019384057196662,7.2274195256675124,10.426170917455748,12.257024924507578,14.299862411925508,15.350351136048975,15.610134688720658,16.826450724974652,21.29938461552352,20.988986159412274,27.20661113184763,24.52272410179743,22.942951955837824,17.551232039109678,12.159219418164657,11.306934451359657,8.650110065030661,6.969847348086041,3.355416714681465,1.9587689420254524,1.448,0.0,1.448034529975028,4.576769275373186,3.234701995547658,2.0428374874179296,1.441,2.0428374874179296,5.213085458727874,2.882,5.218620507375488,6.128512462253789,5.203378229573553,4.323,7.217619552179236,5.943096835825578,8.413225362487326,7.205,9.675931583057004,8.766414318294567
51.49023249431848,49.54634813576398,29.30511606527759,29.44358269107565,35.494424815736906,28.780000049616437,30.837603559908118,48.15042822888362,49.720335594516946,43.023127010210665,28.111371720355447,26.421714270652462,36.22906845338422,41.99200119070298,31.888124701838457,26.221755852726567,32.14664375949688,28.10727058965349,32.65842557442107,33.41183420586185,27.94419483542154,34.28678674066732,36.950716704821836,34.485247990988846,39.69801558012692,44.14170386380661,48.12563890484987,36.76402154280731,53.81530504419723,45.38173818839468,23.674215494366337,21.756945594714054,21.416533881074848,18.51391396333537,18.6163282823646,16.20901588426875,20.974787063215057,22.41010885297301,22.149946495000968,19.834453987086846,18.82400265618341,23.212151666745587,17.43482540778657,15.992152606825638,23.566038975610645,22.14408203109806,19.311782543307597,22.4692437789971,16.935456887843326,22.880699836324936,20.152195934934735,18.806738180769145,23.943774326534236,18.84800023875212,23.315623688848643,22.068241887381966,20.846815104470995,26.546033696204034,24.581536017913937,30.025631467131547,28.39074781669686,18.512305203403848,16.894889958841745,14.796311579546536,13.499869576314204,13.675159902361138,11.527615497836974,11.541468854205029,13.619320315148423,13.149216110917612,10.53503108680748,13.346870344766222,12.360866676734283,14.245755157238946,12.934356265388704,11.655342637606154,16.16905764106245,14.886270486592672,12.430065204977808,16.859741872282623,14.448859885817981,16.47358348993928,16.335647523131733,19.421457823757724,17.609613737955755,21.644873480803714,20.035119665227857,22.016806875657515,21.290590057581777,24.824530126469664,19.74972466752272,13.138024664321192,10.393559045948509,8.741267353380925,8.866513197847066,7.135040638251865,5.205977372038358,5.16487351157792,6.421507585877703,2.9199832644360164,2.896,8.805061328576878,7.380065108113884,4.57363061473049,4.576769275373186,9.150394964153188,7.788837140420898,6.464955374942661,5.207563729806866,6.469403991095316,9.699655303153818,6.121462652013815,9.248033088176102,11.269343192928327,13.305159638275672,14.427254347241544,14.844301297130828,16.11761768996895,20.64054439689031,20.62661465194907,27.367768577904467,24.641484696396287,23.080111563485534,17.73938516613386,12.155012801482048,11.556096658037607,8.736245545381195,7.079442420163187,3.6720147416016404,0.5860028280610113,0.01,1.448034529975028,0.0,3.2302595870920343,2.0357959131504315,1.431,2.0357959131504315,3.2302595870920343,4.078627220033721,3.2163780872279304,4.085674974835859,5.195073146742017,4.549579431112287,4.549579431112287,6.441687046108341,5.754,7.755955195847898,7.339259431305042,9.10863941541216,8.636
49.63386842360444,47.721193945220634,27.987287746316017,27.65580375307801,33.19783438720062,26.505996768101518,28.432160803621414,45.487253525872156,47.04295701883984,40.385809503268426,25.64877153003629,23.874252239599045,33.4284660132648,39.122547169119755,28.96,23.21277029998789,29.1030500807046,24.992714638470147,29.528042535867495,30.223085812008012,24.728718931638976,31.057338005695208,33.729732640505766,31.278512752367238,36.491598211095116,40.925661008711884,44.9163101000071,33.71734320791008,50.594598960758645,42.2129868642341,23.0137344112067,21.01631192693412,20.107014968598417,16.84983657333015,16.680921063756163,14.211540946839953,18.544861031110848,19.826708811688675,19.451193606591442,17.047589932429254,15.993050522023621,20.272,14.48,13.032,20.475837174582143,19.04334266876485,16.18663362160273,19.314018354552736,13.730307826119558,19.686713082685998,16.93885710430311,15.58506002555011,20.71463955756894,15.639256376183619,20.091613797801312,18.853348588513395,17.64703853341971,23.3205653447767,21.65285865653771,27.225898258827016,28.5162431466647,18.087860357038288,16.339282153258377,14.339189265343734,12.274919746893577,11.5682679277164,9.325488636978717,8.764732614356282,10.647933138,10.03968977526135,7.382010633966874,10.239330886342135,9.153538550746372,11.019384057196662,9.704105986642974,8.432433160126442,12.938807982190632,11.66028267238835,9.254258263091646,13.64188700290396,11.286867102965287,13.322605300766064,13.312734993231107,16.46005640938086,14.853032047363259,18.81469364619047,17.426181480749015,19.351863166114008,18.746489378014218,22.025311462042936,20.747656097549466,14.196806201643593,9.892866704896417,8.881853482725504,8.161001330937532,7.320564995345208,5.757128107000001,4.243221981549305,4.16736711495698,1.441199283900194,1.431,5.792,4.344,1.448,1.448034529975028,5.968563059899761,4.576769275373186,3.234701995547658,2.0428374874179296,3.2391691836024865,6.469403991095316,3.2253105276856675,6.128512462253789,8.413225362487326,10.406756459147106,11.63163071112559,12.319298681337342,13.677181617570193,18.23624215676026,18.788879503578706,29.287944062878964,26.507871441940498,24.992285925471055,19.79856053517952,14.015238398732732,13.832253112083004,10.879915781534741,9.354762190585822,6.485263199811382,2.9857972625510736,3.234701995547658,4.576769275373186,3.2302595870920343,0.0,1.448,2.896,4.344,5.792,1.441,4.576769275373186,1.451,2.882,3.2253105276856675,5.213085458727874,4.323,5.203378229573553,5.764,7.217619552179236,7.205,7.765232836174328
50.89130104760032,48.96949157459002,29.06946792420836,28.883005091330432,34.55938633714436,27.85928446189672,29.81483895882253,46.916775097177606,48.47438043806132,41.81137768581062,27.041525863012982,25.281834427113868,34.87129805441719,40.5695996652666,30.408,24.658141393868274,30.544269315208705,26.42007617324371,30.94947754001673,31.613284865701633,26.090242850537056,32.347019955476576,34.98084801716505,32.49497511923959,37.70669717702679,42.1621658006322,46.13675568351117,34.72823728610481,51.84315179461989,43.36451715400507,23.857353165373045,21.88492743667169,21.173635373913495,18.0230814431428,17.934944790158013,15.47707390013024,19.926225959905548,21.238399376209625,20.880424857509766,18.486415085045973,17.435649027208594,21.72,15.928,14.48,21.910370238770497,20.475837174582143,17.613384115495805,20.72781495961405,15.111542906004006,21.07552324380109,18.307077101492744,16.93885710430311,22.038768114393324,16.864866320252883,21.35627647788818,20.091613797801312,18.853348588513395,24.589696704107595,22.554016582418306,28.022853530645303,29.06246175394819,18.828177410993483,17.123009359946856,15.07498572886001,13.283198079075005,12.855947372614432,10.62972046632437,10.19580830816629,12.095933138,11.474579384777085,8.806692057747902,11.674521703264764,10.537761621900545,12.364359465819488,11.019384057196662,9.704105986642974,14.249797191539253,12.938807982190632,10.426170917455748,14.891106372597035,12.435856263241385,14.454839051335025,14.299862411925508,17.389192534445066,15.610134688720658,19.632708855377036,18.075827643568633,20.043746156844033,19.351863166114008,22.820129557038012,20.898692436183214,14.292347444682486,10.608757686027523,9.321879898750636,8.932987742383853,7.709702256267072,5.9364322652928,4.982503775783339,5.431005729535633,2.0598944925045126,2.0357959131504315,7.24,5.792,2.896,2.8960172651419054,7.382010633966874,5.968563059899761,4.576769275373186,3.234701995547658,4.5799276195153995,7.792530012775055,4.085674974835859,7.2274195256675124,9.244419343582376,11.277008291209153,12.416326711229857,12.90124211074267,14.203599015742453,18.746489378014218,18.95552966814697,29.00248873348091,26.24750848580849,24.705733324698596,19.42436797595144,13.725344115503715,13.321893306872935,10.424067791473764,8.816146588959942,5.613747309169853,2.006997236566481,2.0428374874179296,3.234701995547658,2.0357959131504315,1.448,0.0,1.448,2.896,4.344,2.0428374874179296,3.234701995547658,2.049903656272655,3.2253105276856675,2.882,4.085674974835859,4.559060539190065,4.559060539190065,5.943096835825578,6.450621055371335,7.349063137570666,7.349063137570666
52.15861921047465,50.22851049543797,30.18233031755611,30.129817340682234,35.92769917487063,29.221653012571895,31.203443468919545,48.34739647293657,49.906760269841094,43.23843668238618,28.439799032341984,26.693740689532444,36.31454149510909,42.016717446749695,31.856,26.103803879894592,31.986101044047242,27.849568632206854,32.37326724320546,33.00845425038864,27.460615652239117,33.64958490085725,36.246627429320924,33.729732640505766,38.93772838777321,43.41175104738347,47.37002158538668,35.769192121153644,53.101833678320375,44.53335653193008,24.7569795525446,22.812455782019114,22.283335184559803,19.233807341875462,19.216263156939956,16.772153855020427,21.316437304277976,22.654673730232123,22.31207654475754,19.92656947116004,18.8790745800741,23.168,17.376,15.928,23.346566085829412,21.910370238770497,19.04334266876485,22.14603190190062,16.50422712519432,22.471806691941794,19.686713082685998,18.307077101492744,23.377590038325163,18.123313714660462,22.642913968833604,21.35627647788818,20.091613797801312,25.877615964381263,23.509879795524263,28.870478208716943,29.669355422720283,19.64747426373103,17.98933477919258,15.908848124968602,14.366852669363803,14.174602317082194,11.967062466034479,11.631074082499204,13.543933138,12.912396420944306,10.237918587291071,13.112529313599266,11.937126119799522,13.730307826119558,12.364359465819488,11.019384057196662,15.58506002555011,14.249797191539253,11.66028267238835,16.173509977738288,13.64188700290396,15.639256376183619,15.36022867668317,18.385537386761367,16.46005640938086,20.5204099617917,18.81469364619047,20.81351291829421,20.043746156844033,23.676902014410587,21.148022733631187,14.532256969652648,11.463685081196537,9.954947333103231,9.858397703866292,8.335571600646569,6.44448136318272,5.9865819101292885,6.768907282395946,3.2561761722281575,3.2302595870920343,8.688,7.24,4.344,4.344011510113664,8.806692057747902,7.382010633966874,5.968563059899761,4.576769275373186,5.970985262081962,9.153538550746372,5.213085458727874,8.432433160126442,10.214187437089647,12.257024924507578,13.312734993231107,13.612949129413508,14.853032047363259,19.351863166114008,19.230070852703587,28.787122920518595,26.065102398470113,24.501542205374474,19.152612126422024,13.584426480520717,12.954067484874468,10.155945019011906,8.492980260994724,5.0162821822138115,1.8260609305588629,1.441,2.0428374874179296,1.431,2.896,1.448,0.0,1.448,2.896,3.234701995547658,2.0428374874179296,3.2391691836024865,4.085674974835859,3.2253105276856675,3.2253105276856675,5.203378229573553,4.323,6.450621055371335,5.943096835825578,7.765232836174328,7.205
53.43511955230476,51.49746436579964,31.322604767157458,31.393904039796194,37.30202889924354,30.591889233020968,32.59721697469883,49.77902282993808,51.340016462880854,44.66684360337022,29.842815299498806,28.109319451029048,37.7581491601482,43.46389399260035,33.304,27.549711885970783,33.4284660132648,29.280879921887593,33.79911407122974,34.40798936293721,28.838575901039217,34.963593007584336,37.52558700406964,34.98084801716505,40.183227595602624,44.6733191177911,48.61513214010633,36.83765943976354,54.369941143981386,45.71817743523904,25.706734158054523,23.79200783256363,23.42999417301338,20.475366492998518,20.519763712273104,18.090436184980742,22.713870777329294,24.07472291809726,23.745710881086033,21.367784327845488,20.323150961403595,24.616,18.824,17.376,24.784135651662336,23.346566085829412,20.475837174582143,23.567871202126,17.905689179699284,23.874252239599045,21.07552324380109,19.686713082685998,24.728718931638976,19.408211973285947,23.94798465424596,22.642913968833604,21.35627647788818,27.181652635555476,24.514049849015155,29.76444375425148,30.333282499586186,20.53630037928208,18.926919719143623,16.82620309521138,15.510092457444276,15.516337417297674,13.32755112313388,13.069149535004055,14.991933138,14.352261097321191,11.673283042914706,14.552518716703306,13.346870344766222,15.111542906004006,13.730307826119558,12.364359465819488,16.93885710430311,15.58506002555011,12.938807982190632,17.481796503792168,14.891106372597035,16.864866320252883,16.479702454838193,19.43875924538395,17.389192534445066,21.469154641019287,19.632708855377036,21.65285865653771,20.81351291829421,24.589153564122533,21.492226351455113,14.909567323853297,12.428991095050637,10.746995671488248,10.898217678575346,9.14972168640782,7.212132835743488,7.144675643979875,8.144556240894705,4.599522715339321,4.57363061473049,10.136,8.688,5.792,5.792008632590252,10.237918587291071,8.806692057747902,7.382010633966874,5.968563059899761,7.383969190076567,10.537761621900545,6.469403991095316,9.704105986642974,11.286867102965287,13.322605300766064,14.299862411925508,14.435239104358471,15.610134688720658,20.043746156844033,19.607971669706178,28.643427646606945,25.96229636170261,24.38178192364887,18.98769178349933,13.59711816968406,12.741126148251492,10.090523134959096,8.41013642869496,4.796396878072097,2.61426225475592,2.0428374874179296,1.441,2.0357959131504315,4.344,2.896,1.448,0.0,1.448,4.576769275373186,1.441,4.5799276195153995,5.213085458727874,4.085674974835859,2.882,6.128512462253789,4.559060539190065,7.217619552179236,5.764,8.413225362487326,7.349063137570666
54.720159477060285,52.7756365534636,32.48740499641427,32.67326027100736,38.681734190700396,31.96898148054918,33.99552371523536,51.2115698850921,52.774077615685194,46.09647314317171,31.249935823934102,29.528042535867495,39.202080812120165,44.91112362210503,34.752,28.99582868276056,34.87129805441719,30.713755761873212,35.22676823099161,35.81137835939857,30.223085812008012,36.28780120095457,38.816423946571895,36.246627429320924,41.44189035263715,45.94588296028274,49.871200196105164,37.93131435898313,55.64682981087063,46.91776912855086,26.701268388986,24.817424173410128,24.608446414746318,21.7424775308802,21.841475314141945,19.427198094147407,24.11727099054148,25.497916254922586,25.180989233092806,22.80985864212383,21.767748643348487,26.064,20.272,18.824,26.22285301030382,24.784135651662336,21.910370238770497,24.992714638470147,19.314018354552736,25.281834427113868,22.471806691941794,21.07552324380109,26.090242850537056,20.71463955756894,25.26863259062508,23.94798465424596,22.642913968833604,28.499594383078506,25.560834102196274,30.70070227209795,31.05058471590674,21.486028706865053,19.92570757368349,17.814156745108228,16.700685268986234,16.87564845709438,14.704763235547968,14.509199248201423,16.439933138,15.793613388953881,13.11142650515191,15.99395463917539,14.764021267933748,16.50422712519432,15.111542906004006,13.730307826119558,18.307077101492744,16.93885710430311,14.249797191539253,18.810566206257587,16.173509977738288,18.123313714660462,17.64703853341971,20.540110637481973,18.385537386761367,22.471212361597228,20.5204099617917,22.554016582418306,21.65285865653771,25.550942546215392,21.926835830602222,15.414191867788917,13.480985558958517,11.665687443143467,12.022799168730556,10.106753582033035,8.16650402806546,8.393272612555323,9.541640054231813,5.991823024193756,5.966156635556931,11.584,10.136,7.24,7.240006906074054,11.673283042914706,10.237918587291071,8.806692057747902,7.382010633966874,8.808333837906009,11.937126119799522,7.792530012775055,11.019384057196662,12.435856263241385,14.454839051335025,15.36022867668317,15.350351136048975,16.46005640938086,20.81351291829421,20.083398342909998,28.572484257616928,25.94003680997813,24.34769839436563,18.932399088999997,13.762994232216785,12.690868159768815,10.231691113647672,8.574583592506286,5.004115015900789,3.8115146269127074,3.234701995547658,2.0428374874179296,3.2302595870920343,5.792,4.344,2.896,1.448,0.0,5.968563059899761,2.0428374874179296,5.970985262081962,6.469403991095316,5.213085458727874,3.2253105276856675,7.2274195256675124,5.203378229573553,8.171349949671718,5.943096835825578,9.244419343582376,7.765232836174328
50.37282086524481,48.47668704189017,28.982317469756055,28.463117330719236,33.72530778213893,27.06477471724341,28.9029759880014,45.742415936016066,47.28510437840244,40.667614882536284,26.090242850537056,24.26248645543156,33.583399842779464,39.202080812120165,28.99582868276056,23.168,28.99582868276056,24.784135651662336,29.280879921887593,29.842815299498806,24.26248645543156,30.415540517965486,33.014175758301164,30.50551256740329,35.7151473887481,40.183227595602624,44.14692560077089,32.68539979868687,49.871200196105164,41.34319079364823,24.219342162212733,22.208019306969344,21.132307260296844,17.76006128049992,17.47133024515489,14.99363822038229,19.042063954918692,20.207305986582266,19.741998113204186,17.275620832774297,16.18663362160273,20.323150961403595,14.5515250403523,13.11142650515191,20.323150961403595,18.8790745800741,15.993050522023621,19.04334266876485,13.346870344766222,19.314018354552736,16.50422712519432,15.111542906004006,20.155768429906114,14.891106372597035,19.408211973285947,18.123313714660462,16.864866320252883,22.642913968833604,20.5204099617917,26.016891147867764,29.867533134244038,19.36310293562778,17.59421356061258,15.625307406780289,13.384357162819208,12.327608347395609,10.074726066668967,9.113176219143396,10.744997027050243,9.935738009000001,7.24,10.136004932911192,8.806692057747902,10.537761621900545,9.153538550746372,7.792530012775055,12.364359465819488,11.019384057196662,8.432433160126442,12.938807982190632,10.426170917455748,12.435856263241385,12.257024924507578,15.350351136048975,13.612949129413508,17.617792029650026,16.12655263842834,18.075827643568633,17.426181480749015,20.81351291829421,22.185370358771735,15.637654944843614,11.20539253276645,10.289590066331076,9.457443297401479,8.74253755216834,7.1981281070000005,5.600960918920183,5.110760097920159,2.882099647117433,2.872,5.968563059899761,4.576769275373186,2.0428374874179296,2.0357959131504315,5.792,4.344,2.896,1.448,2.8960172651419054,5.968563059899761,2.0428374874179296,5.213085458727874,7.217619552179236,9.244419343582376,10.406756459147106,10.982618312588306,12.319298681337342,16.87606189251509,17.352520508560133,30.694997760175177,27.91947430347578,26.398097717543713,21.180714209857655,15.414761595126679,15.164884338333872,12.227828196915786,10.668465697374389,7.613028467938614,4.0081839605306895,4.085674974835859,5.213085458727874,4.078627220033721,1.441,2.0428374874179296,3.234701995547658,4.576769275373186,5.968563059899761,0.0,4.344,0.01,1.441,2.0428374874179296,4.576769275373186,2.882,4.085674974835859,4.323,6.128512462253789,5.764,6.450621055371335
54.122196821631945,52.19833015630675,32.21477952620801,32.10736329587744,37.77223235393958,31.077288373826217,33.00867776048586,50.01229345111084,51.561987756571966,44.921801037891775,30.223085812008012,28.439799032341984,37.8953853786975,43.53549728669697,33.33516007161207,27.512,33.33516007161207,29.1030500807046,33.583399842779464,34.07445437567563,28.439799032341984,34.394762639099575,36.88374461737853,34.291408034666645,39.47944772916663,43.99417565996663,47.90518969798575,35.89553286970399,53.6974269867747,44.9163101000071,26.79143042641925,24.850963587621692,24.31557085785968,21.230718715149152,21.167308657633356,18.711097572372942,23.121597148320305,24.389118813828176,23.984502121761494,21.55014987731736,20.475837174582143,24.658141393868274,18.8790745800741,17.435649027208594,24.658141393868274,23.21277029998789,20.323150961403595,23.346566085829412,17.613384115495805,23.567871202126,20.72781495961405,19.314018354552736,24.26248645543156,18.810566206257587,23.377590038325163,22.038768114393324,20.71463955756894,26.602537942835454,23.51976991809231,28.66271447368515,31.60698403083036,21.66791859565891,20.02030218522097,17.934854149681144,16.402144064350303,16.090426705553146,13.862142184372052,13.305341505136075,15.061027196518257,14.279738009,11.584,14.480003453038261,13.11142650515191,14.764021267933748,13.346870344766222,11.937126119799522,16.50422712519432,15.111542906004006,12.364359465819488,16.93885710430311,14.249797191539253,16.173509977738288,15.639256376183619,18.508516526183293,16.342699899343437,20.428374874179294,18.48883868716475,20.5204099617917,19.632708855377036,23.509879795524263,22.883208209424385,16.287484263430002,13.497104497386767,11.936760800465223,11.900102502483422,10.322727252946363,8.40734109244911,8.025722427809676,8.665259169163082,5.233072922186581,5.207563729806866,10.237918587291071,8.806692057747902,5.968563059899761,5.966156635556931,10.136,8.688,7.24,5.792,7.240006906074054,10.237918587291071,5.968563059899761,9.153538550746372,10.426170917455748,12.435856263241385,13.322605300766064,13.312734993231107,14.435239104358471,18.81469364619047,18.23624215676026,30.08064439823787,27.402018709811813,25.820853918816447,20.424791172486096,15.03561073523894,14.176698711758387,11.531082869234128,9.850633453890262,6.237386206961674,3.7396417615915434,3.2253105276856675,2.882,3.2163780872279304,4.576769275373186,3.234701995547658,2.0428374874179296,1.441,2.0428374874179296,4.344,0.0,4.344011510113664,4.576769275373186,3.234701995547658,1.441,5.213085458727874,3.2253105276856675,6.128512462253789,4.323,7.217619552179236,5.943096835825578
50.37805505900444,48.48203839111308,28.9893535395615,28.468894636763647,33.72915452542503,27.068880146552758,28.906467459082332,45.744340293784724,47.286933883224165,40.66974207238456,26.093558438817805,24.26545793921887,33.58468854999254,39.202817245703145,28.996327370893024,23.16800215814907,28.995333434882244,24.78297480126226,29.279405202291937,29.840402560957518,24.259518729768732,30.411277924480583,33.00937565298683,30.50031765408354,35.709903290263895,40.17820802375337,44.14170386380661,32.67834665340338,49.86628890342653,41.337266298099586,24.227798469933155,22.216392526061092,21.139591856786993,17.76662332025116,17.477105610920365,14.999406891064348,19.045849932812498,20.21028112486473,19.744368672477165,17.277612679077087,16.188417093712406,20.323862452791793,14.552518716703306,13.112529313599266,20.32244436577451,18.878313934247412,15.992152606825638,19.041831844651924,13.344714609162686,19.311782543307597,16.501610618360864,15.10868521745026,20.152195934934735,14.886270486592672,19.40375922340823,18.118545195462026,16.859741872282623,22.63846092383491,20.512686440347103,26.008583679239436,29.876939874127093,19.372033845100447,17.60302187900145,15.634326976915984,13.392276859646753,12.333302793406066,10.080450650562165,9.116343609208723,10.746342685365962,9.935743041337536,7.240006906074054,10.136,8.805061328576878,10.53503108680748,9.150394964153188,7.788837140420898,12.360866676734283,11.015464810892002,8.427310899687988,12.934356265388704,10.420645853304872,12.430065204977808,12.249973061194869,15.342842631012024,13.604481761537262,17.609613737955755,16.11761768996895,18.067059113203786,17.41708589288116,20.8052055985996,22.19534904592238,15.647653992508012,11.214611183036087,10.29939137600369,9.466586170503293,8.752427254829005,7.208128107,5.610528234466984,5.1181169158170725,2.892099302568021,2.882,5.970985262081962,4.5799276195153995,2.049903656272655,2.0428374874179296,5.792008632590252,4.344011510113664,2.8960172651419054,1.448034529975028,2.896,5.966156635556931,2.0357959131504315,5.207563729806866,7.20963605184062,9.236627577205871,10.398449884477973,10.973434512494254,12.309941510827743,16.86666964756232,17.342555405706506,30.704773186862642,27.92928078885034,26.407866778114936,21.190333230542787,15.424500448811704,15.174201507841653,12.237256327023994,10.677697050228295,7.621223620089084,4.016176144323787,4.092735026849405,5.218620507375488,4.085674974835859,1.451,2.049903656272655,3.2391691836024865,4.5799276195153995,5.970985262081962,0.01,4.344011510113664,0.0,1.431,2.0357959131504315,4.57363061473049,2.872,4.078627220033721,4.313,6.121462652013815,5.754,6.441687046108341
51.14170735468661,49.26275452669453,30.013565906775607,29.3190650794976,34.30524047430655,27.687346538078874,29.436868650775097,46.04128538605351,47.56968939436554,40.998160364024706,26.602537942835454,24.728718931638976,33.79911407122974,39.33427951545573,29.1030500807046,23.21277029998789,28.96,24.658141393868274,29.1030500807046,29.528042535867495,23.874252239599045,29.82959818703564,32.347019955476576,29.78221274519407,34.98084801716505,39.47944772916663,43.41175104738347,31.685398040737947,49.17939340821519,40.505994025576015,25.449441251059152,23.427757854034034,22.203822448843102,18.73700944191176,18.34106309719434,15.868315603229872,19.632663870784672,20.681513730073856,20.131989675201297,17.618932709199708,16.50422712519432,20.475837174582143,14.764021267933748,13.346870344766222,20.272,18.824,15.928,18.8790745800741,13.11142650515191,19.04334266876485,16.18663362160273,14.764021267933748,19.686713082685998,14.249797191539253,18.810566206257587,17.481796503792168,16.173509977738288,22.038768114393324,19.428873461938032,24.832653422459714,31.2268459798717,20.660149570990942,18.87573898815884,16.936383212640678,14.552021870899653,13.201060347037428,10.963048586885819,9.666042923614643,11.031065411433229,10.03968977526135,7.382010633966874,10.236515862343007,8.688,10.237918587291071,8.806692057747902,7.382010633966874,11.937126119799522,10.537761621900545,7.792530012775055,12.364359465819488,9.704105986642974,11.66028267238835,11.286867102965287,14.299862411925508,12.416326711229857,16.46005640938086,14.853032047363259,16.826450724974652,16.12655263842834,19.632708855377036,23.623485017447223,17.078529211292114,12.546146579165576,11.705424732903765,10.79062031226955,10.169868035086472,8.639128107000001,6.992106667224065,6.247059379112773,4.323066432049644,4.313,6.469403991095316,5.213085458727874,3.2253105276856675,3.2163780872279304,5.968563059899761,4.576769275373186,3.234701995547658,2.0428374874179296,3.2302595870920343,5.792,1.448,4.576769275373186,6.128512462253789,8.171349949671718,9.244419343582376,9.675931583057004,10.982618312588306,15.530465672348656,15.917000502607268,32.10506298956585,29.333936053357117,27.80751215821859,22.57022976431928,16.82129022090376,16.515724926062372,13.59485047410558,12.011399045477344,8.832368206571768,5.231544134369266,5.203378229573553,6.128512462253789,5.195073146742017,2.882,3.2253105276856675,4.085674974835859,5.213085458727874,6.469403991095316,1.441,4.576769275373186,1.431,0.0,1.448,4.344,1.441,3.234701995547658,2.882,5.213085458727874,4.323,5.203378229573553
52.36294356487433,50.47294064222773,31.025148322640636,30.479371368400493,35.62449297884813,28.9855312936979,30.77443890862223,47.4541200760503,48.98572345953361,42.40314667551811,27.947802507531787,26.090242850537056,35.22676823099161,40.77381837650234,30.544269315208705,24.658141393868274,30.408,26.103803879894592,30.544269315208705,30.94947754001673,25.281834427113868,31.17012005110022,33.64958490085725,31.057338005695208,36.246627429320924,40.75984898156518,44.6733191177911,32.75905494668611,50.462973356709774,41.70468366982299,26.214793314060046,24.21000867338641,23.174134619004633,19.79873720681484,19.48855337437892,17.011036432566144,20.942399599979314,22.038517099095426,21.516045589081184,19.01457362140049,17.905689179699284,21.910370238770497,16.18663362160273,14.764021267933748,21.72,20.272,17.376,20.323150961403595,14.5515250403523,20.475837174582143,17.613384115495805,16.18663362160273,21.07552324380109,15.58506002555011,20.155768429906114,18.810566206257587,17.481796503792168,23.377590038325163,20.428374874179294,25.703919156424377,31.72643172262884,21.31129636178534,19.558088623537316,17.563710378601694,15.41204194603706,14.342892117216943,12.091925123494404,10.980271174104615,12.43452944340744,11.474579384777085,8.806692057747902,11.672052818591938,10.136,11.673283042914706,10.237918587291071,8.806692057747902,13.346870344766222,11.937126119799522,9.153538550746372,13.730307826119558,11.019384057196662,12.938807982190632,12.435856263241385,15.36022867668317,13.312734993231107,17.389192534445066,15.610134688720658,17.617792029650026,16.826450724974652,20.5204099617917,23.756244576312,17.158031622929652,13.118030415649603,12.042719449352093,11.385684608559126,10.45347085327594,8.75963689025735,7.463910954508449,7.152246182115439,4.566728951914097,4.549579431112287,7.792530012775055,6.469403991095316,4.085674974835859,4.078627220033721,7.382010633966874,5.968563059899761,4.576769275373186,3.234701995547658,4.57363061473049,7.24,2.896,5.968563059899761,7.2274195256675124,9.254258263091646,10.214187437089647,10.406756459147106,11.63163071112559,16.12655263842834,16.11338006130309,31.844870149984146,29.098870385507897,27.550256546175728,22.242714394024933,16.580529798880143,16.090704924158356,13.232859907111566,11.596834570921066,8.213784037631118,4.741529989822007,4.559060539190065,5.203378229573553,4.549579431112287,3.2253105276856675,2.882,3.2253105276856675,4.085674974835859,5.213085458727874,2.0428374874179296,3.234701995547658,2.0357959131504315,1.448,0.0,2.896,2.0428374874179296,2.0428374874179296,3.2253105276856675,4.085674974835859,4.559060539190065,4.559060539190065
54.83853880283309,52.92915518036164,33.14560955005696,32.86854585720189,38.29092158723788,31.620957931322767,33.477156726573924,50.28579163716678,51.82309171024899,45.221261166490414,30.6664176094959,28.838575901039217,38.0866853375297,43.6545751210569,33.4284660132648,27.549711885970783,33.304,28.99582868276056,33.4284660132648,33.79911407122974,28.109319451029048,33.87771420860622,36.28780120095457,33.64958490085725,38.816423946571895,43.35230680136871,47.2285537466478,34.987403004510064,53.05553497986803,44.14692560077089,27.90839066507489,25.946755245344825,25.25237231112651,22.05445903442119,21.890686850976607,19.419048003516046,23.610369452620045,24.783440266575127,24.306518895338257,21.8263298423799,20.72781495961405,24.784135651662336,19.04334266876485,17.613384115495805,24.616,23.168,20.272,23.21277029998789,17.435649027208594,23.346566085829412,20.475837174582143,19.04334266876485,23.874252239599045,18.307077101492744,22.883846376865932,21.51432102112451,20.155768429906114,26.090242850537056,22.573734205930574,27.5922679749237,32.894495190694585,22.834419661294245,21.155369793984214,19.087950076929918,17.368092980432074,16.769016020211918,14.520582458694527,13.689942204709878,15.266433218478458,14.352261097321191,11.673283042914706,14.550538168741388,13.032,14.5515250403523,13.11142650515191,11.673283042914706,16.18663362160273,14.764021267933748,11.937126119799522,16.50422712519432,13.730307826119558,15.58506002555011,14.891106372597035,17.64703853341971,15.36022867668317,19.43875924538395,17.389192534445066,19.428873461938032,18.48883868716475,22.471212361597228,24.28002480166677,17.67546467503601,14.629313107111628,13.176781202253423,12.984863979634603,11.556511192341812,9.669791644557673,9.051575162302706,9.380437014149868,6.1455233470325705,6.121462652013815,10.537761621900545,9.153538550746372,6.469403991095316,6.464955374942661,10.237918587291071,8.806692057747902,7.382010633966874,5.968563059899761,7.380065108113884,10.136,5.792,8.806692057747902,9.704105986642974,11.66028267238835,12.435856263241385,12.257024924507578,13.312734993231107,17.617792029650026,16.87606189251509,31.518206634897094,28.84186866991937,27.260129611235282,21.86240406758058,16.474541567003087,15.613271252440532,12.971740405093865,11.291258837549604,7.678379541127916,5.028760868587559,4.559060539190065,4.323,4.549579431112287,5.213085458727874,4.085674974835859,3.2253105276856675,2.882,3.2253105276856675,4.576769275373186,1.441,4.57363061473049,4.344,2.896,0.0,4.576769275373186,2.0428374874179296,5.213085458727874,2.882,6.128512462253789,4.559060539190065
51.939198515021104,50.07795665317588,31.077427708274037,30.21951468983812,34.935020037206215,28.36951265256769,30.030474737555945,46.38301700338769,47.89595561293682,41.37627784412569,27.181652635555476,25.26863259062508,34.07445437567563,39.518614753050244,29.280879921887593,23.346566085829412,28.99582868276056,24.616,28.99582868276056,29.280879921887593,23.567871202126,29.302861856822105,31.731318299118932,29.112317959928923,34.291408034666645,38.816423946571895,42.71255295577636,30.72045735336634,48.520529933214874,39.703458803988354,26.700646943695716,24.671370383417766,23.315188494539413,19.770792370703518,19.279387244807964,16.821137151920162,20.308514068321536,21.243063976251246,20.61553998960652,18.07095643470011,16.93885710430311,20.72781495961405,15.111542906004006,13.730307826119558,20.323150961403595,18.8790745800741,15.993050522023621,18.824,13.032,18.8790745800741,15.993050522023621,14.5515250403523,19.314018354552736,13.730307826119558,18.307077101492744,16.93885710430311,15.58506002555011,21.51432102112451,18.385537386761367,23.676902014410587,32.59317790851474,21.97513975599967,20.1787922305017,18.26704363312386,15.764981014906864,14.167534118733222,11.959503556520195,10.39075323550515,11.492032418650695,10.345279782755384,7.792530012775055,10.53503108680748,8.806692057747902,10.136,8.688,7.24,11.673283042914706,10.237918587291071,7.382010633966874,11.937126119799522,9.153538550746372,11.019384057196662,10.426170917455748,13.322605300766064,11.277008291209153,15.350351136048975,13.612949129413508,15.610134688720658,14.853032047363259,18.48883868716475,25.061931146327083,18.519423043602735,13.906966892836053,13.126737394425591,12.148444415791028,11.60057890154942,10.080128107,8.400077980376564,7.488964881332324,5.764049824204717,5.754,7.2274195256675124,6.128512462253789,4.559060539190065,4.549579431112287,6.469403991095316,5.213085458727874,4.085674974835859,3.2253105276856675,4.078627220033721,5.968563059899761,2.0428374874179296,4.344,5.213085458727874,7.2274195256675124,8.171349949671718,8.413225362487326,9.675931583057004,14.203599015742453,14.482568971007872,33.51775967499653,30.75086218925324,29.220007935556122,23.965826728670596,18.233203129377802,17.880648329176207,14.975750345584984,13.374760398726178,10.110203549843877,6.5441218966528645,6.450621055371335,7.217619552179236,6.441687046108341,4.323,4.559060539190065,5.203378229573553,6.128512462253789,7.2274195256675124,2.882,5.213085458727874,2.872,1.441,2.0428374874179296,4.576769275373186,0.0,2.896,1.441,4.576769275373186,2.882,4.085674974835859
54.35697752482552,52.47278015876729,33.06797999524578,32.49894582664881,37.53876642885326,30.921940240883046,32.6664434751942,49.19110467067094,50.71161089564587,44.16497668669959,29.82959818703564,27.947802507531787,36.91005316983437,42.38574949201677,32.14798695097409,26.22285301030382,31.88857502303921,27.512,31.88857502303921,32.14798695097409,26.42007617324371,32.0373849276123,34.394762639099575,31.731318299118932,36.88374461737853,41.42927911513788,45.28582793766721,32.95940490967639,51.129571883597855,42.1621658006322,28.21702699129445,26.21830063890807,25.216125605173822,21.838190934276504,21.510611676955357,19.0338620341873,22.86732105750942,23.904050422865147,23.334101998600282,20.808827810559954,19.686713082685998,23.567871202126,17.905689179699284,16.50422712519432,23.21277029998789,21.767748643348487,18.8790745800741,21.72,15.928,21.767748643348487,18.8790745800741,17.435649027208594,22.14603190190062,16.50422712519432,21.07552324380109,19.686713082685998,18.307077101492744,24.26248645543156,20.540110637481973,25.550942546215392,33.606692401604974,23.275723832868724,21.536658988706574,19.523421395094122,17.443263090113096,16.365009960445178,14.116499958062239,12.900740262193667,14.217118338348827,13.151403892041918,10.537761621900545,13.344714609162686,11.673283042914706,13.032,11.584,10.136,14.5515250403523,13.11142650515191,10.237918587291071,14.764021267933748,11.937126119799522,13.730307826119558,12.938807982190632,15.639256376183619,13.322605300766064,17.399074917937448,15.350351136048975,17.389192534445066,16.46005640938086,20.428374874179294,25.394369942631762,18.777811804704935,15.06489270318372,13.875333860432589,13.34806219222836,12.266397715283226,10.487888188454882,9.401890249220697,9.194332608769214,6.461416119132586,6.441687046108341,9.704105986642974,8.432433160126442,6.128512462253789,6.121462652013815,9.153538550746372,7.792530012775055,6.469403991095316,5.213085458727874,6.464955374942661,8.806692057747902,4.576769275373186,7.24,7.792530012775055,9.704105986642974,10.426170917455748,10.214187437089647,11.277008291209153,15.610134688720658,15.050529425903928,33.081036746775986,30.37001547649807,28.80139021671021,23.435025128825057,17.904173585745657,17.210294097359984,14.458345348939233,12.786842995617253,9.23691853271662,6.102871834415949,5.764,5.943096835825578,5.754,5.203378229573553,4.559060539190065,4.323,4.559060539190065,5.203378229573553,4.085674974835859,3.2253105276856675,4.078627220033721,3.234701995547658,2.0428374874179296,2.0428374874179296,2.896,0.0,3.234701995547658,2.0428374874179296,4.085674974835859,2.882
52.76399734300969,50.92089417476251,32.17066753248423,31.160608483193453,35.61200202179035,29.107083329813864,30.680328420063983,46.76667119512656,48.2630577261368,41.80067637292831,27.823414905435314,25.877615964381263,34.40798936293721,39.754361282757394,29.528042535867495,23.567871202126,29.1030500807046,24.658141393868274,28.96,29.1030500807046,23.346566085829412,28.838575901039217,31.17012005110022,28.499594383078506,33.64958490085725,38.196278679997086,42.05112594211955,29.793984510300064,47.89596930849192,38.93772838777321,27.970126857643375,25.935422825246423,24.460974218784845,20.852959049128888,20.27678257355599,17.839586096199334,21.0614092278559,21.88523442942692,21.186243929581284,18.623777949662934,17.481796503792168,21.07552324380109,15.58506002555011,14.249797191539253,20.475837174582143,19.04334266876485,16.18663362160273,18.8790745800741,13.11142650515191,18.824,15.928,14.48,19.04334266876485,13.346870344766222,17.905689179699284,16.50422712519432,15.111542906004006,21.07552324380109,17.399074917937448,22.554016582418306,33.96568186422226,23.30503628608454,21.499459328420603,19.613302931007947,17.013549725721727,15.209306812764872,13.039324304518972,11.254158422608095,12.107938557463799,10.835461170780286,8.432433160126442,11.015464810892002,9.153538550746372,10.237918587291071,8.806692057747902,7.382010633966874,11.584,10.136,7.24,11.673283042914706,8.806692057747902,10.537761621900545,9.704105986642974,12.435856263241385,10.214187437089647,14.299862411925508,12.416326711229857,14.435239104358471,13.612949129413508,17.389192534445066,26.500654769211373,19.960332204522295,15.28249404812474,14.551923002364573,13.523493584261582,13.033556991515155,11.521128107000001,9.817638540248629,8.791837185793245,7.205039859425791,7.195,8.171349949671718,7.217619552179236,5.943096835825578,5.933398688778633,7.2274195256675124,6.128512462253789,5.203378229573553,4.559060539190065,5.195073146742017,6.469403991095316,3.2253105276856675,4.576769275373186,4.576769275373186,6.469403991095316,7.2274195256675124,7.217619552179236,8.413225362487326,12.90124211074267,13.04958485929725,34.932768566170864,32.16992708077599,30.6351588387991,25.366501374118585,19.649339684030924,19.256660185763938,16.367015592748995,14.752887392540282,11.426927211726333,7.9015802702149065,7.765232836174328,8.413225362487326,7.755955195847898,5.764,5.943096835825578,6.450621055371335,7.217619552179236,8.171349949671718,4.323,6.128512462253789,4.313,2.882,3.2253105276856675,5.213085458727874,1.441,3.234701995547658,0.0,4.344,1.441,3.234701995547658
56.35450756142368,54.47581066956969,35.110812344491535,34.52125795323855,39.46593265083191,32.87123548246315,34.575617687838836,50.95078424567779,52.46027283963435,45.95008001612113,31.731318299118932,29.82959818703564,38.62803670910547,44.03346028873952,33.79911407122974,27.849568632206854,33.4284660132648,28.99582868276056,33.304,33.4284660132648,27.662539073628075,33.00845425038864,35.24274677149896,32.51985928628843,37.62113241251517,42.187100125512295,45.98101078706296,33.284161894210285,51.86811093533289,42.71255295577636,30.224695299638526,28.231550202192036,27.258243445461723,23.87822316629356,23.53625898071994,21.06055121222758,24.811106659905636,25.79646075163485,25.186639005050747,22.645242098405735,21.51432102112451,25.281834427113868,19.686713082685998,18.307077101492744,24.784135651662336,23.346566085829412,20.475837174582143,23.21277029998789,17.435649027208594,23.168,20.272,18.824,23.346566085829412,17.613384115495805,22.14603190190062,20.72781495961405,19.314018354552736,25.281834427113868,20.852341834911496,25.560834102196274,35.504921468742296,25.25259704006899,23.526217294446884,21.4986142269086,19.476914219542014,18.391707852312575,16.145676168551976,14.85389556878251,16.06181045879519,14.919760273063348,12.364359465819488,15.10868521745026,13.346870344766222,14.5515250403523,13.11142650515191,11.673283042914706,15.928,14.48,11.584,15.993050522023621,13.11142650515191,14.764021267933748,13.730307826119558,16.173509977738288,13.64188700290396,17.64703853341971,15.36022867668317,17.399074917937448,16.342699899343437,20.540110637481973,27.087548120804982,20.47341576709607,17.034248804422464,15.759728986918878,15.33147365942401,14.142147748440532,12.312868425265714,11.37662005078623,11.236692075151337,8.42562479635323,8.404663050949752,11.66028267238835,10.426170917455748,8.171349949671718,8.16429911259993,11.019384057196662,9.704105986642974,8.432433160126442,7.2274195256675124,8.427310899687988,10.537761621900545,6.469403991095316,8.806692057747902,8.806692057747902,10.537761621900545,11.019384057196662,10.426170917455748,11.286867102965287,15.350351136048975,14.203599015742453,34.3941942719078,31.721881917264565,30.139175354848756,24.738812258537394,19.353326979242418,18.488483736610583,15.853242227921227,14.172738109618127,10.560371666908496,7.768806382594015,7.349063137570666,7.205,7.339259431305042,7.217619552179236,6.450621055371335,5.943096835825578,5.764,5.943096835825578,6.128512462253789,4.323,6.121462652013815,5.213085458727874,4.085674974835859,2.882,4.576769275373186,2.0428374874179296,4.344,0.0,4.576769275373186,2.0428374874179296
53.614843568208784,51.79021284526028,33.290391226422535,32.13877620564283,36.333548037591925,29.89595815145014,31.382935697015117,47.191225508664296,48.670071708149486,42.26996196159025,28.52359647730279,26.550916839160188,34.798045706619796,40.040611034298664,29.842815299498806,23.874252239599045,29.280879921887593,24.784135651662336,28.99582868276056,28.99582868276056,23.21277029998789,28.439799032341984,30.6664176094959,27.947802507531787,33.05815217158999,37.62113241251517,41.42927911513788,28.90967810267005,47.30707017983676,38.211015492917745,29.255502177427058,27.21706743300687,25.63656503762177,21.976363057699615,21.32496219305591,18.913063503401787,21.883398631456078,22.601154106877893,21.837269440668944,19.26872351173978,18.123313714660462,21.51432102112451,16.173509977738288,14.891106372597035,20.72781495961405,19.314018354552736,16.50422712519432,19.04334266876485,13.346870344766222,18.8790745800741,15.993050522023621,14.5515250403523,18.8790745800741,13.11142650515191,17.613384115495805,16.18663362160273,14.764021267933748,20.72781495961405,16.479702454838193,21.469154641019287,35.34363881700668,24.647426382803484,22.83468434086768,20.97215731946809,18.29043695866334,16.311957774717353,14.18348311658385,12.226911826015625,12.856535501888468,11.48662638826071,9.254258263091646,11.655342637606154,9.704105986642974,10.537761621900545,9.153538550746372,7.792530012775055,11.673283042914706,10.237918587291071,7.382010633966874,11.584,8.688,10.237918587291071,9.153538550746372,11.66028267238835,9.254258263091646,13.322605300766064,11.277008291209153,13.312734993231107,12.416326711229857,16.342699899343437,27.93961301826873,21.40125359790533,16.66908763260599,15.979945353826562,14.911003243362405,14.468128657538044,12.962128107,11.24116119168937,10.13218481913772,8.646033216216233,8.636,9.244419343582376,8.413225362487326,7.349063137570666,7.339259431305042,8.171349949671718,7.217619552179236,6.450621055371335,5.943096835825578,6.441687046108341,7.2274195256675124,4.559060539190065,5.213085458727874,4.344,5.968563059899761,6.469403991095316,6.128512462253789,7.217619552179236,11.63163071112559,11.618583734689869,36.34981963867892,33.59085967019071,32.05261319148469,26.77145672423632,21.068848228598362,20.64154307091163,17.766211256576025,16.1419986095469,12.770515932604592,9.284253989149986,9.11812107838013,9.675931583057004,9.10863941541216,7.205,7.349063137570666,7.765232836174328,8.413225362487326,9.244419343582376,5.764,7.217619552179236,5.754,4.323,4.559060539190065,6.128512462253789,2.882,4.085674974835859,1.441,4.576769275373186,0.0,2.896
55.960272641357946,54.10930660792395,35.15586631006619,34.29086391082187,38.843661941171305,32.32809078664872,33.913946531155254,49.953901523244014,51.4433746524408,45.00331634153997,31.057338005695208,29.112317959928923,37.579084195866194,42.87285131642168,32.66063013782802,26.693740689532444,32.14798695097409,27.662539073628075,31.88857502303921,31.88857502303921,26.103803879894592,31.249935823934102,33.41485156333932,30.6664176094959,35.74005283991617,40.31153685981223,44.07753622878665,31.278512752367238,49.97949764653502,40.75984898156518,30.645725194046094,28.6267625038045,27.376786570527425,23.853362143737144,23.36162782677543,20.905530845603433,24.276774175067285,25.11867883632854,24.420199909959578,21.857071033342443,20.71463955756894,24.26248645543156,18.810566206257587,17.481796503792168,23.567871202126,22.14603190190062,19.314018354552736,21.910370238770497,16.18663362160273,21.767748643348487,18.8790745800741,17.435649027208594,21.767748643348487,15.993050522023621,20.475837174582143,19.04334266876485,17.613384115495805,23.567871202126,18.853348588513395,23.51976991809231,36.280398741290334,25.813720769078856,24.043020472917867,22.075110022568108,19.755325483761734,18.25306808304187,16.044221360538852,14.420773880502555,15.341126094476069,14.066882964310725,11.66028267238835,14.245755157238946,12.364359465819488,13.346870344766222,11.937126119799522,10.537761621900545,14.5515250403523,13.11142650515191,10.237918587291071,14.48,11.584,13.11142650515191,11.937126119799522,14.249797191539253,11.66028267238835,15.639256376183619,13.322605300766064,15.36022867668317,14.299862411925508,18.508516526183293,28.23819412799996,21.62523622684497,17.646692225555988,16.600370737653396,15.90358702581264,15.007259207113922,13.281700985275922,12.008244464513837,11.450429089602402,9.125761243018932,9.10863941541216,11.286867102965287,10.214187437089647,8.413225362487326,8.404663050949752,10.426170917455748,9.254258263091646,8.171349949671718,7.217619552179236,8.16429911259993,9.704105986642974,6.128512462253789,7.792530012775055,7.24,8.806692057747902,9.153538550746372,8.432433160126442,9.254258263091646,13.312734993231107,12.319298681337342,35.94751961367025,33.24256560560169,31.671457608771128,26.29734676992449,20.784756460229993,20.063647190734088,17.332308392975033,15.658328684181017,12.090927398081412,8.97869062637217,8.646,8.766414318294567,8.636,7.765232836174328,7.349063137570666,7.205,7.349063137570666,7.765232836174328,6.450621055371335,5.943096835825578,6.441687046108341,5.203378229573553,4.559060539190065,4.559060539190065,4.085674974835859,2.882,3.234701995547658,2.0428374874179296,2.896,0.0
