0.0,23.346566085829412,20.475837174582143,17.613384115495805,5.943096835825578,9.11812107838013,15.36022867668317,13.288407617167678,15.050529425903928,20.81351291829421,17.352520508560133,20.64961580756407,19.607971669706178,18.95552966814697,18.95552966814697,31.82668270492544,31.818948945557583,30.72045735336634,27.5922679749237,24.832653422459714,20.22589874393719,21.615,26.511158122571707,30.43815086367764,27.98494068244562,28.82,30.81031296497976,31.735051725182363,33.645292583064276,36.48764022240956,36.025,42.01417447719281,45.04492762786949,44.764774734159,48.10099176732222,50.34482189858258,53.85898045822999,51.876,57.040831629631775,54.27191709346557,12.364359465819488,13.322605300766064,15.36022867668317,12.90124211074267,15.610134688720658,16.826450724974652,16.87606189251509,20.043746156844033,20.083398342909998,21.29938461552352,21.43380218253402,23.26326142225118,21.808141621880576,22.795302695950323,23.29569850852298,23.237167469379738,23.24708953826263,24.879174926030004,27.0978239901288,26.0991697185945,26.929490229114997,27.53173545201973,28.72439703457672,29.195001918136605,30.399258823201595,30.571203067592876,31.115040109246205,31.998236513908076,33.28295810170725,33.4264683297533,33.9245640944729,34.26280480345998,36.28596093532594,37.42377748170272,37.91105933629394,38.159124151374336,38.460141705407175,39.014631422070366,45.8065141328174,51.1778327892067,13.11142650515191,13.346870344766222,17.399074917937448,19.662043840862527,19.43875924538395,21.47904290232691,22.573734205930574,20.5204099617917,23.51976991809231,23.676902014410587,25.23967608746198,26.484186980158555,27.225898258827016,28.870478208716943,29.027794749171008,30.43815086367764,29.728752025606457,30.32231298895254,31.629502430484106,32.25310527685668,32.92861345395521,31.638614445010074,33.54695993678116,34.27608244826121,34.85236296149803,35.478415804542344,35.10908009333198,35.61308008302568,36.77172328025979,36.47248431352052,37.492978756028435,38.3097069813905,40.166796685819996,42.400402450920204,43.37813144892251,45.15158827771178,46.070967908217426,46.95922317287627,47.425725350277986,47.544774686604626,22.471806691941794,23.94798465424596,26.550916839160188,26.065427293639363,25.560834102196274,26.556887336433086,28.682463091582633,26.5639421961425,27.5922679749237,28.599724823851016,29.64369538367307,30.72045735336634,31.685398040737947,31.692220638510015,32.68539979868687,30.033787390204388,31.797122401248828,32.04875691817079,33.831024873627456,34.77838506889013,34.785843787379946,32.42738066819459,33.22578241366184,34.94807635621738,34.955911102415854,33.652901449949304,34.422890291200126,35.23558405930005,36.08809776089618,35.24376376041583,34.89489213337677,37.24898013368957,36.86949660627332,39.3750686602576,39.9965748658557,41.29923161512814,43.22149494175323,44.52307356865651,47.931447057229555,50.97131491339025,30.442124515217397,26.064,27.549711885970783,28.99582868276056,29.1030500807046,27.849568632206854,29.842815299498806,30.6664176094959,30.415540517965486,29.78221274519407,32.347019955476576,31.751603817760138,30.082565050208068,32.49497511923959,33.729732640505766,32.95940490967639,32.75905494668611,37.017033052366585,37.93131435898313,35.759296693307604,36.771074773522734,37.811241555918265,36.77812937059198,35.86594296822544,36.817890990658334,37.801345703559285,38.81391226094066,39.85337176450695,36.9776773743295,39.84347555121165,36.98547179636891,38.11147261652323,39.008660282045064,40.89790049623574,39.26541771075407,41.0408199235834,40.43778768676645,43.07398975019612,41.62702583658842,43.30571731307542
23.346566085829412,0.0,2.896,5.792,21.910370238770497,26.693740689532444,13.64188700290396,27.947802507531787,22.073462800385446,18.48883868716475,28.52359647730279,21.469154641019287,23.51976991809231,25.733406012418957,30.50551256740329,17.352520508560133,17.35168890915233,17.292,17.829290507476735,19.351863166114008,27.762774789274935,29.793984510300064,25.23967608746198,24.166024414454274,30.033787390204388,34.77838506889013,32.42738066819459,36.08809776089618,34.89489213337677,37.421702593548574,40.43778768676645,43.22149494175323,45.2575507180846,46.44646924148272,47.425725350277986,47.544774686604626,49.75834985206001,54.1956479802576,50.518076378658755,52.091479619991595,34.781862874205,33.79911407122974,35.49103448759982,30.223085812008012,33.41485156333932,33.87771420860622,31.731318299118932,36.28780120095457,34.291408034666645,36.88374461737853,34.98084801716505,38.816423946571895,32.0976227312865,35.7151473887481,36.95578472986333,32.95940490967639,32.965526721106706,34.987403004510064,40.925661008711884,34.798149835874895,38.16052410541553,35.769192121153644,40.18591475878084,41.34319079364823,37.801345703559285,38.81391226094066,40.91767472621092,39.84347555121165,44.042579579311656,40.89790049623574,42.89958723577652,43.93782945253441,43.07398975019612,46.98526221061238,45.10803316483661,46.05105340814691,47.019759591048526,44.46496059820586,53.4366628542614,57.23716052530908,36.45721230428898,36.2,37.21818528622802,40.040611034298664,38.97588322283409,40.76017664338564,42.15104648760218,38.45302278105065,42.56772130382363,40.84882011759948,40.75984898156518,41.44189035263715,42.71255295577636,45.28582793766721,42.91875040119411,45.388063981624065,42.51828445504358,43.70975873875307,44.53335653193008,45.71817743523904,46.91776912855086,44.53918167187179,46.55084902555484,46.27129131545823,47.41270192680438,48.570460323122326,46.08068603004951,47.182286093405864,49.439107364514584,47.03953983618462,49.21776821433495,49.08053024367198,51.12166820439255,52.097419859336604,54.14977721099137,54.2070207998927,56.182366628685195,56.246710348250595,57.22602324991664,55.466516061494254,44.98042316386096,45.46256227930846,47.42122378218428,46.344658030888525,44.395677312098755,44.88409813062974,47.60448240449632,44.887630645869464,45.4130083566372,46.755180076650326,48.10349060099485,49.45743786327795,49.97949764653502,49.98324664325038,50.53726518125016,45.94588296028274,48.520529933214874,47.90518969798575,50.462973356709774,51.75523192876253,51.75968751837669,47.37002158538668,48.61513214010633,51.13741832552754,51.142209504478785,48.13102720698988,49.35694386811242,50.594598960758645,51.84315179461989,50.59972632337057,48.92264891642724,52.57891388189756,50.93054549089378,52.615063128347565,52.366729752773374,53.290421203064255,55.32746776240532,56.27636466581686,58.224878333921836,62.31986396005691,53.75012655799054,49.31628278773655,50.700482058852266,52.147913333133474,52.128,50.700482058852266,52.30694708162578,52.623572750241884,51.67407443776811,50.563668854227735,53.38748137906489,52.31307065160676,49.90950566775832,52.68880810950272,54.083051726025964,52.18048570107411,51.324808280206945,55.89560501506357,56.431698618772764,53.05553497986803,54.36330527111095,55.67801663134203,54.367547121421616,52.41305090337711,53.6974269867747,54.989933924310186,56.29001162728606,57.59714743804592,53.101833678320375,56.9319088385415,53.10671897227318,53.82039146085803,55.07195563079271,57.602708625549894,54.56754801161584,57.04719295460558,55.34214503432263,59.02703212088509,56.143046764492574,58.55601273993987
20.475837174582143,2.896,0.0,2.896,19.04334266876485,23.874252239599045,11.286867102965287,25.26863259062508,19.662043840862527,16.826450724974652,26.065427293639363,19.632708855377036,21.469154641019287,23.51976991809231,28.071523382246287,17.829290507476735,17.826856705544024,17.532828636589134,17.352520508560133,18.23624215676026,25.560834102196274,27.602160658180367,23.8735569406823,23.461659617341653,28.4565178649813,32.92011281876172,30.972246302133144,34.422890291200126,33.54695993678116,36.1680639376785,38.851157421626446,42.04112073910495,44.226586133229866,45.2575507180846,46.53312008666516,46.923319234683305,49.33517305128259,53.022316245143415,50.435,51.44344196299466,31.88857502303921,30.94947754001673,32.66063013782802,27.460615652239117,30.6664176094959,31.17012005110022,29.112317959928923,33.64958490085725,31.751603817760138,34.291408034666645,32.49497511923959,36.246627429320924,29.793984510300064,33.284161894210285,34.49067829138766,30.72045735336634,30.727025238379323,32.75905494668611,38.49692144834441,32.68539979868687,35.89553286970399,33.71734320791008,37.93131435898313,39.04804057824157,35.86594296822544,36.817890990658334,38.81391226094066,37.901713101125125,41.895570935362606,39.008660282045064,40.89790049623574,41.885674412619885,41.284451128723994,44.97893854905872,43.30571731307542,44.19234322821093,45.10803316483661,42.83172713071468,51.68139882975305,55.677368912332774,33.583399842779464,33.304,34.40798936293721,37.21818528622802,36.18631057458055,37.991246149606624,39.373426165371995,35.74005283991617,39.81917710098992,38.196278679997086,38.211015492917745,38.93772838777321,40.183227595602624,42.71255295577636,40.505994025576015,42.91875040119411,40.18591475878084,41.34319079364823,42.2129868642341,43.36451715400507,44.53335653193008,42.2191321559314,44.24150929839532,44.042579579311656,45.14746841186115,46.27129131545823,43.93782945253441,44.99871705948959,47.182286093405864,44.942424723194456,47.03953983618462,46.98526221061238,49.02809969803031,50.128410826596124,52.097419859336604,52.31746859319553,54.2070207998927,54.35091558566424,55.28797808746491,53.6995124372652,42.09078269645268,42.60563447479688,44.59575281346868,43.54564097587725,41.66707712331164,42.187100125512295,44.88409813062974,42.19085845298718,42.74939157461776,44.07753622878665,45.4130083566372,46.755180076650326,47.30707017983676,47.31103094416777,47.89596930849192,43.41175104738347,45.94588296028274,45.388063981624065,47.90518969798575,49.17939340821519,49.18408234378273,44.9163101000071,46.13675568351117,48.61513214010633,48.62017187341073,45.71817743523904,46.91776912855086,48.13102720698988,49.35694386811242,48.1364169834025,46.55084902555484,50.12921009750702,48.570460323122326,50.334024476491045,50.158053720215264,51.12166820439255,53.16293672287114,54.14977721099137,56.246710348250595,60.26741212297074,50.86404161094555,46.42554059997578,47.80572284779303,49.25308421814821,49.232,47.80572284779303,49.4214341455203,49.756425203183554,48.83705790688051,47.74850447919809,50.563668854227735,49.512681375582964,47.14425356286809,49.90950566775832,51.29754306007258,49.45743786327795,48.64008463191651,53.20507588567091,53.76800209232253,50.462973356709774,51.75523192876253,53.05553497986803,51.75968751837669,49.871200196105164,51.13741832552754,52.41305090337711,53.6974269867747,54.989933924310186,50.594598960758645,54.369941143981386,50.59972632337057,51.348254507821395,52.57891388189756,55.07195563079271,52.130854587278726,54.56754801161584,52.941115600259124,56.56004576554018,53.77778727318557,56.143046764492574
17.613384115495805,5.792,2.896,0.0,16.18663362160273,21.07552324380109,9.244419343582376,22.642913968833604,17.399074917937448,15.530465672348656,23.70635096340219,18.075827643568633,19.632708855377036,21.469154641019287,25.733406012418957,18.746489378014218,18.74262959138872,18.23624215676026,17.352520508560133,17.532828636589134,23.509879795524263,25.550942546215392,22.795302695950323,23.10142506426822,27.0978239901288,31.220269377441316,29.728752025606457,32.92861345395521,32.40242548020132,35.10908009333198,37.421702593548574,41.031544852710574,43.364842637786666,44.226586133229866,45.8065141328174,46.474334938759476,49.07951560478159,51.9840111188046,50.518076378658755,50.95200511265479,28.99582868276056,28.109319451029048,29.842815299498806,24.728718931638976,27.947802507531787,28.499594383078506,26.550916839160188,31.057338005695208,29.278006369969933,31.751603817760138,30.082565050208068,33.729732640505766,27.602160658180367,30.93335974316401,32.0976227312865,28.599724823851016,28.606779616028085,30.642562311268946,36.13709762833756,30.70070227209795,33.72723813181269,31.797122401248828,35.769192121153644,36.83765943976354,34.067046026915804,34.94807635621738,36.817890990658334,36.08809776089618,39.84347555121165,37.24898013368957,39.008660282045064,39.93820497969331,39.6259618053619,43.07398975019612,41.62702583658842,42.44997658421026,43.30571731307542,41.33708515364865,50.03229621954203,54.227482930705904,30.713755761873212,30.408,31.613284865701633,34.40798936293721,33.41485156333932,35.24274677149896,36.61415420298549,33.05815217158999,37.09307839745847,35.581721951024235,35.7151473887481,36.491598211095116,37.70669717702679,40.183227595602624,38.16052410541553,40.505994025576015,37.93131435898313,39.04804057824157,39.967815902298184,41.08022127496395,42.2129868642341,39.97430634795305,42.00493276985455,41.895570935362606,42.95808580465382,44.042579579311656,41.885674412619885,42.89958723577652,44.99871705948959,42.938309282038574,44.942424723194456,44.97893854905872,47.019759591048526,48.25295452094099,50.128410826596124,50.523336865254656,52.31746859319553,52.54641050538086,53.4366628542614,52.03378229573553,39.202080812120165,39.754361282757394,41.77994141929833,40.76017664338564,38.96265006387528,39.518276796945486,42.187100125512295,39.522288913978656,40.11799177426507,41.42927911513788,42.74939157461776,44.07753622878665,44.66252595857068,44.66672122509106,45.28582793766721,40.925661008711884,43.41175104738347,42.91875040119411,45.388063981624065,46.6411306895534,46.64607477591228,42.51828445504358,43.70975873875307,46.13675568351117,46.14206611108783,43.36451715400507,44.53335653193008,45.71817743523904,46.91776912855086,45.72385163128758,44.24150929839532,47.72951766988643,46.27129131545823,48.119193717268374,48.02249423967897,49.02809969803031,51.070937185448244,52.097419859336604,54.35091558566424,58.2866203858141,47.97915156607086,43.53549728669697,44.91112362210503,46.35840136372263,46.336,44.91112362210503,46.537224079225005,46.89282376867488,46.00739193868742,44.94361338388359,47.74850447919809,46.72395001495485,44.395677312098755,47.14425356286809,48.52497291086312,46.755180076650326,45.98101078706296,50.53726518125016,51.129571883597855,47.90518969798575,49.17939340821519,50.462973356709774,49.18408234378273,47.37002158538668,48.61513214010633,49.871200196105164,51.13741832552754,52.41305090337711,48.13102720698988,51.84315179461989,48.1364169834025,48.92264891642724,50.12921009750702,52.57891388189756,49.74342505296554,52.130854587278726,50.59193667967258,54.13557670331036,51.466812024837914,53.77778727318557
5.943096835825578,21.910370238770497,19.04334266876485,16.18663362160273,0.0,5.213085458727874,11.019384057196662,8.413225362487326,9.11812107838013,15.350351136048975,11.886193671651156,14.853032047363259,13.677181617570193,13.04958485929725,13.677181617570193,27.28377400580792,27.27528302327952,26.065427293639363,22.573734205930574,19.428873461938032,14.41,15.917000502607268,20.64961580756407,24.832653422459714,22.047189412712,23.10142506426822,24.879174926030004,25.938,27.721471407556994,30.571203067592876,30.29562385890081,36.141215267337095,39.14875457789175,38.93393575019099,42.18847929233762,44.402380521769324,47.91815488935274,46.13472930450552,51.14323792056972,48.34014018390927,13.11142650515191,11.937126119799522,13.730307826119558,9.254258263091646,12.435856263241385,13.322605300766064,12.416326711229857,16.342699899343437,15.610134688720658,17.389192534445066,16.826450724974652,19.428873461938032,16.435465828506352,18.075827643568633,18.81469364619047,17.829290507476735,17.838989321147093,19.607971669706178,22.820129557038012,20.636390478957313,21.965236625176612,22.047189412712,23.8735569406823,24.52340272066664,24.879174926030004,25.17241094929129,25.9920055594023,26.576815234335356,28.407198031484906,27.98494068244562,28.72439703457672,29.195001918136605,30.81031296497976,32.40242548020132,32.51821649475875,32.870931657012704,33.28295810170725,33.4264683297533,40.594872890551095,45.8065141328174,16.173509977738288,14.764021267933748,15.58506002555011,18.307077101492744,17.481796503792168,19.408211973285947,20.71463955756894,17.64703853341971,21.35627647788818,20.540110637481973,21.469154641019287,22.554016582418306,23.509879795524263,25.560834102196274,24.832653422459714,26.625469986462214,25.23967608746198,26.016891147867764,27.225898258827016,28.022853530645303,28.870478208716943,27.234367185598423,29.21992801154719,29.706064094726518,30.43815086367764,31.220269377441316,30.32231298895254,30.972246302133144,32.42738066819459,31.629502430484106,32.92861345395521,33.54695993678116,35.478415804542344,37.492978756028435,38.703726332228015,40.166796685819996,41.29923161512814,42.04112073910495,42.61079704722736,42.400402450920204,23.168,23.567871202126,25.64877153003629,24.728718931638976,23.3205653447767,24.06551360349494,26.550916839160188,24.070904116796278,24.87171252648277,26.065427293639363,27.28377400580792,28.52359647730279,29.278006369969933,29.28342153847463,30.082565050208068,26.556887336433086,28.682463091582633,28.599724823851016,30.72045735336634,31.82668270492544,31.833022351011536,28.66271447368515,29.633801797946887,31.685398040737947,31.692220638510015,29.76444375425148,30.70070227209795,31.67550372133015,32.68539979868687,31.68278327420115,30.89410922813603,33.71734320791008,32.92011281876172,35.23558405930005,35.63805686341499,36.86949660627332,38.851157421626446,40.08749231368807,43.22149494175323,46.52652284450236,32.66063013782802,28.109319451029048,29.280879921887593,30.713755761873212,30.544269315208705,28.99582868276056,30.442124515217397,30.713755761873212,29.842815299498806,28.838575901039217,31.613284865701633,30.6664176094959,28.499594383078506,31.17012005110022,32.51985928628843,31.057338005695208,30.50551256740329,34.98084801716505,35.7151473887481,32.95940490967639,34.115984816505005,35.29407706683942,34.121899126514045,32.75905494668611,33.86060130889586,34.987403004510064,36.13709762833756,37.30756878972416,33.72723813181269,37.017033052366585,33.73407493914721,34.72823728610481,35.769192121153644,37.93131435898313,35.759296693307604,37.811241555918265,36.817890990658334,39.85337176450695,37.901713101125125,39.84347555121165
9.11812107838013,26.693740689532444,23.874252239599045,21.07552324380109,5.213085458727874,0.0,14.5515250403523,4.323,9.254258263091646,16.864866320252883,8.766414318294567,15.36022867668317,13.312734993231107,11.63163071112559,10.087,29.82959818703564,29.820375383284496,28.499594383078506,24.589696704107595,20.852341834911496,12.319298681337342,13.288407617167678,20.5204099617917,25.560834102196274,20.64961580756407,20.380802045061916,23.29569850852298,23.461659617341653,25.9920055594023,28.72439703457672,27.53173545201973,33.9245640944729,37.057819269352585,36.48764022240956,40.2056357367969,42.86760436506804,46.59139701704596,43.32689368048441,50.321510957045,46.53312008666516,9.704105986642974,7.24,8.806692057747902,4.085674974835859,7.2274195256675124,8.171349949671718,7.765232836174328,11.277008291209153,10.982618312588306,12.416326711229857,12.319298681337342,14.435239104358471,12.969,13.677181617570193,14.203599015742453,14.41,14.42,15.917000502607268,18.075827643568633,17.292,17.829290507476735,18.733,19.607971669706178,20.083398342909998,21.615,21.663446840242205,22.047189412712,23.10142506426822,24.166024414454274,24.539757802390795,24.879174926030004,25.17241094929129,27.417263630785623,28.320085469503795,28.965137942015744,29.145544016195682,29.396252550282664,30.261,36.74531568785333,42.18847929233762,14.299862411925508,11.66028267238835,10.537761621900545,13.346870344766222,12.364359465819488,14.249797191539253,15.58506002555011,12.435856263241385,16.173509977738288,15.36022867668317,16.46005640938086,17.617792029650026,18.48883868716475,20.428374874179294,20.043746156844033,21.65285865653771,20.64961580756407,21.29938461552352,22.577173693799672,23.26326142225118,24.017145958668777,22.58610971371564,24.52340272066664,25.18566322334991,25.80248422148534,26.484186980158555,25.9920055594023,26.511158122571707,27.747721221750805,27.354363235140386,28.407198031484906,29.195001918136605,31.060931344697313,33.28295810170725,34.27608244826121,36.038750699767604,36.95789604401203,37.84163951257926,38.3097069813905,38.460141705407175,19.04334266876485,18.8790745800741,20.72781495961405,19.686713082685998,18.123313714660462,18.853348588513395,21.35627647788818,18.85870072406898,19.662043840862527,20.852341834911496,22.073462800385446,23.3205653447767,24.06551360349494,24.070904116796278,24.87171252648277,21.469154641019287,23.51976991809231,23.509879795524263,25.560834102196274,26.645210601532128,26.651701409103325,23.676902014410587,24.589153564122533,26.556887336433086,26.5639421961425,24.832653422459714,25.703919156424377,26.625469986462214,27.5922679749237,26.633047741480883,26.016891147867764,28.66271447368515,28.022853530645303,30.43815086367764,30.972246302133144,32.25310527685668,34.19691952500985,35.478415804542344,38.826164180871636,41.92903685991368,29.302861856822105,24.728718931638976,25.64877153003629,27.041525863012982,26.693740689532444,24.992714638470147,26.103803879894592,26.103803879894592,24.992714638470147,23.874252239599045,26.693740689532444,25.64877153003629,23.377590038325163,26.090242850537056,27.460615652239117,25.877615964381263,25.297299480379323,29.78221274519407,30.50551256740329,27.762774789274935,28.90967810267005,30.082565050208068,28.915660601134466,27.602160658180367,28.682463091582633,29.793984510300064,30.93335974316401,32.0976227312865,28.599724823851016,31.82668270492544,28.606779616028085,29.633801797946887,30.642562311268946,32.75905494668611,30.70070227209795,32.68539979868687,31.797122401248828,34.72823728610481,32.92011281876172,34.77838506889013
15.36022867668317,13.64188700290396,11.286867102965287,9.244419343582376,11.019384057196662,14.5515250403523,0.0,14.764021267933748,8.432433160126442,7.205,14.891106372597035,9.11812107838013,10.406756459147106,12.257024924507578,16.864866320252883,16.479702454838193,16.471795682317094,15.36022867668317,12.416326711229857,10.494493079706137,14.299862411925508,16.342699899343437,14.482568971007872,16.435465828506352,18.23624215676026,22.025311462042936,20.988986159412274,23.8735569406823,23.772387343302313,26.576815234335356,28.407198031484906,32.51821649475875,35.06565727317827,35.65858101495347,37.71699208579602,38.907,41.889226980215334,43.364842637786666,44.094378825424,43.254243768675465,23.874252239599045,21.767748643348487,23.168,17.435649027208594,20.475837174582143,20.72781495961405,18.307077101492744,22.883846376865932,20.71463955756894,23.377590038325163,21.35627647788818,25.26863259062508,18.508516526183293,22.073462800385446,23.3205653447767,19.43875924538395,19.445432394266785,21.47904290232691,27.28377400580792,21.469154641019287,24.608884107167476,22.554016582418306,26.645210601532128,27.762774789274935,24.832653422459714,25.703919156424377,27.5922679749237,26.8497562186326,30.642562311268946,28.022853530645303,29.76444375425148,30.70070227209795,30.43815086367764,33.831024873627456,32.42738066819459,33.22578241366184,34.067046026915804,32.25310527685668,40.838847388240524,45.154347387599344,27.181652635555476,25.64877153003629,24.658141393868274,27.549711885970783,26.22285301030382,27.849568632206854,29.280879921887593,25.281834427113868,29.528042535867495,27.460615652239117,27.181652635555476,27.823414905435314,29.112317959928923,31.731318299118932,29.278006369969933,31.751603817760138,28.90967810267005,30.082565050208068,30.93335974316401,32.0976227312865,33.284161894210285,30.939416688101925,32.95940490967639,32.75905494668611,33.86060130889586,34.987403004510064,32.68539979868687,33.72723813181269,35.89553286970399,33.71734320791008,35.769192121153644,35.759296693307604,37.801345703559285,39.008660282045064,40.89790049623574,41.284451128723994,43.07398975019612,43.30571731307542,44.19234322821093,42.83172713071468,33.583399842779464,33.304,34.87129805441719,33.583399842779464,31.249935823934102,31.613284865701633,34.40798936293721,31.61602125505358,32.0373849276123,33.41485156333932,34.798045706619796,36.18631057458055,36.61415420298549,36.61730394226205,37.09307839745847,32.347019955476576,34.963593007584336,34.291408034666645,36.88374461737853,38.196278679997086,38.2004296441807,33.729732640505766,34.98084801716505,37.52558700406964,37.53019610926647,34.49067829138766,35.7151473887481,36.95578472986333,38.211015492917745,36.960854765548916,35.29407706683942,38.93772838777321,37.30756878972416,39.04804057824157,38.8775184907679,39.85337176450695,41.895570935362606,42.89958723577652,45.10803316483661,49.06074847574178,43.54564097587725,38.97588322283409,40.040611034298664,41.4556299192281,41.17921758605911,39.518614753050244,40.64630192280719,40.544,39.202080812120165,37.8953853786975,40.77381837650234,39.518614753050244,36.91005316983437,39.754361282757394,41.17921758605911,38.97588322283409,37.991246149606624,42.56772130382363,43.02864204224902,39.518276796945486,40.84882011759948,42.187100125512295,40.85270156305456,38.816423946571895,40.11799177426507,41.42927911513788,42.74939157461776,44.07753622878665,39.47944772916663,43.35230680136871,39.48419371090158,40.183227595602624,41.44189035263715,43.99417565996663,40.925661008711884,43.41175104738347,41.70468366982299,45.388063981624065,42.51828445504358,44.9163101000071
13.288407617167678,27.947802507531787,25.26863259062508,22.642913968833604,8.413225362487326,4.323,14.764021267933748,0.0,7.382010633966874,15.111542906004006,4.559060539190065,12.938807982190632,10.426170917455748,8.171349949671718,5.764,28.439799032341984,28.43012537784524,27.041525863012982,22.883846376865932,18.810566206257587,8.413225362487326,9.11812107838013,17.399074917937448,22.85908871761952,16.826450724974652,16.11338006130309,19.351863166114008,19.230070852703587,21.965236625176612,24.638597362674684,23.237167469379738,29.71548417912789,32.870931657012704,32.22676012260618,36.038750699767604,38.826164180871636,42.61079704722736,39.014631422070366,46.52652284450236,42.400402450920204,12.257024924507578,8.432433160126442,9.153538550746372,3.234701995547658,5.792,5.968563059899761,4.085674974835859,8.432433160126442,7.217619552179236,9.254258263091646,8.413225362487326,11.286867102965287,8.646,9.675931583057004,10.406756459147106,10.087,10.097,11.618583734689869,14.435239104358471,12.969,13.677181617570193,14.41,15.530465672348656,16.12655263842834,17.292,17.352520508560133,17.829290507476735,18.788879503578706,20.083398342909998,20.22589874393719,20.636390478957313,20.988986159412274,23.10142506426822,24.166024414454274,24.667586525641294,24.879174926030004,25.17241094929129,25.938,32.51821649475875,37.91105933629394,17.617792029650026,14.299862411925508,10.237918587291071,13.11142650515191,11.584,13.11142650515191,14.5515250403523,10.537761621900545,14.764021267933748,12.938807982190632,13.322605300766064,14.299862411925508,15.36022867668317,17.64703853341971,16.46005640938086,18.385537386761367,16.826450724974652,17.617792029650026,18.81469364619047,19.632708855377036,20.5204099617917,18.823119215475423,20.81351291829421,21.29938461552352,22.025311462042936,22.820129557038012,21.965236625176612,22.577173693799672,24.017145958668777,23.29569850852298,24.52340272066664,25.18566322334991,27.0978239901288,29.195001918136605,30.32231298895254,31.91342377433045,32.947854937764916,33.75212378503018,34.27608244826121,34.26280480345998,20.155768429906114,19.04334266876485,20.272,18.8790745800741,16.50422712519432,16.93885710430311,19.686713082685998,16.942262540758836,17.481796503792168,18.810566206257587,20.155768429906114,21.51432102112451,22.038768114393324,22.042693120397065,22.642913968833604,18.508516526183293,20.852341834911496,20.540110637481973,22.85908871761952,24.06551360349494,24.070904116796278,20.428374874179294,21.47904290232691,23.70635096340219,23.712430832793164,21.469154641019287,22.471212361597228,23.51976991809231,24.608884107167476,23.52651051473635,22.554016582418306,25.560834102196274,24.589153564122533,26.8497562186326,27.225898258827016,28.4565178649813,30.43815086367764,31.675082083555836,34.85236296149803,38.115632291751375,31.057338005695208,26.550916839160188,27.181652635555476,28.499594383078506,27.947802507531787,26.090242850537056,26.693740689532444,26.22285301030382,24.616,23.21277029998789,26.103803879894592,24.784135651662336,22.14603190190062,24.992714638470147,26.42007617324371,24.26248645543156,23.377590038325163,27.947802507531787,28.499594383078506,25.297299480379323,26.550916839160188,27.823414905435314,26.555802849848092,24.87171252648277,26.065427293639363,27.28377400580792,28.52359647730279,29.78221274519407,25.733406012418957,29.278006369969933,25.73956691554852,26.645210601532128,27.762774789274935,30.082565050208068,27.602160658180367,29.793984510300064,28.599724823851016,31.82668270492544,29.633801797946887,31.685398040737947
15.050529425903928,22.073462800385446,19.662043840862527,17.399074917937448,9.11812107838013,9.254258263091646,8.432433160126442,7.382010633966874,0.0,7.792530012775055,6.469403991095316,6.128512462253789,4.559060539190065,4.559060539190065,8.432433160126442,21.07552324380109,21.065904680312215,19.686713082685998,15.58506002555011,11.66028267238835,6.450621055371335,8.413225362487326,11.63163071112559,16.342699899343437,13.04958485929725,15.050529425903928,15.917000502607268,17.532828636589134,18.788879503578706,21.663446840242205,22.047189412712,27.379,30.29562385890081,30.29562385890081,33.26928410711598,35.333704249625455,38.81287997559573,37.71699208579602,42.04112073910495,39.335758706296744,18.853348588513395,15.58506002555011,16.50422712519432,10.537761621900545,13.11142650515191,13.032,10.237918587291071,14.764021267933748,12.364359465819488,15.111542906004006,12.938807982190632,16.93885710430311,10.214187437089647,13.64188700290396,14.891106372597035,11.277008291209153,11.284677044559139,13.312734993231107,18.853348588513395,13.612949129413508,16.342699899343437,14.853032047363259,18.385537386761367,19.43875924538395,17.426181480749015,18.075827643568633,19.632708855377036,19.351863166114008,22.554016582418306,20.64961580756407,22.025311462042936,22.820129557038012,23.29569850852298,26.016891147867764,25.18566322334991,25.80248422148534,26.484186980158555,25.544482946421134,33.54695993678116,38.3097069813905,23.51976991809231,20.852341834911496,17.613384115495805,20.475837174582143,18.8790745800741,20.272,21.72,17.435649027208594,21.767748643348487,19.314018354552736,18.810566206257587,19.408211973285947,20.71463955756894,23.377590038325163,20.852341834911496,23.3205653447767,20.540110637481973,21.682258577002536,22.573734205930574,23.70635096340219,24.87171252648277,22.58011904308744,24.608884107167476,24.514049849015155,25.560834102196274,26.645210601532128,24.589153564122533,25.550942546215392,27.602160658180367,25.703919156424377,27.5922679749237,27.733258030747127,29.76444375425148,31.220269377441316,32.92011281876172,33.652901449949304,35.23558405930005,35.63805686341499,36.42364760701487,35.478415804542344,27.460615652239117,26.42007617324371,27.549711885970783,26.064,23.346566085829412,23.567871202126,26.42007617324371,23.569707528944857,23.874252239599045,25.281834427113868,26.693740689532444,28.109319451029048,28.439799032341984,28.442334099015152,28.838575901039217,23.94798465424596,26.602537942835454,25.877615964381263,28.499594383078506,29.82959818703564,29.83346423062531,25.297299480379323,26.550916839160188,29.112317959928923,29.11677415168102,26.065427293639363,27.28377400580792,28.52359647730279,29.78221274519407,28.52864974021729,26.888893636592783,30.50551256740329,28.90967810267005,30.72045735336634,30.642562311268946,31.67550372133015,33.71734320791008,34.77838506889013,37.24898013368957,41.0408199235834,38.196278679997086,33.64958490085725,34.394762639099575,35.74005283991617,35.24274677149896,33.41485156333932,34.07445437567563,33.583399842779464,31.88857502303921,30.408,33.304,31.88857502303921,29.1030500807046,31.986101044047242,33.4284660132648,30.94947754001673,29.842815299498806,34.40798936293721,34.798045706619796,31.17012005110022,32.51985928628843,33.87771420860622,32.52340554124061,30.415540517965486,31.731318299118932,33.05815217158999,34.394762639099575,35.74005283991617,31.057338005695208,34.963593007584336,31.061979074102798,31.751603817760138,33.014175758301164,35.581721951024235,32.49497511923959,34.98084801716505,33.284161894210285,36.95578472986333,34.115984816505005,36.491598211095116
20.81351291829421,18.48883868716475,16.826450724974652,15.530465672348656,15.350351136048975,16.864866320252883,7.205,15.111542906004006,7.792530012775055,0.0,13.032,3.234701995547658,5.968563059899761,8.806692057747902,14.5515250403523,13.346870344766222,13.33710643280618,11.937126119799522,7.792530012775055,4.085674974835859,10.537761621900545,12.364359465819488,7.349063137570666,9.675931583057004,11.63163071112559,16.342699899343437,14.203599015742453,17.617792029650026,16.87606189251509,19.607971669706178,22.025311462042936,25.544482946421134,27.98494068244562,28.72439703457672,30.571203067592876,31.702,34.705041017120266,36.47248431352052,37.057819269352585,36.054088935930686,26.550916839160188,23.377590038325163,24.26248645543156,18.307077101492744,20.72781495961405,20.475837174582143,17.435649027208594,21.72,18.8790745800741,21.767748643348487,19.04334266876485,23.346566085829412,15.111542906004006,19.314018354552736,20.72781495961405,15.58506002555011,15.588761207998537,17.481796503792168,24.26248645543156,16.864866320252883,20.71463955756894,17.64703853341971,22.642913968833604,23.94798465424596,19.43875924538395,20.540110637481973,22.85908871761952,21.47904290232691,26.065427293639363,22.471212361597228,24.608884107167476,25.733406012418957,24.589153564122533,28.682463091582633,26.625469986462214,27.5922679749237,28.599724823851016,26.016891147867764,34.94807635621738,38.851157421626446,30.93335974316401,28.52359647730279,25.281834427113868,28.109319451029048,26.42007617324371,27.662539073628075,29.1030500807046,24.658141393868274,28.99582868276056,26.103803879894592,24.992714638470147,25.281834427113868,26.693740689532444,29.528042535867495,26.090242850537056,28.838575901039217,25.26863259062508,26.602537942835454,27.181652635555476,28.499594383078506,29.82959818703564,27.185895239995315,29.112317959928923,28.52359647730279,29.78221274519407,31.057338005695208,28.071523382246287,29.278006369969933,31.751603817760138,28.90967810267005,31.278512752367238,30.93335974316401,32.95940490967639,33.72723813181269,35.89553286970399,35.759296693307604,37.811241555918265,37.801345703559285,38.81391226094066,36.9776773743295,35.24274677149896,34.07445437567563,35.01984912874411,33.4284660132648,30.408,30.442124515217397,33.33516007161207,30.44259951121126,30.544269315208705,31.986101044047242,33.4284660132648,34.87129805441719,35.01984912874411,35.021084977481785,35.22676823099161,29.842815299498806,32.66063013782802,31.613284865701633,34.40798936293721,35.81137835939857,35.81379399058413,30.6664176094959,32.0373849276123,34.798045706619796,34.8009457486431,31.17012005110022,32.51985928628843,33.87771420860622,35.24274677149896,33.88111834045624,31.731318299118932,35.74005283991617,33.64958490085725,34.98084801716505,34.49067829138766,35.29407706683942,37.30756878972416,38.16052410541553,39.85337176450695,44.042579579311656,45.98101078706296,41.42927911513788,42.187100125512295,43.532403299151774,43.02864204224902,41.19092347835867,41.77994141929833,41.17921758605911,39.33427951545573,37.7581491601482,40.64630192280719,39.122547169119755,36.2,39.096,40.544,37.7581491601482,36.45721230428898,40.951674349164286,41.17921758605911,37.21818528622802,38.62803670910547,40.040611034298664,38.630276209211864,36.18631057458055,37.579084195866194,38.97588322283409,40.376289886516325,41.77994141929833,36.61415420298549,40.76017664338564,36.61730394226205,37.09307839745847,38.45302278105065,41.19092347835867,37.62113241251517,40.31153685981223,38.196278679997086,42.187100125512295,38.816423946571895,41.42927911513788
17.352520508560133,28.52359647730279,26.065427293639363,23.70635096340219,11.886193671651156,8.766414318294567,14.891106372597035,4.559060539190065,6.469403991095316,13.032,0.0,10.237918587291071,7.382010633966874,4.576769275373186,2.0428374874179296,26.22285301030382,26.21291361142443,24.784135651662336,20.475837174582143,16.18663362160273,4.085674974835859,4.559060539190065,13.64188700290396,19.408211973285947,12.416326711229857,11.618583734689869,14.853032047363259,14.698126275141332,17.426181480749015,20.083398342909998,18.788879503578706,25.17241094929129,28.320085469503795,27.721471407556994,31.483479239118413,34.27608244826121,38.07563840567877,34.61429993514241,42.066126812436636,37.84163951257926,16.46005640938086,12.257024924507578,12.435856263241385,7.217619552179236,8.432433160126442,7.792530012775055,4.576769275373186,8.688,5.968563059899761,8.806692057747902,6.469403991095316,10.537761621900545,4.559060539190065,7.2274195256675124,8.432433160126442,5.943096835825578,5.952795981721531,7.765232836174328,12.435856263241385,8.766414318294567,10.406756459147106,10.190401022530958,12.416326711229857,13.312734993231107,13.04958485929725,13.288407617167678,14.203599015742453,14.698126275141332,16.826450724974652,16.11338006130309,16.87606189251509,17.426181480749015,18.95552966814697,20.64961580756407,20.636390478957313,20.988986159412274,21.43380218253402,21.663446840242205,28.72439703457672,33.9245640944729,22.025311462042936,18.48883868716475,12.938807982190632,15.58506002555011,13.730307826119558,14.764021267933748,16.18663362160273,11.673283042914706,15.993050522023621,13.11142650515191,12.364359465819488,12.938807982190632,14.249797191539253,16.93885710430311,14.454839051335025,16.864866320252883,14.299862411925508,15.36022867668317,16.342699899343437,17.399074917937448,18.508516526183293,16.349755349851566,18.385537386761367,18.48883868716475,19.428873461938032,20.428374874179294,18.81469364619047,19.632708855377036,21.469154641019287,20.043746156844033,21.65285865653771,22.025311462042936,24.017145958668777,25.80248422148534,27.225898258827016,28.407198031484906,29.706064094726518,30.32231298895254,30.972246302133144,30.550464742782555,23.3205653447767,21.51432102112451,22.14603190190062,20.475837174582143,17.376,17.435649027208594,20.323150961403595,17.436478342830586,17.613384115495805,19.04334266876485,20.475837174582143,21.910370238770497,22.14603190190062,22.147986116123516,22.471806691941794,17.481796503792168,20.155768429906114,19.408211973285947,22.038768114393324,23.377590038325163,23.381290298013923,18.853348588513395,20.091613797801312,22.642913968833604,22.64737055377511,19.662043840862527,20.852341834911496,22.073462800385446,23.3205653447767,22.078687008062776,20.540110637481973,24.06551360349494,22.573734205930574,24.514049849015155,24.589153564122533,25.703919156424377,27.733258030747127,28.870478208716943,31.675082083555836,35.23558405930005,34.49067829138766,30.082565050208068,30.50551256740329,31.751603817760138,31.057338005695208,29.112317959928923,29.302861856822105,28.439799032341984,26.42007617324371,24.784135651662336,27.662539073628075,26.103803879894592,23.168,26.064,27.512,24.784135651662336,23.567871202126,28.109319451029048,28.439799032341984,24.728718931638976,26.090242850537056,27.460615652239117,26.093558438817805,23.94798465424596,25.26863259062508,26.602537942835454,27.947802507531787,29.302861856822105,24.589696704107595,28.499594383078506,24.59438643268012,25.297299480379323,26.550916839160188,29.112317959928923,26.065427293639363,28.52359647730279,26.888893636592783,30.50551256740329,27.762774789274935,30.082565050208068
20.64961580756407,21.469154641019287,19.632708855377036,18.075827643568633,14.853032047363259,15.36022867668317,9.11812107838013,12.938807982190632,6.128512462253789,3.234701995547658,10.237918587291071,0.0,2.896,5.792,11.584,15.993050522023621,15.983091221662972,14.5515250403523,10.237918587291071,5.968563059899761,7.382010633966874,9.153538550746372,5.943096835825578,10.214187437089647,9.11812107838013,13.312734993231107,11.886193671651156,14.853032047363259,14.698126275141332,17.532828636589134,19.351863166114008,23.461659617341653,26.0991697185945,26.576815234335356,28.856352922710105,30.399258823201595,33.645292583064276,34.26280480345998,36.47248431352052,34.61429993514241,24.87171252648277,21.35627647788818,22.038768114393324,16.173509977738288,18.307077101492744,17.905689179699284,14.764021267933748,18.8790745800741,15.928,18.824,15.993050522023621,20.323150961403595,11.937126119799522,16.18663362160273,17.613384115495805,12.364359465819488,12.367859353986848,14.249797191539253,21.07552324380109,13.64188700290396,17.481796503792168,14.454839051335025,19.408211973285947,20.71463955756894,16.342699899343437,17.399074917937448,19.662043840862527,18.385537386761367,22.85908871761952,19.428873461938032,21.47904290232691,22.573734205930574,21.65285865653771,25.560834102196274,23.676902014410587,24.589153564122533,25.550942546215392,23.26326142225118,32.04875691817079,36.15165528713727,29.64369538367307,26.888893636592783,22.883846376865932,25.64877153003629,23.874252239599045,24.992714638470147,26.42007617324371,21.910370238770497,26.22285301030382,23.168,21.910370238770497,22.14603190190062,23.567871202126,26.42007617324371,22.883846376865932,25.64877153003629,22.038768114393324,23.377590038325163,23.94798465424596,25.26863259062508,26.602537942835454,23.952198416846834,25.877615964381263,25.297299480379323,26.550916839160188,27.823414905435314,24.87171252648277,26.065427293639363,28.52359647730279,25.733406012418957,28.071523382246287,27.762774789274935,29.793984510300064,30.642562311268946,32.75905494668611,32.73929457089752,34.72823728610481,34.77838506889013,35.759296693307604,34.067046026915804,33.05815217158999,31.613284865701633,32.37326724320546,30.713755761873212,27.549711885970783,27.512,30.408,27.512001817388715,27.549711885970783,28.99582868276056,30.442124515217397,31.88857502303921,31.986101044047242,31.9870036108417,32.14798695097409,26.693740689532444,29.528042535867495,28.439799032341984,31.249935823934102,32.66063013782802,32.66283761402245,27.460615652239117,28.838575901039217,31.613284865701633,31.61602125505358,27.947802507531787,29.302861856822105,30.6664176094959,32.0373849276123,30.669708329229348,28.499594383078506,32.51985928628843,30.415540517965486,31.751603817760138,31.278512752367238,32.0976227312865,34.115984816505005,34.987403004510064,36.771074773522734,40.91767472621092,43.99417565996663,39.47944772916663,40.11799177426507,41.42927911513788,40.84882011759948,38.96265006387528,39.373426165371995,38.62803670910547,36.65601855084646,35.01984912874411,37.8953853786975,36.31454149510909,33.33516007161207,36.22866932416922,37.67556748079583,34.781862874205,33.4284660132648,37.8953853786975,38.0866853375297,34.07445437567563,35.49103448759982,36.91005316983437,35.493065928431704,33.00845425038864,34.40798936293721,35.81137835939857,37.21818528622802,38.62803670910547,33.41485156333932,37.579084195866194,33.417871640785265,33.87771420860622,35.24274677149896,37.991246149606624,34.394762639099575,37.09307839745847,34.963593007584336,38.96265006387528,35.581721951024235,38.196278679997086
19.607971669706178,23.51976991809231,21.469154641019287,19.632708855377036,13.677181617570193,13.312734993231107,10.406756459147106,10.426170917455748,4.559060539190065,5.968563059899761,7.382010633966874,2.896,0.0,2.896,8.688,18.8790745800741,18.86910376779989,17.435649027208594,13.11142650515191,8.806692057747902,4.576769275373186,6.469403991095316,7.217619552179236,12.435856263241385,8.646,11.63163071112559,11.528,13.677181617570193,14.41,17.292,18.23624215676026,23.10142506426822,25.938,26.0991697185945,28.856352922710105,30.81031296497976,34.26280480345998,33.645292583064276,37.492978756028435,34.85575120406961,22.573734205930574,18.853348588513395,19.408211973285947,13.64188700290396,15.58506002555011,15.111542906004006,11.937126119799522,15.993050522023621,13.032,15.928,13.11142650515191,17.435649027208594,9.153538550746372,13.346870344766222,14.764021267933748,9.704105986642974,9.708564929998666,11.66028267238835,18.307077101492744,11.286867102965287,14.891106372597035,12.257024924507578,16.864866320252883,18.123313714660462,14.435239104358471,15.350351136048975,17.399074917937448,16.46005640938086,20.540110637481973,17.617792029650026,19.428873461938032,20.428374874179294,20.043746156844033,23.509879795524263,22.025311462042936,22.820129557038012,23.676902014410587,21.965236625176612,30.43815086367764,34.85236296149803,27.5922679749237,24.608884107167476,20.155768429906114,22.883846376865932,21.07552324380109,22.14603190190062,23.567871202126,19.04334266876485,23.346566085829412,20.272,19.04334266876485,19.314018354552736,20.72781495961405,23.567871202126,20.155768429906114,22.883846376865932,19.408211973285947,20.71463955756894,21.35627647788818,22.642913968833604,23.94798465424596,21.361001498057153,23.3205653447767,22.85908871761952,24.06551360349494,25.297299480379323,22.573734205930574,23.70635096340219,26.065427293639363,23.51976991809231,25.733406012418957,25.560834102196274,27.602160658180367,28.66271447368515,30.642562311268946,30.89410922813603,32.73929457089752,32.92011281876172,33.831024873627456,32.42738066819459,30.415540517965486,28.838575901039217,29.528042535867495,27.849568632206854,24.658141393868274,24.616,27.512,24.616002031199137,24.658141393868274,26.103803879894592,27.549711885970783,28.99582868276056,29.1030500807046,29.10404205604438,29.280879921887593,23.874252239599045,26.693740689532444,25.64877153003629,28.439799032341984,29.842815299498806,29.845231193609475,24.728718931638976,26.090242850537056,28.838575901039217,28.84157554642256,25.26863259062508,26.602537942835454,27.947802507531787,29.302861856822105,27.95141329163876,25.877615964381263,29.82959818703564,27.823414905435314,29.278006369969933,28.90967810267005,29.793984510300064,31.82668270492544,32.75905494668611,34.77838506889013,38.81391226094066,41.44189035263715,36.95578472986333,37.52558700406964,38.816423946571895,38.196278679997086,36.28780120095457,36.61415420298549,35.81137835939857,33.79911407122974,32.14798695097409,35.01984912874411,33.4284660132648,30.442124515217397,33.33516007161207,34.781862874205,31.88857502303921,30.544269315208705,35.01984912874411,35.22676823099161,31.249935823934102,32.66063013782802,34.07445437567563,32.66283761402245,30.223085812008012,31.613284865701633,33.00845425038864,34.40798936293721,35.81137835939857,30.6664176094959,34.798045706619796,30.669708329229348,31.17012005110022,32.51985928628843,35.24274677149896,31.731318299118932,34.394762639099575,32.347019955476576,36.28780120095457,33.014175758301164,35.581721951024235
18.95552966814697,25.733406012418957,23.51976991809231,21.469154641019287,13.04958485929725,11.63163071112559,12.257024924507578,8.171349949671718,4.559060539190065,8.806692057747902,4.576769275373186,5.792,2.896,0.0,5.792,21.767748643348487,21.75777058891834,20.323150961403595,15.993050522023621,11.673283042914706,2.0428374874179296,4.085674974835859,9.254258263091646,14.891106372597035,9.11812107838013,10.494493079706137,11.886193671651156,13.04958485929725,14.698126275141332,17.532828636589134,17.532828636589134,23.10142506426822,26.0991697185945,25.938,29.145544016195682,31.483479239118413,35.10908009333198,33.26928410711598,38.703726332228015,35.333704249625455,20.428374874179294,16.479702454838193,16.864866320252883,11.286867102965287,12.938807982190632,12.364359465819488,9.153538550746372,13.11142650515191,10.136,13.032,10.237918587291071,14.5515250403523,6.469403991095316,10.537761621900545,11.937126119799522,7.2274195256675124,7.233405352944075,9.254258263091646,15.58506002555011,9.244419343582376,12.435856263241385,10.406756459147106,14.454839051335025,15.639256376183619,12.90124211074267,13.612949129413508,15.350351136048975,14.853032047363259,18.385537386761367,16.12655263842834,17.617792029650026,18.48883868716475,18.746489378014218,21.65285865653771,20.64961580756407,21.29938461552352,22.025311462042936,20.988986159412274,29.027794749171008,33.75212378503018,25.703919156424377,22.471212361597228,17.481796503792168,20.155768429906114,18.307077101492744,19.314018354552736,20.72781495961405,16.18663362160273,20.475837174582143,17.376,16.18663362160273,16.50422712519432,17.905689179699284,20.72781495961405,17.481796503792168,20.155768429906114,16.864866320252883,18.123313714660462,18.853348588513395,20.091613797801312,21.35627647788818,18.85870072406898,20.852341834911496,20.540110637481973,21.682258577002536,22.85908871761952,20.428374874179294,21.47904290232691,23.70635096340219,21.469154641019287,23.51976991809231,23.509879795524263,25.550942546215392,26.8497562186326,28.66271447368515,29.21992801154719,30.89410922813603,31.220269377441316,32.04875691817079,30.972246302133144,27.823414905435314,26.090242850537056,26.693740689532444,24.992714638470147,21.767748643348487,21.72,24.616,21.72000230202566,21.767748643348487,23.21277029998789,24.658141393868274,26.103803879894592,26.22285301030382,26.223953935285962,26.42007617324371,21.07552324380109,23.874252239599045,22.883846376865932,25.64877153003629,27.041525863012982,27.04419200124123,22.038768114393324,23.377590038325163,26.090242850537056,26.093558438817805,22.642913968833604,23.94798465424596,25.26863259062508,26.602537942835454,25.27262615954266,23.3205653447767,27.181652635555476,25.297299480379323,26.888893636592783,26.645210601532128,27.602160658180367,29.64369538367307,30.642562311268946,32.92011281876172,36.817890990658334,38.93772838777321,34.49067829138766,34.98084801716505,36.246627429320924,35.581721951024235,33.64958490085725,33.87771420860622,33.00845425038864,30.94947754001673,29.280879921887593,32.14798695097409,30.544269315208705,27.549711885970783,30.442124515217397,31.88857502303921,28.99582868276056,27.662539073628075,32.14798695097409,32.37326724320546,28.439799032341984,29.842815299498806,31.249935823934102,29.845231193609475,27.460615652239117,28.838575901039217,30.223085812008012,31.613284865701633,33.00845425038864,27.947802507531787,32.0373849276123,27.95141329163876,28.499594383078506,29.82959818703564,32.51985928628843,29.112317959928923,31.731318299118932,29.78221274519407,33.64958490085725,30.50551256740329,33.014175758301164
18.95552966814697,30.50551256740329,28.071523382246287,25.733406012418957,13.677181617570193,10.087,16.864866320252883,5.764,8.432433160126442,14.5515250403523,2.0428374874179296,11.584,8.688,5.792,0.0,27.549711885970783,27.539725579605907,26.103803879894592,21.767748643348487,17.435649027208594,4.576769275373186,4.085674974835859,14.249797191539253,20.155768429906114,12.257024924507578,10.494493079706137,14.435239104358471,13.677181617570193,16.826450724974652,19.351863166114008,17.532828636589134,24.166024414454274,27.354363235140386,26.576815234335356,30.550464742782555,33.54695993678116,37.421702593548574,33.26928410711598,41.62702583658842,36.95789604401203,16.826450724974652,12.416326711229857,12.257024924507578,7.765232836174328,8.171349949671718,7.2274195256675124,4.085674974835859,7.382010633966874,4.344,7.24,4.576769275373186,8.806692057747902,2.882,5.213085458727874,6.469403991095316,4.323,4.333,5.943096835825578,10.426170917455748,7.205,8.413225362487326,8.646,10.406756459147106,11.277008291209153,11.528,11.618583734689869,12.319298681337342,13.04958485929725,14.853032047363259,14.482568971007872,15.050529425903928,15.530465672348656,17.352520508560133,18.746489378014218,18.95552966814697,19.230070852703587,19.607971669706178,20.174,26.929490229114997,32.22676012260618,22.577173693799672,18.81469364619047,12.435856263241385,14.891106372597035,12.938807982190632,13.730307826119558,15.111542906004006,10.537761621900545,14.764021267933748,11.584,10.537761621900545,11.019384057196662,12.364359465819488,15.111542906004006,12.435856263241385,14.891106372597035,12.257024924507578,13.322605300766064,14.299862411925508,15.36022867668317,16.479702454838193,14.306918081823213,16.342699899343437,16.46005640938086,17.389192534445066,18.385537386761367,16.826450724974652,17.617792029650026,19.428873461938032,18.075827643568633,19.632708855377036,20.043746156844033,22.025311462042936,23.8735569406823,25.23967608746198,26.511158122571707,27.747721221750805,28.407198031484906,29.027794749171008,28.72439703457672,22.85908871761952,20.71463955756894,21.07552324380109,19.314018354552736,15.993050522023621,15.928,18.824,15.928003139125758,15.993050522023621,17.435649027208594,18.8790745800741,20.323150961403595,20.475837174582143,20.477247080601437,20.72781495961405,15.58506002555011,18.307077101492744,17.481796503792168,20.155768429906114,21.51432102112451,21.517672016275366,16.864866320252883,18.123313714660462,20.71463955756894,20.71881541015316,17.64703853341971,18.853348588513395,20.091613797801312,21.35627647788818,20.09663616130819,18.508516526183293,22.073462800385446,20.540110637481973,22.471212361597228,22.554016582418306,23.676902014410587,25.703919156424377,26.8497562186326,29.706064094726518,33.22578241366184,34.115984816505005,29.793984510300064,30.082565050208068,31.278512752367238,30.50551256740329,28.52359647730279,28.499594383078506,27.460615652239117,25.281834427113868,23.567871202126,26.42007617324371,24.784135651662336,21.767748643348487,24.658141393868274,26.103803879894592,23.21277029998789,21.910370238770497,26.42007617324371,26.693740689532444,22.883846376865932,24.26248645543156,25.64877153003629,24.26545793921887,22.038768114393324,23.377590038325163,24.728718931638976,26.090242850537056,27.460615652239117,22.642913968833604,26.602537942835454,22.64737055377511,23.3205653447767,24.589696704107595,27.181652635555476,24.06551360349494,26.550916839160188,24.87171252648277,28.52359647730279,25.733406012418957,28.071523382246287
31.82668270492544,17.352520508560133,17.829290507476735,18.746489378014218,27.28377400580792,29.82959818703564,16.479702454838193,28.439799032341984,21.07552324380109,13.346870344766222,26.22285301030382,15.993050522023621,18.8790745800741,21.767748643348487,27.549711885970783,0.0,0.01,1.448,5.792,10.136,23.168,24.658141393868274,15.111542906004006,10.426170917455748,20.155768429906114,26.090242850537056,21.35627647788818,25.877615964381263,22.85908871761952,24.608884107167476,29.278006369969933,29.633801797946887,30.89410922813603,32.73929457089752,32.42738066819459,31.629502430484106,33.28295810170725,40.13681925613937,33.4264683297533,36.1680639376785,39.518276796945486,36.61415420298549,37.579084195866194,31.613284865701633,34.07445437567563,33.79911407122974,30.713755761873212,34.87129805441719,31.88857502303921,34.781862874205,31.856,36.2,27.549711885970783,31.88857502303921,33.33516007161207,27.662539073628075,27.663582703619575,29.280879921887593,36.45721230428898,28.109319451029048,32.37326724320546,28.439799032341984,34.07445437567563,35.49103448759982,29.302861856822105,30.6664176094959,33.41485156333932,31.17012005110022,36.61415420298549,31.731318299118932,34.394762639099575,35.74005283991617,33.014175758301164,38.196278679997086,34.98084801716505,36.246627429320924,37.52558700406964,33.284161894210285,42.51828445504358,44.99871705948959,43.41175104738347,41.42927911513788,38.62803670910547,41.4556299192281,39.754361282757394,40.951674349164286,42.38574949201677,37.8953853786975,42.2139360045945,39.122547169119755,37.67556748079583,37.7581491601482,39.202080812120165,42.09078269645268,38.0866853375297,40.951674349164286,36.91005316983437,38.33123959644404,38.62803670910547,40.040611034298664,41.4556299192281,38.630276209211864,40.376289886516325,39.373426165371995,40.76017664338564,42.15104648760218,38.45302278105065,39.81917710098992,42.56772130382363,38.96265006387528,41.66707712331164,40.84882011759948,42.74939157461776,42.71255295577636,45.28582793766721,44.14692560077089,46.6411306895534,46.13675568351117,47.37002158538668,44.53335653193008,48.52497291086312,47.42122378218428,48.32414180303671,46.693132171658824,43.53549728669697,43.46389399260035,46.35840136372263,43.46356360217142,43.44,44.888,46.336,47.784,47.80572284779303,47.8060253210827,47.87083224678677,42.2139360045945,45.09568574708672,43.820740477540994,46.693132171658824,48.130389069692754,48.131587673792765,42.60563447479688,44.03346028873952,46.89282376867488,46.8943612921639,42.87285131642168,44.29206380380124,45.7130819350435,47.135742404252,45.71497435195606,43.186521427408344,47.42122378218428,44.94361338388359,45.767692753731865,44.88409813062974,45.4130083566372,47.30707017983676,47.89596930849192,48.61513214010633,53.101833678320375,59.11724622307774,54.54771008942539,55.39181954946055,56.756612522242726,56.29743368928996,54.484700467195374,55.123341126967254,54.51729399924395,52.623572750241884,51.0067259878538,53.885169314014405,52.30694708162578,49.31628278773655,52.207607759789184,53.653459347930216,50.68,49.25308421814821,53.653459347930216,53.75012655799054,49.56827130332467,51.0067259878538,52.44570602060764,51.00785700262264,48.32414180303671,49.756425203183554,51.189592936455355,52.623572750241884,54.05830001951597,48.5599008648082,52.84015234648742,48.56168234318082,48.83705790688051,50.25472508132942,53.09497107071441,49.154912674116304,51.97458209548201,49.512681375582964,53.71706753909785,49.90950566775832,52.68880810950272
31.818948945557583,17.35168890915233,17.826856705544024,18.74262959138872,27.27528302327952,29.820375383284496,16.471795682317094,28.43012537784524,21.065904680312215,13.33710643280618,26.21291361142443,15.983091221662972,18.86910376779989,21.75777058891834,27.539725579605907,0.01,0.0,1.438,5.782,10.126,23.158,24.648158491051618,15.101961097817727,10.417839507306686,20.14642948514699,26.080808116314188,21.347462729795314,25.868663436675654,22.850854622967606,24.60123568034744,29.269599194385975,29.626961859090446,30.888017174949898,32.73266119642581,32.422023332913696,31.625383539176248,33.27991406238904,40.13068701131342,33.42517023142889,36.164061566699054,39.50911668210263,36.60466292700973,37.56945127360792,31.603666243016807,34.06468055038826,33.789260601558006,30.703855344239752,34.861332275172735,31.878585241506563,34.77187146243354,31.846,36.19,27.539725579605907,31.878585241506563,33.325169421924926,27.652593513086618,27.653637518416996,29.27098954596513,36.44728287540787,28.099532024572934,32.363427074399894,28.43012537784524,34.06468055038826,35.48124277699416,29.293473215035462,30.65697423099677,33.40531821432031,31.16082932144137,36.60466292700973,31.722191932462675,34.3855009706126,35.73073462720855,33.00540411811375,38.18718063696245,34.97215560985625,36.23783906360863,37.51671227599774,33.275896576951915,42.510111420696134,44.991316462179675,43.40307902672344,41.420192032389224,38.61829048520921,41.445849876676434,39.74452693139019,40.94177392346355,42.37584241050554,37.885450677007924,42.203988591127256,39.11255395649842,37.66557479980891,37.748178340153046,39.192107879010535,42.08080617098489,38.076800548365405,40.94177392346355,36.90024559538866,38.32141788869509,38.61829048520921,40.030847005777936,41.445849876676434,38.620530550472765,40.36660705335538,39.363864495244876,40.75058502647539,42.141427835326134,38.443608844644125,39.80972249338093,42.55819682505357,38.95335929031025,41.65769431929712,40.83960387907796,42.74024637271058,42.703738946373306,45.27687524553787,44.138398022583466,46.63243819488747,46.12828205125355,47.36146286803228,44.52522817459783,48.51542410409292,47.41145267759679,48.314253600775004,46.6832086729265,43.52551922723036,43.45389949129997,46.34840619697726,43.453569024879876,43.43,44.878,46.326,47.774,47.79572739272832,47.79602992927341,47.86085038943625,42.203988591127256,45.0857318117384,43.810827383193754,46.6832086729265,48.12046105348535,48.12165990487028,42.59577853496752,44.023595093994764,46.88294253777167,46.88448038530447,42.8630568205302,44.28225622074829,45.70326246560523,47.12591210788391,45.70515528909184,43.176798086472324,47.41145267759679,44.933948012610685,45.75820145066893,44.87474261764629,45.40376182652711,47.29788778581978,47.88689983701179,48.60649476150281,53.093108027313676,59.10793873076611,54.5384192656883,55.38240887682659,56.747173013287636,56.28791717589131,54.47513308841016,55.113621882434835,54.50746669035353,52.61366694120454,50.99679005584567,53.875226700219095,52.29698129911515,49.30629988145532,52.19762301101459,53.64347378759135,50.67,49.243088499808785,53.64347378759135,53.74015895957138,49.55833915699758,50.99679005584567,52.43576661020605,50.99792129097028,48.314253600775004,49.746530622747954,51.179692505914886,52.61366694120454,54.04838925444495,48.55006067967372,52.83028714667373,48.551842519105286,48.827273577376815,50.244928629663704,53.08515322573723,49.145191626445005,51.96483122266443,49.50303058399556,53.707363415084906,49.89993162319965,52.6791894394741
30.72045735336634,17.292,17.532828636589134,18.23624215676026,26.065427293639363,28.499594383078506,15.36022867668317,27.041525863012982,19.686713082685998,11.937126119799522,24.784135651662336,14.5515250403523,17.435649027208594,20.323150961403595,26.103803879894592,1.448,1.438,0.0,4.344,8.688,21.72,23.21277029998789,13.730307826119558,9.254258263091646,18.810566206257587,24.728718931638976,20.091613797801312,24.589696704107595,21.682258577002536,23.51976991809231,28.071523382246287,28.66271447368515,30.033787390204388,31.797122401248828,31.675082083555836,31.060931344697313,32.870931657012704,39.26541771075407,33.26928410711598,35.61308008302568,38.196278679997086,35.24274677149896,36.18631057458055,30.223085812008012,32.66063013782802,32.37326724320546,29.280879921887593,33.4284660132648,30.442124515217397,33.33516007161207,30.408,34.752,26.103803879894592,30.442124515217397,31.88857502303921,26.22285301030382,26.223953935285962,27.849568632206854,35.01984912874411,26.693740689532444,30.94947754001673,27.041525863012982,32.66063013782802,34.07445437567563,27.947802507531787,29.302861856822105,32.0373849276123,29.82959818703564,35.24274677149896,30.415540517965486,33.05815217158999,34.394762639099575,31.751603817760138,36.88374461737853,33.729732640505766,34.98084801716505,36.246627429320924,32.0976227312865,41.34319079364823,43.93782945253441,42.1621658006322,40.11799177426507,37.21818528622802,40.040611034298664,38.33123959644404,39.518614753050244,40.951674349164286,36.45721230428898,40.77381837650234,37.67556748079583,36.22866932416922,36.31454149510909,37.7581491601482,40.64630192280719,36.65601855084646,39.518614753050244,35.49103448759982,36.91005316983437,37.21818528622802,38.62803670910547,40.040611034298664,37.22050961499587,38.97588322283409,37.991246149606624,39.373426165371995,40.76017664338564,37.09307839745847,38.45302278105065,41.19092347835867,37.62113241251517,40.31153685981223,39.518276796945486,41.42927911513788,41.44189035263715,43.99417565996663,42.91875040119411,45.388063981624065,44.9163101000071,46.13675568351117,43.36451715400507,47.14425356286809,46.00739193868742,46.89282376867488,45.25656018744686,42.09078269645268,42.016717446749695,44.91112362210503,42.01637567663351,41.992,43.44,44.888,46.336,46.35840136372263,46.35871328024538,46.42554059997578,40.77381837650234,43.6545751210569,42.38574949201677,45.25656018744686,46.693132171658824,46.69436766891699,41.17921758605911,42.60563447479688,45.46256227930846,45.46414817193873,41.4556299192281,42.87285131642168,44.29206380380124,45.7130819350435,44.29401693231265,41.77994141929833,46.00739193868742,43.54564097587725,44.395677312098755,43.532403299151774,44.07753622878665,45.98101078706296,46.586675562868834,47.37002158538668,51.84315179461989,57.771930909395785,53.20507588567091,54.03135838566342,55.39181954946055,54.92123130447823,53.10100376640728,53.71706753909785,53.09497107071441,51.189592936455355,49.56827130332467,52.44570602060764,50.86404161094555,47.87083224678677,50.76187864923834,52.207607759789184,49.232,47.80572284779303,52.207607759789184,52.30694708162578,48.130389069692754,49.56827130332467,51.0067259878538,49.56943513900476,46.89282376867488,48.32414180303671,49.756425203183554,51.189592936455355,52.623572750241884,47.135742404252,51.412213685076814,47.13757770611468,47.42122378218428,48.83705790688051,51.67407443776811,47.74850447919809,50.563668854227735,48.11673157021371,52.31307065160676,48.52497291086312,51.29754306007258
27.5922679749237,17.829290507476735,17.352520508560133,17.352520508560133,22.573734205930574,24.589696704107595,12.416326711229857,22.883846376865932,15.58506002555011,7.792530012775055,20.475837174582143,10.237918587291071,13.11142650515191,15.993050522023621,21.767748643348487,5.792,5.782,4.344,0.0,4.344,17.376,18.8790745800741,9.704105986642974,6.450621055371335,14.891106372597035,20.71463955756894,16.479702454838193,20.852341834911496,18.385537386761367,20.5204099617917,24.608884107167476,26.016891147867764,27.747721221750805,29.21992801154719,29.728752025606457,29.71548417912789,31.998236513908076,36.86949660627332,33.174616094236875,34.26280480345998,34.291408034666645,31.17012005110022,32.0373849276123,26.090242850537056,28.439799032341984,28.109319451029048,24.992714638470147,29.1030500807046,26.103803879894592,28.99582868276056,26.064,30.408,21.767748643348487,26.103803879894592,27.549711885970783,21.910370238770497,21.91168784005468,23.567871202126,30.713755761873212,22.471806691941794,26.693740689532444,22.883846376865932,28.439799032341984,29.842815299498806,23.94798465424596,25.26863259062508,27.947802507531787,25.877615964381263,31.17012005110022,26.550916839160188,29.112317959928923,30.415540517965486,28.071523382246287,33.014175758301164,30.082565050208068,31.278512752367238,32.49497511923959,28.682463091582633,37.93131435898313,40.89790049623574,38.49692144834441,36.246627429320924,33.00845425038864,35.81137835939857,34.07445437567563,35.22676823099161,36.65601855084646,32.14798695097409,36.45721230428898,33.33516007161207,31.88857502303921,31.986101044047242,33.4284660132648,36.31454149510909,32.37326724320546,35.22676823099161,31.249935823934102,32.66063013782802,33.00845425038864,34.40798936293721,35.81137835939857,33.011074990069616,34.798045706619796,33.87771420860622,35.24274677149896,36.61415420298549,33.05815217158999,34.394762639099575,37.09307839745847,33.64958490085725,36.28780120095457,35.581721951024235,37.52558700406964,37.70669717702679,40.183227595602624,39.324087681725054,41.70468366982299,41.34319079364823,42.51828445504358,39.967815902298184,43.02864204224902,41.77994141929833,42.60563447479688,40.951674349164286,37.7581491601482,37.67556748079583,40.5695996652666,37.675186329997096,37.648,39.096,40.544,41.992,42.016717446749695,42.01706159407152,42.09078269645268,36.45721230428898,39.33427951545573,38.0866853375297,40.951674349164286,42.38574949201677,42.38711054082361,36.91005316983437,38.33123959644404,41.17921758605911,41.180968432031804,37.21818528622802,38.62803670910547,40.040611034298664,41.4556299192281,40.042771532450146,37.579084195866194,41.77994141929833,39.373426165371995,40.31153685981223,39.518276796945486,40.11799177426507,42.05112594211955,42.71255295577636,43.70975873875307,48.13102720698988,53.76800209232253,49.213035061861405,49.97949764653502,51.324808280206945,50.81657131290933,48.97222781332293,49.512681375582964,48.83705790688051,46.89282376867488,45.25656018744686,48.130389069692754,46.537224079225005,43.53549728669697,46.42554059997578,47.87083224678677,44.888,43.46389399260035,47.87083224678677,47.97915156607086,43.820740477540994,45.25656018744686,46.693132171658824,45.25783490181562,42.60563447479688,44.03346028873952,45.46256227930846,46.89282376867488,48.32414180303671,42.87285131642168,47.135742404252,42.87486909601008,43.186521427408344,44.59575281346868,47.42122378218428,43.54564097587725,46.344658030888525,43.949095838253605,48.11673157021371,44.395677312098755,47.14425356286809
24.832653422459714,19.351863166114008,18.23624215676026,17.532828636589134,19.428873461938032,20.852341834911496,10.494493079706137,18.810566206257587,11.66028267238835,4.085674974835859,16.18663362160273,5.968563059899761,8.806692057747902,11.673283042914706,17.435649027208594,10.136,10.126,8.688,4.344,0.0,13.032,14.5515250403523,6.128512462253789,5.943096835825578,11.286867102965287,16.864866320252883,13.312734993231107,17.399074917937448,15.610134688720658,18.075827643568633,21.469154641019287,23.8735569406823,25.9920055594023,27.0978239901288,28.320085469503795,28.965137942015744,31.702,34.85236296149803,33.645292583064276,33.4264683297533,30.50551256740329,27.181652635555476,27.947802507531787,22.038768114393324,24.26248645543156,23.874252239599045,20.72781495961405,24.784135651662336,21.767748643348487,24.658141393868274,21.72,26.064,17.435649027208594,21.767748643348487,23.21277029998789,17.613384115495805,17.615023133677685,19.314018354552736,26.42007617324371,18.307077101492744,22.471806691941794,18.810566206257587,24.26248645543156,25.64877153003629,20.091613797801312,21.35627647788818,23.94798465424596,22.073462800385446,27.181652635555476,22.85908871761952,25.297299480379323,26.550916839160188,24.608884107167476,29.278006369969933,26.645210601532128,27.762774789274935,28.90967810267005,25.550942546215392,34.72823728610481,38.11147261652323,34.987403004510064,32.49497511923959,28.838575901039217,31.613284865701633,29.842815299498806,30.94947754001673,32.37326724320546,27.849568632206854,32.14798695097409,28.99582868276056,27.549711885970783,27.662539073628075,29.1030500807046,31.986101044047242,28.109319451029048,30.94947754001673,27.041525863012982,28.439799032341984,28.838575901039217,30.223085812008012,31.613284865701633,28.84157554642256,30.6664176094959,29.82959818703564,31.17012005110022,32.51985928628843,29.112317959928923,30.415540517965486,33.05815217158999,29.78221274519407,32.347019955476576,31.751603817760138,33.729732640505766,34.115984816505005,36.491598211095116,35.89553286970399,38.16052410541553,37.93131435898313,39.04804057824157,36.771074773522734,38.96265006387528,37.579084195866194,38.33123959644404,36.65601855084646,33.4284660132648,33.33516007161207,36.22866932416922,33.33472929243614,33.304,34.752,36.2,37.648,37.67556748079583,37.675951281951725,37.7581491601482,32.14798695097409,35.01984912874411,33.79911407122974,36.65601855084646,38.0866853375297,38.08820000997684,32.66063013782802,34.07445437567563,36.91005316983437,36.91200651549574,33.00845425038864,34.40798936293721,35.81137835939857,37.21818528622802,35.81379399058413,33.41485156333932,37.579084195866194,35.24274677149896,36.28780120095457,35.581721951024235,36.246627429320924,38.211015492917745,38.93772838777321,40.18591475878084,44.53335653193008,49.82108759350803,45.28582793766721,45.98101078706296,47.30707017983676,46.755180076650326,44.88409813062974,45.33462871801202,44.59575281346868,42.60563447479688,40.951674349164286,43.820740477540994,42.2139360045945,39.202080812120165,42.09078269645268,43.53549728669697,40.544,39.122547169119755,43.53549728669697,43.6545751210569,39.518614753050244,40.951674349164286,42.38574949201677,40.95308305854395,38.33123959644404,39.754361282757394,41.17921758605911,42.60563447479688,44.03346028873952,38.62803670910547,42.87285131642168,38.630276209211864,38.97588322283409,40.376289886516325,43.186521427408344,39.373426165371995,42.15104648760218,39.81917710098992,43.949095838253605,40.31153685981223,43.02864204224902
20.22589874393719,27.762774789274935,25.560834102196274,23.509879795524263,14.41,12.319298681337342,14.299862411925508,8.413225362487326,6.450621055371335,10.537761621900545,4.085674974835859,7.382010633966874,4.576769275373186,2.0428374874179296,4.576769275373186,23.168,23.158,21.72,17.376,13.032,0.0,2.0428374874179296,9.704105986642974,15.58506002555011,8.413225362487326,8.766414318294567,10.982618312588306,11.528,13.677181617570193,16.435465828506352,15.917000502607268,21.808141621880576,24.879174926030004,24.539757802390795,27.98494068244562,30.550464742782555,34.27608244826121,31.735051725182363,38.115632291751375,34.26280480345998,20.5204099617917,16.342699899343437,16.479702454838193,11.277008291209153,12.435856263241385,11.66028267238835,8.432433160126442,11.937126119799522,8.806692057747902,11.673283042914706,8.688,13.032,4.576769275373186,8.806692057747902,10.237918587291071,5.213085458727874,5.218620507375488,7.2274195256675124,13.730307826119558,7.217619552179236,10.426170917455748,8.413225362487326,12.435856263241385,13.64188700290396,10.982618312588306,11.63163071112559,13.312734993231107,12.90124211074267,16.342699899343437,14.203599015742453,15.610134688720658,16.46005640938086,16.87606189251509,19.632708855377036,18.746489378014218,19.351863166114008,20.043746156844033,19.230070852703587,27.0978239901288,31.91342377433045,26.016891147867764,22.554016582418306,16.864866320252883,19.408211973285947,17.481796503792168,18.307077101492744,19.686713082685998,15.111542906004006,19.314018354552736,15.993050522023621,14.5515250403523,14.764021267933748,16.18663362160273,19.04334266876485,15.58506002555011,18.307077101492744,14.891106372597035,16.173509977738288,16.864866320252883,18.123313714660462,19.408211973285947,16.869995139299835,18.853348588513395,18.508516526183293,19.662043840862527,20.852341834911496,18.385537386761367,19.43875924538395,21.682258577002536,19.428873461938032,21.47904290232691,21.469154641019287,23.509879795524263,24.832653422459714,26.625469986462214,27.225898258827016,28.870478208716943,29.21992801154719,30.033787390204388,29.027794749171008,27.28377400580792,25.26863259062508,25.64877153003629,23.874252239599045,20.475837174582143,20.323150961403595,23.21277029998789,20.32244436577451,20.272,21.72,23.168,24.616,24.658141393868274,24.65872780578917,24.784135651662336,19.314018354552736,22.14603190190062,21.07552324380109,23.874252239599045,25.281834427113868,25.284116199701344,20.155768429906114,21.51432102112451,24.26248645543156,24.26545793921887,20.71463955756894,22.038768114393324,23.377590038325163,24.728718931638976,23.381290298013923,21.35627647788818,25.26863259062508,23.3205653447767,24.87171252648277,24.608884107167476,25.560834102196274,27.602160658180367,28.599724823851016,30.89410922813603,34.77838506889013,38.49692144834441,34.115984816505005,34.49067829138766,35.7151473887481,34.98084801716505,33.014175758301164,33.05815217158999,32.0373849276123,29.842815299498806,28.109319451029048,30.94947754001673,29.280879921887593,26.22285301030382,29.1030500807046,30.544269315208705,27.512,26.103803879894592,30.544269315208705,30.713755761873212,26.693740689532444,28.109319451029048,29.528042535867495,28.111371720355447,25.64877153003629,27.041525863012982,28.439799032341984,29.842815299498806,31.249935823934102,26.090242850537056,30.223085812008012,26.093558438817805,26.602537942835454,27.947802507531787,30.6664176094959,27.181652635555476,29.82959818703564,27.823414905435314,31.731318299118932,28.52359647730279,31.057338005695208
21.615,29.793984510300064,27.602160658180367,25.550942546215392,15.917000502607268,13.288407617167678,16.342699899343437,9.11812107838013,8.413225362487326,12.364359465819488,4.559060539190065,9.153538550746372,6.469403991095316,4.085674974835859,4.085674974835859,24.658141393868274,24.648158491051618,23.21277029998789,18.8790745800741,14.5515250403523,2.0428374874179296,0.0,10.537761621900545,16.50422712519432,8.171349949671718,7.205,10.406756459147106,10.190401022530958,12.90124211074267,15.530465672348656,14.41,20.636390478957313,23.772387343302313,23.237167469379738,26.929490229114997,29.728752025606457,33.54695993678116,30.261,37.62938729238094,33.28295810170725,20.81351291829421,16.46005640938086,16.342699899343437,11.63163071112559,12.257024924507578,11.286867102965287,8.171349949671718,11.019384057196662,7.792530012775055,10.537761621900545,7.382010633966874,11.673283042914706,2.896,7.24,8.688,3.234701995547658,3.2391691836024865,5.213085458727874,11.937126119799522,5.203378229573553,8.432433160126442,6.450621055371335,10.426170917455748,11.66028267238835,9.11812107838013,9.675931583057004,11.277008291209153,10.982618312588306,14.299862411925508,12.319298681337342,13.612949129413508,14.435239104358471,15.050529425903928,17.617792029650026,16.87606189251509,17.426181480749015,18.075827643568633,17.532828636589134,25.18566322334991,30.101058851807856,26.484186980158555,22.820129557038012,16.479702454838193,18.853348588513395,16.864866320252883,17.481796503792168,18.810566206257587,14.249797191539253,18.307077101492744,14.764021267933748,13.032,13.11142650515191,14.5515250403523,17.435649027208594,13.730307826119558,16.50422712519432,12.938807982190632,14.249797191539253,14.891106372597035,16.173509977738288,17.481796503792168,14.895947401894247,16.864866320252883,16.479702454838193,17.64703853341971,18.853348588513395,16.342699899343437,17.399074917937448,19.662043840862527,17.389192534445066,19.43875924538395,19.428873461938032,21.469154641019287,22.820129557038012,24.589153564122533,25.23967608746198,26.8497562186326,27.225898258827016,28.022853530645303,27.0978239901288,26.888893636592783,24.589696704107595,24.728718931638976,22.883846376865932,19.314018354552736,19.04334266876485,21.910370238770497,19.041831844651924,18.8790745800741,20.323150961403595,21.767748643348487,23.21277029998789,23.168,23.16800215814907,23.21277029998789,17.613384115495805,20.475837174582143,19.314018354552736,22.14603190190062,23.567871202126,23.569707528944857,18.307077101492744,19.686713082685998,22.471806691941794,22.47437376213184,18.810566206257587,20.155768429906114,21.51432102112451,22.883846376865932,21.517672016275366,19.408211973285947,23.377590038325163,21.35627647788818,22.85908871761952,22.573734205930574,23.51976991809231,25.560834102196274,26.556887336433086,28.870478208716943,32.73929457089752,38.16052410541553,33.86060130889586,34.115984816505005,35.29407706683942,34.49067829138766,32.49497511923959,32.347019955476576,31.17012005110022,28.838575901039217,27.041525863012982,29.842815299498806,28.109319451029048,24.992714638470147,27.849568632206854,29.280879921887593,26.103803879894592,24.616,28.99582868276056,29.1030500807046,24.992714638470147,26.42007617324371,27.849568632206854,26.421714270652462,23.874252239599045,25.281834427113868,26.693740689532444,28.109319451029048,29.528042535867495,24.26248645543156,28.439799032341984,24.26545793921887,24.728718931638976,26.090242850537056,28.838575901039217,25.26863259062508,27.947802507531787,25.877615964381263,29.82959818703564,26.550916839160188,29.112317959928923
26.511158122571707,25.23967608746198,23.8735569406823,22.795302695950323,20.64961580756407,20.5204099617917,14.482568971007872,17.399074917937448,11.63163071112559,7.349063137570666,13.64188700290396,5.943096835825578,7.217619552179236,9.254258263091646,14.249797191539253,15.111542906004006,15.101961097817727,13.730307826119558,9.704105986642974,6.128512462253789,9.704105986642974,10.537761621900545,0.0,5.968563059899761,5.213085458727874,11.019384057196662,7.217619552179236,11.286867102965287,9.675931583057004,12.319298681337342,15.350351136048975,18.23624215676026,20.636390478957313,21.43380218253402,23.237167469379738,24.539757802390795,27.721471407556994,29.195001918136605,30.550464742782555,28.82,29.64369538367307,25.733406012418957,26.065427293639363,20.540110637481973,22.073462800385446,21.35627647788818,18.123313714660462,21.51432102112451,18.307077101492744,21.07552324380109,17.905689179699284,22.14603190190062,13.346870344766222,17.613384115495805,19.04334266876485,13.11142650515191,13.110331231513564,14.48,21.72,13.11142650515191,17.435649027208594,13.346870344766222,19.04334266876485,20.475837174582143,14.249797191539253,15.58506002555011,18.307077101492744,16.173509977738288,21.51432102112451,16.864866320252883,19.408211973285947,20.71463955756894,18.508516526183293,23.3205653447767,20.540110637481973,21.682258577002536,22.85908871761952,19.428873461938032,28.599724823851016,32.04875691817079,34.77838506889013,31.685398040737947,26.550916839160188,29.112317959928923,27.181652635555476,27.947802507531787,29.302861856822105,24.728718931638976,28.838575901039217,25.281834427113868,23.346566085829412,23.21277029998789,24.658141393868274,27.549711885970783,23.21277029998789,26.103803879894592,21.910370238770497,23.346566085829412,23.567871202126,24.992714638470147,26.42007617324371,23.569707528944857,25.281834427113868,24.26248645543156,25.64877153003629,27.041525863012982,23.377590038325163,24.728718931638976,27.460615652239117,23.94798465424596,26.602537942835454,25.877615964381263,27.823414905435314,28.071523382246287,30.50551256740329,29.793984510300064,32.0976227312865,31.82668270492544,32.95940490967639,30.642562311268946,36.95578472986333,34.963593007584336,35.24274677149896,33.41485156333932,29.842815299498806,29.528042535867495,32.37326724320546,29.526092122053672,29.280879921887593,30.713755761873212,32.14798695097409,33.583399842779464,33.4284660132648,33.42760535844589,33.33516007161207,27.512,30.408,28.99582868276056,31.88857502303921,33.33516007161207,33.33559384501797,27.662539073628075,29.1030500807046,31.986101044047242,31.9870036108417,27.849568632206854,29.280879921887593,30.713755761873212,32.14798695097409,30.715164870141916,28.109319451029048,32.37326724320546,29.842815299498806,30.6664176094959,29.82959818703564,30.415540517965486,32.347019955476576,33.014175758301164,34.115984816505005,38.49692144834441,48.13102720698988,43.70975873875307,44.14692560077089,45.388063981624065,44.6733191177911,42.71255295577636,42.74939157461776,41.66707712331164,39.373426165371995,37.579084195866194,40.376289886516325,38.62803670910547,35.49103448759982,38.33123959644404,39.754361282757394,36.45721230428898,34.87129805441719,39.122547169119755,39.096,34.781862874205,36.22866932416922,37.67556748079583,36.22906845338422,33.4284660132648,34.87129805441719,36.31454149510909,37.7581491601482,39.202080812120165,33.583399842779464,37.8953853786975,33.58468854999254,33.79911407122974,35.22676823099161,38.0866853375297,34.07445437567563,36.91005316983437,34.40798936293721,38.62803670910547,34.798045706619796,37.579084195866194
30.43815086367764,24.166024414454274,23.461659617341653,23.10142506426822,24.832653422459714,25.560834102196274,16.435465828506352,22.85908871761952,16.342699899343437,9.675931583057004,19.408211973285947,10.214187437089647,12.435856263241385,14.891106372597035,20.155768429906114,10.426170917455748,10.417839507306686,9.254258263091646,6.450621055371335,5.943096835825578,15.58506002555011,16.50422712519432,5.968563059899761,0.0,10.237918587291071,16.18663362160273,11.019384057196662,15.58506002555011,12.435856263241385,14.299862411925508,18.853348588513395,19.632708855377036,21.29938461552352,22.820129557038012,23.29569850852298,23.461659617341653,25.978386170045283,30.43815086367764,27.721471407556994,27.98494068244562,34.987403004510064,31.278512752367238,31.751603817760138,26.065427293639363,27.823414905435314,27.181652635555476,23.94798465424596,27.460615652239117,24.26248645543156,27.041525863012982,23.874252239599045,28.109319451029048,19.314018354552736,23.567871202126,24.992714638470147,19.04334266876485,19.041831844651924,20.323150961403595,27.549711885970783,18.824,23.168,18.8790745800741,24.658141393868274,26.103803879894592,19.314018354552736,20.72781495961405,23.567871202126,21.07552324380109,26.693740689532444,21.51432102112451,24.26248645543156,25.64877153003629,22.642913968833604,27.947802507531787,24.589696704107595,25.877615964381263,27.181652635555476,22.85908871761952,32.0976227312865,34.72823728610481,39.85337176450695,37.017033052366585,32.347019955476576,34.963593007584336,33.05815217158999,33.87771420860622,35.24274677149896,30.6664176094959,34.798045706619796,31.249935823934102,29.280879921887593,29.1030500807046,30.544269315208705,33.4284660132648,28.96,31.856,27.549711885970783,28.99582868276056,29.1030500807046,30.544269315208705,31.986101044047242,29.10404205604438,30.713755761873212,29.528042535867495,30.94947754001673,32.37326724320546,28.439799032341984,29.842815299498806,32.66063013782802,28.838575901039217,31.613284865701633,30.6664176094959,32.51985928628843,32.347019955476576,34.963593007584336,33.729732640505766,36.246627429320924,35.7151473887481,36.95578472986333,34.115984816505005,42.71255295577636,40.84882011759948,41.19092347835867,39.373426165371995,35.81137835939857,35.49103448759982,38.33123959644404,35.48900574825956,35.22676823099161,36.65601855084646,38.0866853375297,39.518614753050244,39.33427951545573,39.33318172993382,39.202080812120165,33.33516007161207,36.22866932416922,34.752,37.648,39.096,39.09600127890319,33.33516007161207,34.781862874205,37.67556748079583,37.675951281951725,33.4284660132648,34.87129805441719,36.31454149510909,37.7581491601482,36.315336484741536,33.583399842779464,37.8953853786975,35.22676823099161,35.81137835939857,34.798045706619796,35.24274677149896,37.09307839745847,37.62113241251517,38.211015492917745,42.71255295577636,53.82039146085803,49.35694386811242,49.871200196105164,51.13741832552754,50.462973356709774,48.520529933214874,48.64008463191651,47.60448240449632,45.33462871801202,43.54564097587725,46.344658030888525,44.59575281346868,41.4556299192281,44.29206380380124,45.7130819350435,42.38574949201677,40.77381837650234,44.98042316386096,44.91112362210503,40.544,41.992,43.44,41.99200119070298,39.122547169119755,40.5695996652666,42.016717446749695,43.46389399260035,44.91112362210503,39.202080812120165,43.53549728669697,39.202817245703145,39.33427951545573,40.77381837650234,43.6545751210569,39.518614753050244,42.38574949201677,39.754361282757394,44.03346028873952,40.040611034298664,42.87285131642168
27.98494068244562,30.033787390204388,28.4565178649813,27.0978239901288,22.047189412712,20.64961580756407,18.23624215676026,16.826450724974652,13.04958485929725,11.63163071112559,12.416326711229857,9.11812107838013,8.646,9.11812107838013,12.257024924507578,20.155768429906114,20.14642948514699,18.810566206257587,14.891106372597035,11.286867102965287,8.413225362487326,8.171349949671718,5.213085458727874,10.237918587291071,0.0,5.968563059899761,2.882,6.128512462253789,5.764,8.646,10.406756459147106,14.482568971007872,17.292,17.532828636589134,20.22589874393719,22.37756664608554,25.9920055594023,25.17241094929129,29.706064094726518,26.299242954883702,28.870478208716943,24.589153564122533,24.514049849015155,19.632708855377036,20.428374874179294,19.43875924538395,16.342699899343437,18.853348588513395,15.639256376183619,18.123313714660462,14.891106372597035,18.810566206257587,10.426170917455748,14.249797191539253,15.58506002555011,9.704105986642974,9.699655303153818,10.537761621900545,17.613384115495805,8.806692057747902,13.11142650515191,8.688,14.48,15.928,9.153538550746372,10.537761621900545,13.346870344766222,11.019384057196662,16.50422712519432,11.66028267238835,14.249797191539253,15.58506002555011,13.322605300766064,18.123313714660462,15.36022867668317,16.479702454838193,17.64703853341971,14.435239104358471,23.509879795524263,27.225898258827016,34.422890291200126,30.89410922813603,24.608884107167476,26.888893636592783,24.87171252648277,25.297299480379323,26.550916839160188,22.073462800385446,25.877615964381263,22.038768114393324,19.686713082685998,19.314018354552736,20.72781495961405,23.567871202126,18.8790745800741,21.767748643348487,17.376,18.824,18.8790745800741,20.323150961403595,21.767748643348487,18.87984049191094,20.475837174582143,19.314018354552736,20.72781495961405,22.14603190190062,18.307077101492744,19.686713082685998,22.471806691941794,18.810566206257587,21.51432102112451,20.71463955756894,22.642913968833604,22.85908871761952,25.297299480379323,24.608884107167476,26.888893636592783,26.645210601532128,27.762774789274935,25.550942546215392,34.987403004510064,32.49497511923959,32.347019955476576,30.415540517965486,26.602537942835454,26.090242850537056,28.838575901039217,26.086930674190093,25.64877153003629,27.041525863012982,28.439799032341984,29.842815299498806,29.528042535867495,29.526092122053672,29.280879921887593,23.346566085829412,26.22285301030382,24.658141393868274,27.549711885970783,28.99582868276056,28.995333434882244,23.168,24.616,27.512,27.512001817388715,23.21277029998789,24.658141393868274,26.103803879894592,27.549711885970783,26.104357816272746,23.346566085829412,27.662539073628075,24.992714638470147,25.64877153003629,24.728718931638976,25.26863259062508,27.181652635555476,27.823414905435314,28.90967810267005,33.284161894210285,46.27129131545823,42.00493276985455,42.2129868642341,43.36451715400507,42.51828445504358,40.505994025576015,40.183227595602624,38.816423946571895,36.28780120095457,34.394762639099575,37.09307839745847,35.24274677149896,32.0373849276123,34.798045706619796,36.18631057458055,32.66063013782802,30.94947754001673,35.01984912874411,34.87129805441719,30.442124515217397,31.88857502303921,33.33516007161207,31.888124701838457,28.96,30.408,31.856,33.304,34.752,28.99582868276056,33.33516007161207,28.996327370893024,29.1030500807046,30.544269315208705,33.4284660132648,29.280879921887593,32.14798695097409,29.528042535867495,33.79911407122974,29.842815299498806,32.66063013782802
28.82,34.77838506889013,32.92011281876172,31.220269377441316,23.10142506426822,20.380802045061916,22.025311462042936,16.11338006130309,15.050529425903928,16.342699899343437,11.618583734689869,13.312734993231107,11.63163071112559,10.494493079706137,10.494493079706137,26.090242850537056,26.080808116314188,24.728718931638976,20.71463955756894,16.864866320252883,8.766414318294567,7.205,11.019384057196662,16.18663362160273,5.968563059899761,0.0,5.968563059899761,3.2253105276856675,7.2274195256675124,9.244419343582376,7.205,13.677181617570193,16.87606189251509,16.11338006130309,20.083398342909998,23.26326142225118,27.225898258827016,23.056,31.797122401248828,26.511158122571707,27.0978239901288,22.577173693799672,22.025311462042936,18.23624215676026,18.075827643568633,16.826450724974652,14.203599015742453,15.350351136048975,12.416326711229857,14.299862411925508,11.277008291209153,14.454839051335025,7.765232836174328,10.214187437089647,11.286867102965287,6.450621055371335,6.441687046108341,6.128512462253789,12.364359465819488,4.085674974835859,7.792530012775055,3.234701995547658,8.806692057747902,10.237918587291071,3.234701995547658,4.576769275373186,7.382010633966874,5.213085458727874,10.537761621900545,6.128512462253789,8.432433160126442,9.704105986642974,8.413225362487326,12.435856263241385,10.406756459147106,11.277008291209153,12.257024924507578,10.494493079706137,18.81469364619047,23.29569850852298,32.947854937764916,29.027794749171008,21.65285865653771,23.509879795524263,21.469154641019287,21.47904290232691,22.573734205930574,18.385537386761367,21.682258577002536,17.64703853341971,14.891106372597035,14.249797191539253,15.58506002555011,18.307077101492744,13.346870344766222,16.18663362160273,11.673283042914706,13.11142650515191,13.032,14.48,15.928,13.032003836709073,14.5515250403523,13.346870344766222,14.764021267933748,16.18663362160273,12.364359465819488,13.730307826119558,16.50422712519432,12.938807982190632,15.58506002555011,14.891106372597035,16.864866320252883,17.399074917937448,19.662043840862527,19.428873461938032,21.47904290232691,21.469154641019287,22.471212361597228,20.81351291829421,31.67550372133015,28.682463091582633,28.071523382246287,26.065427293639363,22.073462800385446,21.35627647788818,23.94798465424596,21.351555095589642,20.71463955756894,22.038768114393324,23.377590038325163,24.728718931638976,24.26248645543156,24.259518729768732,23.874252239599045,17.905689179699284,20.72781495961405,19.04334266876485,21.910370238770497,23.346566085829412,23.345333752165548,17.435649027208594,18.8790745800741,21.767748643348487,21.767088941794675,17.376,18.824,20.272,21.72,20.272002466456044,17.435649027208594,21.767748643348487,19.04334266876485,19.686713082685998,18.810566206257587,19.408211973285947,21.35627647788818,22.073462800385446,23.51976991809231,27.762774789274935,42.89958723577652,38.857746923876064,38.81391226094066,39.85337176450695,38.8775184907679,36.83765943976354,36.13709762833756,34.49067829138766,31.751603817760138,29.78221274519407,32.347019955476576,30.415540517965486,27.181652635555476,29.82959818703564,31.17012005110022,27.460615652239117,25.64877153003629,29.528042535867495,29.280879921887593,24.784135651662336,26.22285301030382,27.662539073628075,26.221755852726567,23.21277029998789,24.658141393868274,26.103803879894592,27.549711885970783,28.99582868276056,23.168,27.512,23.16800215814907,23.21277029998789,24.658141393868274,27.549711885970783,23.346566085829412,26.22285301030382,23.567871202126,27.849568632206854,23.874252239599045,26.693740689532444
30.81031296497976,32.42738066819459,30.972246302133144,29.728752025606457,24.879174926030004,23.29569850852298,20.988986159412274,19.351863166114008,15.917000502607268,14.203599015742453,14.853032047363259,11.886193671651156,11.528,11.886193671651156,14.435239104358471,21.35627647788818,21.347462729795314,20.091613797801312,16.479702454838193,13.312734993231107,10.982618312588306,10.406756459147106,7.217619552179236,11.019384057196662,2.882,5.968563059899761,0.0,4.576769275373186,2.882,5.764,8.171349949671718,11.618583734689869,14.41,14.698126275141332,17.352520508560133,19.607971669706178,23.29569850852298,22.37756664608554,27.225898258827016,23.461659617341653,31.220269377441316,26.8497562186326,26.625469986462214,22.025311462042936,22.554016582418306,21.469154641019287,18.48883868716475,20.540110637481973,17.399074917937448,19.662043840862527,16.479702454838193,20.091613797801312,12.257024924507578,15.639256376183619,16.864866320252883,11.286867102965287,11.280486204060534,11.66028267238835,18.307077101492744,9.704105986642974,13.730307826119558,9.153538550746372,14.764021267933748,16.18663362160273,8.688,10.136,13.032,10.237918587291071,15.993050522023621,10.537761621900545,13.346870344766222,14.764021267933748,11.66028267238835,16.93885710430311,13.64188700290396,14.891106372597035,16.173509977738288,12.257024924507578,21.47904290232691,24.832653422459714,36.86949660627332,33.22578241366184,26.556887336433086,28.682463091582633,26.645210601532128,26.888893636592783,28.071523382246287,23.70635096340219,27.28377400580792,23.3205653447767,20.71463955756894,20.155768429906114,21.51432102112451,24.26248645543156,19.314018354552736,22.14603190190062,17.613384115495805,19.04334266876485,18.8790745800741,20.323150961403595,21.767748643348487,18.878313934247412,20.272,18.8790745800741,20.323150961403595,21.767748643348487,17.613384115495805,19.04334266876485,21.910370238770497,17.905689179699284,20.72781495961405,19.686713082685998,21.51432102112451,21.35627647788818,23.94798465424596,22.85908871761952,25.297299480379323,24.87171252648277,26.065427293639363,23.51976991809231,36.83765943976354,34.115984816505005,33.729732640505766,31.751603817760138,27.823414905435314,27.181652635555476,29.82959818703564,27.177413048338504,26.602537942835454,27.947802507531787,29.302861856822105,30.6664176094959,30.223085812008012,30.220226604047824,29.842815299498806,23.874252239599045,26.693740689532444,24.992714638470147,27.849568632206854,29.280879921887593,29.279405202291937,23.346566085829412,24.784135651662336,27.662539073628075,27.66149901939517,23.21277029998789,24.658141393868274,26.103803879894592,27.549711885970783,26.10325376270169,23.168,27.512,24.658141393868274,24.992714638470147,23.874252239599045,24.26248645543156,26.090242850537056,26.602537942835454,27.28377400580792,31.751603817760138,48.119193717268374,43.93782945253441,44.042579579311656,45.14746841186115,44.24150929839532,42.2129868642341,41.70468366982299,40.183227595602624,37.52558700406964,35.581721951024235,38.196278679997086,36.28780120095457,33.05815217158999,35.74005283991617,37.09307839745847,33.41485156333932,31.613284865701633,35.49103448759982,35.22676823099161,30.713755761873212,32.14798695097409,33.583399842779464,32.14664375949688,29.1030500807046,30.544269315208705,31.986101044047242,33.4284660132648,34.87129805441719,28.99582868276056,33.33516007161207,28.995333434882244,28.96,30.408,33.304,28.99582868276056,31.88857502303921,29.1030500807046,33.4284660132648,29.280879921887593,32.14798695097409
31.735051725182363,36.08809776089618,34.422890291200126,32.92861345395521,25.938,23.461659617341653,23.8735569406823,19.230070852703587,17.532828636589134,17.617792029650026,14.698126275141332,14.853032047363259,13.677181617570193,13.04958485929725,13.677181617570193,25.877615964381263,25.868663436675654,24.589696704107595,20.852341834911496,17.399074917937448,11.528,10.190401022530958,11.286867102965287,15.58506002555011,6.128512462253789,3.2253105276856675,4.576769275373186,0.0,4.576769275373186,6.128512462253789,4.559060539190065,10.494493079706137,13.677181617570193,13.04958485929725,16.87606189251509,20.043746156844033,24.017145958668777,20.22589874393719,28.66271447368515,23.29569850852298,30.32231298895254,25.80248422148534,25.23967608746198,21.43380218253402,21.29938461552352,20.043746156844033,17.426181480749015,18.48883868716475,15.610134688720658,17.389192534445066,14.435239104358471,17.399074917937448,10.982618312588306,13.312734993231107,14.299862411925508,9.675931583057004,9.66699705182535,9.244419343582376,14.891106372597035,7.217619552179236,10.426170917455748,6.128512462253789,11.019384057196662,12.364359465819488,4.576769275373186,5.968563059899761,8.806692057747902,5.792,11.584,5.968563059899761,8.806692057747902,10.237918587291071,7.2274195256675124,12.364359465819488,9.254258263091646,10.426170917455748,11.66028267238835,8.413225362487326,17.389192534445066,21.29938461552352,36.1680639376785,32.25310527685668,24.832653422459714,26.625469986462214,24.589153564122533,24.514049849015155,25.560834102196274,21.469154641019287,24.608884107167476,20.540110637481973,17.64703853341971,16.864866320252883,18.123313714660462,20.71463955756894,15.58506002555011,18.307077101492744,13.730307826119558,15.111542906004006,14.764021267933748,16.18663362160273,17.613384115495805,14.762072483225381,15.993050522023621,14.48,15.928,17.376,13.11142650515191,14.5515250403523,17.435649027208594,13.346870344766222,16.18663362160273,15.111542906004006,16.93885710430311,16.864866320252883,19.408211973285947,18.508516526183293,20.852341834911496,20.540110637481973,21.682258577002536,19.428873461938032,34.77838506889013,31.685398040737947,30.93335974316401,28.90967810267005,24.87171252648277,24.06551360349494,26.550916839160188,24.060126038738865,23.3205653447767,24.589696704107595,25.877615964381263,27.181652635555476,26.602537942835454,26.598747808872506,26.090242850537056,20.155768429906114,22.883846376865932,21.07552324380109,23.874252239599045,25.281834427113868,25.279556404335896,19.314018354552736,20.72781495961405,23.567871202126,23.566038975610645,19.04334266876485,20.475837174582143,21.910370238770497,23.346566085829412,21.909057122569198,18.8790745800741,23.21277029998789,20.272,20.475837174582143,19.314018354552736,19.686713082685998,21.51432102112451,22.038768114393324,22.85908871761952,27.28377400580792,45.970242385699905,41.975313554516774,41.885674412619885,42.89958723577652,41.895570935362606,39.85337176450695,39.04804057824157,37.30756878972416,34.49067829138766,32.49497511923959,34.98084801716505,33.014175758301164,29.78221274519407,32.347019955476576,33.64958490085725,29.82959818703564,27.947802507531787,31.613284865701633,31.249935823934102,26.693740689532444,28.109319451029048,29.528042535867495,28.10727058965349,24.992714638470147,26.42007617324371,27.849568632206854,29.280879921887593,30.713755761873212,24.784135651662336,29.1030500807046,24.78297480126226,24.658141393868274,26.103803879894592,28.99582868276056,24.616,27.512,24.658141393868274,28.99582868276056,24.784135651662336,27.662539073628075
33.645292583064276,34.89489213337677,33.54695993678116,32.40242548020132,27.721471407556994,25.9920055594023,23.772387343302313,21.965236625176612,18.788879503578706,16.87606189251509,17.426181480749015,14.698126275141332,14.41,14.698126275141332,16.826450724974652,22.85908871761952,22.850854622967606,21.682258577002536,18.385537386761367,15.610134688720658,13.677181617570193,12.90124211074267,9.675931583057004,12.435856263241385,5.764,7.2274195256675124,2.882,4.576769275373186,0.0,2.882,6.469403991095316,8.766414318294567,11.528,11.886193671651156,14.482568971007872,16.87606189251509,20.64961580756407,19.607971669706178,24.832653422459714,20.636390478957313,33.652901449949304,29.21992801154719,28.870478208716943,24.52340272066664,24.832653422459714,23.676902014410587,20.81351291829421,22.471212361597228,19.428873461938032,21.47904290232691,18.385537386761367,21.682258577002536,14.435239104358471,17.399074917937448,18.508516526183293,13.312734993231107,13.305159638275672,13.322605300766064,19.408211973285947,11.286867102965287,14.891106372597035,10.426170917455748,15.58506002555011,16.93885710430311,9.153538550746372,10.537761621900545,13.346870344766222,10.237918587291071,15.993050522023621,10.136,13.032,14.48,10.537761621900545,16.18663362160273,12.364359465819488,13.730307826119558,15.111542906004006,10.426170917455748,19.662043840862527,22.554016582418306,39.3750686602576,35.63805686341499,28.66271447368515,30.642562311268946,28.599724823851016,28.682463091582633,29.793984510300064,25.560834102196274,28.90967810267005,24.87171252648277,22.073462800385446,21.35627647788818,22.642913968833604,25.26863259062508,20.155768429906114,22.883846376865932,18.307077101492744,19.686713082685998,19.314018354552736,20.72781495961405,22.14603190190062,19.311782543307597,20.475837174582143,18.8790745800741,20.323150961403595,21.767748643348487,17.376,18.824,21.72,17.435649027208594,20.323150961403595,19.04334266876485,20.72781495961405,20.155768429906114,22.883846376865932,21.35627647788818,23.94798465424596,23.3205653447767,24.589696704107595,21.682258577002536,38.81391226094066,35.89553286970399,35.29407706683942,33.284161894210285,29.278006369969933,28.52359647730279,31.057338005695208,28.51854582547995,27.823414905435314,29.112317959928923,30.415540517965486,31.731318299118932,31.17012005110022,31.166423022220563,30.6664176094959,24.728718931638976,27.460615652239117,25.64877153003629,28.439799032341984,29.842815299498806,29.840402560957518,23.874252239599045,25.281834427113868,28.109319451029048,28.10727058965349,23.567871202126,24.992714638470147,26.42007617324371,27.849568632206854,26.41844175949823,23.346566085829412,27.662539073628075,24.658141393868274,24.658141393868274,23.346566085829412,23.567871202126,25.281834427113868,25.64877153003629,25.877615964381263,30.415540517965486,50.064888454884226,45.970242385699905,45.98013940822712,47.03953983618462,46.08068603004951,44.042579579311656,43.36451715400507,41.70468366982299,38.93772838777321,36.95578472986333,39.47944772916663,37.52558700406964,34.291408034666645,36.88374461737853,38.196278679997086,34.394762639099575,32.51985928628843,36.18631057458055,35.81137835939857,31.249935823934102,32.66063013782802,34.07445437567563,32.65842557442107,29.528042535867495,30.94947754001673,32.37326724320546,33.79911407122974,35.22676823099161,29.280879921887593,33.583399842779464,29.279405202291937,29.1030500807046,30.544269315208705,33.4284660132648,28.99582868276056,31.88857502303921,28.96,33.304,28.99582868276056,31.88857502303921
36.48764022240956,37.421702593548574,36.1680639376785,35.10908009333198,30.571203067592876,28.72439703457672,26.576815234335356,24.638597362674684,21.663446840242205,19.607971669706178,20.083398342909998,17.532828636589134,17.292,17.532828636589134,19.351863166114008,24.608884107167476,24.60123568034744,23.51976991809231,20.5204099617917,18.075827643568633,16.435465828506352,15.530465672348656,12.319298681337342,14.299862411925508,8.646,9.244419343582376,5.764,6.128512462253789,2.882,0.0,5.792,5.943096835825578,8.646,9.11812107838013,11.618583734689869,14.203599015742453,18.075827643568633,16.87606189251509,22.554016582418306,17.829290507476735,36.15165528713727,31.675082083555836,31.220269377441316,27.0978239901288,27.225898258827016,26.016891147867764,23.26326142225118,24.589153564122533,21.65285865653771,23.509879795524263,20.5204099617917,23.51976991809231,16.826450724974652,19.428873461938032,20.428374874179294,15.610134688720658,15.601827617301762,15.350351136048975,20.852341834911496,13.312734993231107,16.479702454838193,12.257024924507578,16.864866320252883,18.123313714660462,10.426170917455748,11.66028267238835,14.249797191539253,11.019384057196662,16.50422712519432,10.537761621900545,13.346870344766222,14.764021267933748,10.136,15.928,11.673283042914706,13.11142650515191,14.5515250403523,9.153538550746372,18.123313714660462,20.428374874179294,41.92903685991368,38.115632291751375,30.89410922813603,32.73929457089752,30.70070227209795,30.642562311268946,31.685398040737947,27.5922679749237,30.72045735336634,26.645210601532128,23.70635096340219,22.85908871761952,24.06551360349494,26.550916839160188,21.35627647788818,23.94798465424596,19.408211973285947,20.71463955756894,20.155768429906114,21.51432102112451,22.883846376865932,20.152195934934735,21.07552324380109,19.314018354552736,20.72781495961405,22.14603190190062,17.613384115495805,19.04334266876485,21.910370238770497,17.435649027208594,20.323150961403595,18.824,20.323150961403595,19.314018354552736,22.14603190190062,20.155768429906114,22.883846376865932,22.038768114393324,23.377590038325163,20.091613797801312,40.89790049623574,37.811241555918265,37.017033052366585,34.987403004510064,30.93335974316401,30.082565050208068,32.49497511923959,30.07681798329072,29.278006369969933,30.50551256740329,31.751603817760138,33.014175758301164,32.347019955476576,32.34256637930886,31.731318299118932,25.877615964381263,28.499594383078506,26.602537942835454,29.302861856822105,30.6664176094959,30.66312979785332,24.728718931638976,26.090242850537056,28.838575901039217,28.83557941155336,24.26248645543156,25.64877153003629,27.041525863012982,28.439799032341984,27.038863160273586,23.874252239599045,28.109319451029048,24.992714638470147,24.658141393868274,23.168,23.21277029998789,24.784135651662336,24.992714638470147,24.728718931638976,29.302861856822105,52.097419859336604,48.08955563321416,48.01259701370048,49.02809969803031,48.02249423967897,45.98013940822712,45.14746841186115,43.36451715400507,40.505994025576015,38.49692144834441,40.925661008711884,38.93772838777321,35.7151473887481,38.211015492917745,39.47944772916663,35.581721951024235,33.64958490085725,37.09307839745847,36.61415420298549,32.0373849276123,33.41485156333932,34.798045706619796,33.41183420586185,30.223085812008012,31.613284865701633,33.00845425038864,34.40798936293721,35.81137835939857,29.842815299498806,34.07445437567563,29.840402560957518,29.528042535867495,30.94947754001673,33.79911407122974,29.280879921887593,32.14798695097409,29.1030500807046,33.4284660132648,28.99582868276056,31.88857502303921
36.025,40.43778768676645,38.851157421626446,37.421702593548574,30.29562385890081,27.53173545201973,28.407198031484906,23.237167469379738,22.047189412712,22.025311462042936,18.788879503578706,19.351863166114008,18.23624215676026,17.532828636589134,17.532828636589134,29.278006369969933,29.269599194385975,28.071523382246287,24.608884107167476,21.469154641019287,15.917000502607268,14.41,15.350351136048975,18.853348588513395,10.406756459147106,7.205,8.171349949671718,4.559060539190065,6.469403991095316,5.792,0.0,7.217619552179236,10.406756459147106,9.11812107838013,13.612949129413508,17.389192534445066,21.469154641019287,15.851,26.645210601532128,20.043746156844033,33.75212378503018,29.195001918136605,28.407198031484906,25.17241094929129,24.638597362674684,23.29569850852298,20.988986159412274,21.29938461552352,18.746489378014218,20.043746156844033,17.426181480749015,19.632708855377036,14.698126275141332,16.12655263842834,16.826450724974652,13.288407617167678,13.278648161616452,12.319298681337342,16.342699899343437,10.494493079706137,12.416326711229857,9.11812107838013,12.257024924507578,13.322605300766064,6.450621055371335,7.217619552179236,9.254258263091646,6.128512462253789,11.019384057196662,5.213085458727874,7.792530012775055,9.153538550746372,4.344,10.136,5.968563059899761,7.382010633966874,8.806692057747902,4.085674974835859,13.322605300766064,16.826450724974652,39.667797770987995,35.61308008302568,27.747721221750805,29.21992801154719,27.225898258827016,26.8497562186326,27.733258030747127,24.017145958668777,26.625469986462214,22.554016582418306,19.428873461938032,18.385537386761367,19.43875924538395,21.682258577002536,16.479702454838193,18.853348588513395,14.454839051335025,15.639256376183619,14.891106372597035,16.173509977738288,17.481796503792168,14.886270486592672,15.58506002555011,13.730307826119558,15.111542906004006,16.50422712519432,11.937126119799522,13.346870344766222,16.18663362160273,11.673283042914706,14.5515250403523,13.032,14.5515250403523,13.730307826119558,16.50422712519432,14.891106372597035,17.481796503792168,16.864866320252883,18.123313714660462,15.36022867668317,37.24898013368957,33.831024873627456,32.68539979868687,30.642562311268946,26.556887336433086,25.560834102196274,27.762774789274935,25.55407012591145,24.608884107167476,25.733406012418957,26.888893636592783,28.071523382246287,27.28377400580792,27.278493800061618,26.550916839160188,20.852341834911496,23.3205653447767,21.35627647788818,23.94798465424596,25.26863259062508,25.26464234854711,19.408211973285947,20.71463955756894,23.377590038325163,23.373893471135695,18.810566206257587,20.155768429906114,21.51432102112451,22.883846376865932,21.510974152743525,18.307077101492744,22.471806691941794,19.314018354552736,18.8790745800741,17.376,17.435649027208594,19.04334266876485,19.314018354552736,19.408211973285947,23.94798465424596,48.25295452094099,44.46496059820586,44.19234322821093,45.10803316483661,44.012953195621854,41.975313554516774,40.85674974835859,38.8775184907679,35.89553286970399,33.86060130889586,36.13709762833756,34.115984816505005,30.93335974316401,33.284161894210285,34.49067829138766,30.50551256740329,28.52359647730279,31.731318299118932,31.17012005110022,26.602537942835454,27.947802507531787,29.302861856822105,27.94419483542154,24.728718931638976,26.090242850537056,27.460615652239117,28.838575901039217,30.223085812008012,24.26248645543156,28.439799032341984,24.259518729768732,23.874252239599045,25.281834427113868,28.109319451029048,23.567871202126,26.42007617324371,23.346566085829412,27.662539073628075,23.21277029998789,26.103803879894592
42.01417447719281,43.22149494175323,42.04112073910495,41.031544852710574,36.141215267337095,33.9245640944729,32.51821649475875,29.71548417912789,27.379,25.544482946421134,25.17241094929129,23.461659617341653,23.10142506426822,23.10142506426822,24.166024414454274,29.633801797946887,29.626961859090446,28.66271447368515,26.016891147867764,23.8735569406823,21.808141621880576,20.636390478957313,18.23624215676026,19.632708855377036,14.482568971007872,13.677181617570193,11.618583734689869,10.494493079706137,8.766414318294567,5.943096835825578,7.217619552179236,0.0,3.2253105276856675,3.2253105276856675,6.450621055371335,10.214187437089647,14.299862411925508,10.982618312588306,19.662043840862527,12.90124211074267,40.71120656526898,36.1680639376785,35.478415804542344,31.91342377433045,31.629502430484106,30.32231298895254,27.848129919260288,28.4565178649813,25.80248422148534,27.225898258827016,24.52340272066664,26.8497562186326,21.43380218253402,23.26326142225118,24.017145958668777,20.083398342909998,20.07407106194456,19.351863166114008,23.509879795524263,17.426181480749015,19.632708855377036,16.12655263842834,19.428873461938032,20.428374874179294,13.612949129413508,14.435239104358471,16.342699899343437,13.312734993231107,17.64703853341971,12.257024924507578,14.454839051335025,15.639256376183619,10.426170917455748,15.58506002555011,11.019384057196662,12.364359465819488,13.730307826119558,7.792530012775055,14.764021267933748,15.639256376183619,46.59139701704596,42.61079704722736,34.89489213337677,36.42364760701487,34.422890291200126,34.067046026915804,34.94807635621738,31.220269377441316,33.831024873627456,29.76444375425148,26.625469986462214,25.550942546215392,26.556887336433086,28.682463091582633,23.51976991809231,25.733406012418957,21.47904290232691,22.573734205930574,21.682258577002536,22.85908871761952,24.06551360349494,21.676278670472936,22.073462800385446,20.091613797801312,21.35627647788818,22.642913968833604,18.123313714660462,19.408211973285947,22.038768114393324,17.481796503792168,20.155768429906114,18.307077101492744,19.314018354552736,17.435649027208594,20.323150961403595,17.435649027208594,20.323150961403595,19.04334266876485,20.475837174582143,16.50422712519432,44.46496059820586,41.0408199235834,39.84347555121165,37.801345703559285,33.71734320791008,32.68539979868687,34.798149835874895,32.67834665340338,31.685398040737947,32.75905494668611,33.86060130889586,34.987403004510064,34.115984816505005,34.110072412705314,33.284161894210285,27.762774789274935,30.082565050208068,28.071523382246287,30.50551256740329,31.751603817760138,31.746612811448088,26.065427293639363,27.28377400580792,29.78221274519407,29.777375572739786,25.297299480379323,26.550916839160188,27.823414905435314,29.112317959928923,27.818755130307323,24.589696704107595,28.499594383078506,25.26863259062508,24.26248645543156,22.471806691941794,22.14603190190062,23.346566085829412,23.21277029998789,21.910370238770497,26.42007617324371,55.466516061494254,51.68139882975305,51.40783831284875,52.31746859319553,51.21436385429384,49.178307128245066,48.01259701370048,45.98013940822712,42.95808580465382,40.91767472621092,43.11340924816779,41.08022127496395,37.93131435898313,40.18591475878084,41.34319079364823,37.30756878972416,35.29407706683942,38.211015492917745,37.52558700406964,33.014175758301164,34.291408034666645,35.581721951024235,34.28678674066732,31.057338005695208,32.347019955476576,33.64958490085725,34.963593007584336,36.28780120095457,30.415540517965486,34.394762639099575,30.411277924480583,29.82959818703564,31.17012005110022,33.87771420860622,29.302861856822105,32.0373849276123,28.838575901039217,33.00845425038864,28.439799032341984,31.249935823934102
45.04492762786949,45.2575507180846,44.226586133229866,43.364842637786666,39.14875457789175,37.057819269352585,35.06565727317827,32.870931657012704,30.29562385890081,27.98494068244562,28.320085469503795,26.0991697185945,25.938,26.0991697185945,27.354363235140386,30.89410922813603,30.888017174949898,30.033787390204388,27.747721221750805,25.9920055594023,24.879174926030004,23.772387343302313,20.636390478957313,21.29938461552352,17.292,16.87606189251509,14.41,13.677181617570193,11.528,8.646,10.406756459147106,3.2253105276856675,0.0,2.896,3.2253105276856675,7.2274195256675124,11.286867102965287,9.244419343582376,16.864866320252883,9.675931583057004,43.930473250353224,39.389107745669996,38.703726332228015,35.10908009333198,34.85236296149803,33.54695993678116,31.060931344697313,31.675082083555836,29.027794749171008,30.43815086367764,27.747721221750805,30.033787390204388,24.638597362674684,26.484186980158555,27.225898258827016,23.29569850852298,23.28642027019181,22.577173693799672,26.625469986462214,20.64961580756407,22.820129557038012,19.351863166114008,22.554016582418306,23.509879795524263,16.826450724974652,17.617792029650026,19.428873461938032,16.46005640938086,20.540110637481973,15.350351136048975,17.399074917937448,18.508516526183293,13.322605300766064,18.123313714660462,13.64188700290396,14.891106372597035,16.173509977738288,10.426170917455748,15.928,15.58506002555011,49.80621969192202,45.83299572360506,38.115632291751375,39.6259618053619,37.62938729238094,37.24898013368957,38.11147261652323,34.422890291200126,36.9776773743295,32.92011281876172,29.76444375425148,28.66271447368515,29.633801797946887,31.685398040737947,26.556887336433086,28.682463091582633,24.514049849015155,25.560834102196274,24.608884107167476,25.733406012418957,26.888893636592783,24.602444126549706,24.87171252648277,22.85908871761952,24.06551360349494,25.297299480379323,20.852341834911496,22.073462800385446,24.589696704107595,20.091613797801312,22.642913968833604,20.71463955756894,21.51432102112451,19.314018354552736,22.14603190190062,18.8790745800741,21.767748643348487,20.272,21.72,17.435649027208594,47.651493082588715,44.19234322821093,42.938309282038574,40.89790049623574,36.817890990658334,35.759296693307604,37.811241555918265,35.75204385765938,34.72823728610481,35.769192121153644,36.83765943976354,37.93131435898313,37.017033052366585,37.01080539518155,36.13709762833756,30.72045735336634,32.95940490967639,30.93335974316401,33.284161894210285,34.49067829138766,34.485247990988846,28.90967810267005,30.082565050208068,32.49497511923959,32.489654784254014,28.071523382246287,29.278006369969933,30.50551256740329,31.751603817760138,30.50031765408354,27.28377400580792,31.057338005695208,27.823414905435314,26.602537942835454,24.728718931638976,24.26248645543156,25.281834427113868,24.992714638470147,23.168,27.549711885970783,58.62385644087226,54.86622801870018,54.57095670775802,55.466516061494254,54.35091558566424,52.31746859319553,51.101885092430784,49.02809969803031,45.98013940822712,43.93782945253441,46.08068603004951,44.042579579311656,40.91767472621092,43.11340924816779,44.24150929839532,40.18591475878084,38.16052410541553,40.925661008711884,40.183227595602624,35.7151473887481,36.95578472986333,38.211015492917745,36.950716704821836,33.729732640505766,34.98084801716505,36.246627429320924,37.52558700406964,38.816423946571895,33.014175758301164,36.88374461737853,33.00937565298683,32.347019955476576,33.64958490085725,36.28780120095457,31.731318299118932,34.394762639099575,31.17012005110022,35.24274677149896,30.6664176094959,33.41485156333932
44.764774734159,46.44646924148272,45.2575507180846,44.226586133229866,38.93393575019099,36.48764022240956,35.65858101495347,32.22676012260618,30.29562385890081,28.72439703457672,27.721471407556994,26.576815234335356,26.0991697185945,25.938,26.576815234335356,32.73929457089752,32.73266119642581,31.797122401248828,29.21992801154719,27.0978239901288,24.539757802390795,23.237167469379738,21.43380218253402,22.820129557038012,17.532828636589134,16.11338006130309,14.698126275141332,13.04958485929725,11.886193671651156,9.11812107838013,9.11812107838013,3.2253105276856675,2.896,0.0,5.213085458727874,9.704105986642974,13.64188700290396,7.765232836174328,19.408211973285947,11.277008291209153,42.86760436506804,38.3097069813905,37.492978756028435,34.26280480345998,33.75212378503018,32.40242548020132,30.101058851807856,30.32231298895254,27.848129919260288,29.027794749171008,26.511158122571707,28.4565178649813,23.772387343302313,25.18566322334991,25.80248422148534,22.37756664608554,22.36790756865738,21.43380218253402,24.832653422459714,19.607971669706178,21.29938461552352,18.23624215676026,20.81351291829421,21.65285865653771,15.530465672348656,16.12655263842834,17.617792029650026,14.853032047363259,18.385537386761367,13.612949129413508,15.350351136048975,16.342699899343437,11.277008291209153,15.639256376183619,11.286867102965287,12.435856263241385,13.64188700290396,8.171349949671718,13.032,12.938807982190632,48.7854253645492,44.72160221861466,36.77172328025979,38.115632291751375,36.15165528713727,35.63805686341499,36.42364760701487,32.92861345395521,35.23558405930005,31.220269377441316,28.022853530645303,26.8497562186326,27.733258030747127,29.633801797946887,24.589153564122533,26.556887336433086,22.554016582418306,23.509879795524263,22.471212361597228,23.51976991809231,24.608884107167476,22.464159565850668,22.573734205930574,20.540110637481973,21.682258577002536,22.85908871761952,18.508516526183293,19.662043840862527,22.073462800385446,17.64703853341971,20.091613797801312,18.123313714660462,18.810566206257587,16.50422712519432,19.314018354552736,15.993050522023621,18.8790745800741,17.376,18.824,14.5515250403523,46.04022268625555,42.44997658421026,41.0408199235834,39.008660282045064,34.94807635621738,33.831024873627456,35.759296693307604,33.823358555885605,32.73929457089752,33.71734320791008,34.72823728610481,35.769192121153644,34.798149835874895,34.791525002506,33.86060130889586,28.599724823851016,30.72045735336634,28.682463091582633,30.93335974316401,32.0976227312865,32.09178750085449,26.645210601532128,27.762774789274935,30.082565050208068,30.07681798329072,25.733406012418957,26.888893636592783,28.071523382246287,29.278006369969933,28.065877948141942,24.87171252648277,28.52359647730279,25.297299480379323,23.94798465424596,22.038768114393324,21.51432102112451,22.471806691941794,22.14603190190062,20.272,24.658141393868274,56.88121798977233,53.23701570336189,52.85337608895008,53.6995124372652,52.54641050538086,50.523336865254656,49.178307128245066,47.019759591048526,43.92793266248709,41.885674412619885,43.93782945253441,41.895570935362606,38.81391226094066,40.91767472621092,42.00493276985455,37.93131435898313,35.89553286970399,38.49692144834441,37.70669717702679,33.284161894210285,34.49067829138766,35.7151473887481,34.485247990988846,31.278512752367238,32.49497511923959,33.729732640505766,34.98084801716505,36.246627429320924,30.50551256740329,34.291408034666645,30.50031765408354,29.78221274519407,31.057338005695208,33.64958490085725,29.112317959928923,31.731318299118932,28.499594383078506,32.51985928628843,27.947802507531787,30.6664176094959
48.10099176732222,47.425725350277986,46.53312008666516,45.8065141328174,42.18847929233762,40.2056357367969,37.71699208579602,36.038750699767604,33.26928410711598,30.571203067592876,31.483479239118413,28.856352922710105,28.856352922710105,29.145544016195682,30.550464742782555,32.42738066819459,32.422023332913696,31.675082083555836,29.728752025606457,28.320085469503795,27.98494068244562,26.929490229114997,23.237167469379738,23.29569850852298,20.22589874393719,20.083398342909998,17.352520508560133,16.87606189251509,14.482568971007872,11.618583734689869,13.612949129413508,6.450621055371335,3.2253105276856675,5.213085458727874,0.0,4.576769275373186,8.432433160126442,8.432433160126442,14.249797191539253,6.450621055371335,47.15056601993236,42.61079704722736,41.92903685991368,38.3097069813905,38.07563840567877,36.77172328025979,34.27608244826121,34.89489213337677,32.25310527685668,33.652901449949304,30.972246302133144,33.22578241366184,27.848129919260288,29.706064094726518,30.43815086367764,26.511158122571707,26.501918138127287,25.80248422148534,29.76444375425148,23.8735569406823,26.016891147867764,22.577173693799672,25.703919156424377,26.625469986462214,20.043746156844033,20.81351291829421,22.554016582418306,19.632708855377036,23.51976991809231,18.48883868716475,20.428374874179294,21.47904290232691,16.342699899343437,20.852341834911496,16.479702454838193,17.64703853341971,18.853348588513395,13.322605300766064,17.613384115495805,16.18663362160273,53.022316245143415,49.055603400631,41.33708515364865,42.83172713071468,40.838847388240524,40.43778768676645,41.284451128723994,37.62938729238094,40.13681925613937,36.08809776089618,32.92011281876172,31.797122401248828,32.73929457089752,34.72823728610481,29.633801797946887,31.685398040737947,27.5922679749237,28.599724823851016,27.602160658180367,28.682463091582633,29.793984510300064,27.595374847970447,27.762774789274935,25.733406012418957,26.888893636592783,28.071523382246287,23.70635096340219,24.87171252648277,27.28377400580792,22.85908871761952,25.297299480379323,23.3205653447767,23.94798465424596,21.51432102112451,24.26248645543156,20.72781495961405,23.567871202126,21.910370238770497,23.346566085829412,18.8790745800741,50.842916133911906,47.35380402882117,46.05105340814691,44.012953195621854,39.93820497969331,38.857746923876064,40.85674974835859,38.85033070644316,37.801345703559285,38.81391226094066,39.85337176450695,40.91767472621092,39.967815902298184,39.96132690489644,39.04804057824157,33.72723813181269,35.89553286970399,33.86060130889586,36.13709762833756,37.30756878972416,37.301775949678316,31.82668270492544,32.95940490967639,35.29407706683942,35.28836204756463,30.93335974316401,32.0976227312865,33.284161894210285,34.49067829138766,33.27853471834359,30.082565050208068,33.729732640505766,30.50551256740329,29.112317959928923,27.181652635555476,26.602537942835454,27.460615652239117,27.041525863012982,24.784135651662336,28.99582868276056,61.78821845627206,58.05552708399089,57.740956417433885,58.62385644087226,57.49728898826448,55.466516061494254,54.2070207998927,52.097419859336604,49.02809969803031,46.98526221061238,49.08053024367198,47.03953983618462,43.93782945253441,46.08068603004951,47.182286093405864,43.11340924816779,41.08022127496395,43.70975873875307,42.91875040119411,38.49692144834441,39.703458803988354,40.925661008711884,39.69801558012692,36.491598211095116,37.70669717702679,38.93772838777321,40.183227595602624,41.44189035263715,35.7151473887481,39.47944772916663,35.709903290263895,34.98084801716505,36.246627429320924,38.816423946571895,34.291408034666645,36.88374461737853,33.64958490085725,37.62113241251517,33.05815217158999,35.74005283991617
50.34482189858258,47.544774686604626,46.923319234683305,46.474334938759476,44.402380521769324,42.86760436506804,38.907,38.826164180871636,35.333704249625455,31.702,34.27608244826121,30.399258823201595,30.81031296497976,31.483479239118413,33.54695993678116,31.629502430484106,31.625383539176248,31.060931344697313,29.71548417912789,28.965137942015744,30.550464742782555,29.728752025606457,24.539757802390795,23.461659617341653,22.37756664608554,23.26326142225118,19.607971669706178,20.043746156844033,16.87606189251509,14.203599015742453,17.389192534445066,10.214187437089647,7.2274195256675124,9.704105986642974,4.576769275373186,0.0,4.085674974835859,11.937126119799522,9.704105986642974,4.559060539190065,50.321510957045,45.82269638508847,45.28256698774927,41.29923161512814,41.33708515364865,40.08749231368807,37.421702593548574,38.42883297733617,35.63805686341499,37.24898013368957,34.422890291200126,36.9776773743295,30.972246302133144,33.22578241366184,34.067046026915804,29.706064094726518,29.69733294422245,29.21992801154719,33.71734320791008,27.225898258827016,29.76444375425148,26.016891147867764,29.633801797946887,30.642562311268946,23.676902014410587,24.589153564122533,26.556887336433086,23.509879795524263,27.762774789274935,22.471212361597228,24.608884107167476,25.733406012418957,20.540110637481973,25.297299480379323,20.852341834911496,22.073462800385446,23.3205653447767,17.64703853341971,22.14603190190062,20.323150961403595,56.12162400536891,52.27106274029637,44.82910451927408,46.48237623013694,44.46496059820586,44.19234322821093,45.10803316483661,41.284451128723994,44.012953195621854,39.93820497969331,36.817890990658334,35.759296693307604,36.771074773522734,38.8775184907679,33.72723813181269,35.89553286970399,31.685398040737947,32.75905494668611,31.82668270492544,32.95940490967639,34.115984816505005,31.82034493841951,32.0976227312865,30.082565050208068,31.278512752367238,32.49497511923959,28.071523382246287,29.278006369969933,31.751603817760138,27.28377400580792,29.78221274519407,27.823414905435314,28.499594383078506,26.090242850537056,28.838575901039217,25.281834427113868,28.109319451029048,26.42007617324371,27.849568632206854,23.346566085829412,54.57095670775802,51.21436385429384,50.05499104984437,48.01259701370048,43.92793266248709,42.89958723577652,44.99871705948959,42.89253390742962,41.895570935362606,42.95808580465382,44.042579579311656,45.14746841186115,44.24150929839532,44.23532146373529,43.36451715400507,37.93131435898313,40.18591475878084,38.16052410541553,40.505994025576015,41.70468366982299,41.69915610656887,36.13709762833756,37.30756878972416,39.703458803988354,39.69801558012692,35.29407706683942,36.491598211095116,37.70669717702679,38.93772838777321,37.70134788041404,34.49067829138766,38.211015492917745,34.98084801716505,33.64958490085725,31.731318299118932,31.17012005110022,32.0373849276123,31.613284865701633,29.280879921887593,33.4284660132648,65.62786975820562,61.78821845627206,61.5612298853751,62.49082928718421,61.4014045441959,59.36325005422126,58.224878333921836,56.19226445873132,53.16293672287114,51.12166820439255,53.290421203064255,51.2538356125666,48.119193717268374,50.334024476491045,51.466812024837914,47.41270192680438,45.38776972930042,48.13102720698988,47.37002158538668,42.91875040119411,44.14692560077089,45.388063981624065,44.14170386380661,40.925661008711884,42.1621658006322,43.41175104738347,44.6733191177911,45.94588296028274,40.183227595602624,43.99417565996663,40.17820802375337,39.47944772916663,40.75984898156518,43.35230680136871,38.816423946571895,41.42927911513788,38.196278679997086,42.187100125512295,37.62113241251517,40.31153685981223
53.85898045822999,49.75834985206001,49.33517305128259,49.07951560478159,47.91815488935274,46.59139701704596,41.889226980215334,42.61079704722736,38.81287997559573,34.705041017120266,38.07563840567877,33.645292583064276,34.26280480345998,35.10908009333198,37.421702593548574,33.28295810170725,33.27991406238904,32.870931657012704,31.998236513908076,31.702,34.27608244826121,33.54695993678116,27.721471407556994,25.978386170045283,25.9920055594023,27.225898258827016,23.29569850852298,24.017145958668777,20.64961580756407,18.075827643568633,21.469154641019287,14.299862411925508,11.286867102965287,13.64188700290396,8.432433160126442,4.085674974835859,0.0,14.48,5.968563059899761,4.576769275373186,54.227482930705904,49.74716430109359,49.25091488490341,45.154347387599344,45.28256698774927,44.05062292408587,41.33708515364865,42.44997658421026,39.6259618053619,41.284451128723994,38.42883297733617,41.0408199235834,34.89489213337677,37.24898013368957,38.11147261652323,33.652901449949304,33.64433794860585,33.22578241366184,37.801345703559285,31.220269377441316,33.831024873627456,30.033787390204388,33.71734320791008,34.72823728610481,27.733258030747127,28.66271447368515,30.642562311268946,27.5922679749237,31.82668270492544,26.556887336433086,28.682463091582633,29.793984510300064,24.608884107167476,29.278006369969933,24.87171252648277,26.065427293639363,27.28377400580792,21.682258577002536,25.64877153003629,23.21277029998789,59.99677185482565,56.19005410212736,48.83514357509354,50.523336865254656,48.501920054777216,48.25295452094099,49.178307128245066,45.32891758028202,48.08955563321416,44.012953195621854,40.89790049623574,39.84347555121165,40.85674974835859,42.95808580465382,37.811241555918265,39.967815902298184,35.769192121153644,36.83765943976354,35.89553286970399,37.017033052366585,38.16052410541553,35.88911060475029,36.13709762833756,34.115984816505005,35.29407706683942,36.491598211095116,32.0976227312865,33.284161894210285,35.7151473887481,31.278512752367238,33.729732640505766,31.751603817760138,32.347019955476576,29.82959818703564,32.51985928628843,28.838575901039217,31.613284865701633,29.842815299498806,31.249935823934102,26.693740689532444,58.62385644087226,55.28797808746491,54.13987950670005,52.097419859336604,48.01259701370048,46.98526221061238,49.08053024367198,46.97820883132945,45.98013940822712,47.03953983618462,48.119193717268374,49.21776821433495,48.30217412291087,48.295909816463755,47.41270192680438,42.00493276985455,44.24150929839532,42.2129868642341,44.53335653193008,45.71817743523904,45.71250472244985,40.18591475878084,41.34319079364823,43.70975873875307,43.70415505418221,39.324087681725054,40.505994025576015,41.70468366982299,42.91875040119411,41.69915610656887,38.49692144834441,42.1621658006322,38.93772838777321,37.52558700406964,35.581721951024235,34.963593007584336,35.74005283991617,35.24274677149896,32.66063013782802,36.65601855084646,69.69673617178928,65.84022563752345,65.62786975820562,66.56367496615552,65.47858914179504,63.439860285155106,62.30996582409591,60.27731016725946,57.24580956716395,55.20432131636073,57.36492618316527,55.32746776240532,52.19722475381234,54.40019411730072,55.52554957854987,51.466812024837914,49.439107364514584,52.130854587278726,51.348254507821395,46.91776912855086,48.13102720698988,49.35694386811242,48.12563890484987,44.9163101000071,46.13675568351117,47.37002158538668,48.61513214010633,49.871200196105164,44.14692560077089,47.90518969798575,44.14170386380661,43.41175104738347,44.6733191177911,47.2285537466478,42.71255295577636,45.28582793766721,42.05112594211955,45.98101078706296,41.42927911513788,44.07753622878665
51.876,54.1956479802576,53.022316245143415,51.9840111188046,46.13472930450552,43.32689368048441,43.364842637786666,39.014631422070366,37.71699208579602,36.47248431352052,34.61429993514241,34.26280480345998,33.645292583064276,33.26928410711598,33.26928410711598,40.13681925613937,40.13068701131342,39.26541771075407,36.86949660627332,34.85236296149803,31.735051725182363,30.261,29.195001918136605,30.43815086367764,25.17241094929129,23.056,22.37756664608554,20.22589874393719,19.607971669706178,16.87606189251509,15.851,10.982618312588306,9.244419343582376,7.765232836174328,8.432433160126442,11.937126119799522,14.48,0.0,20.323150961403595,10.237918587291071,48.943609031210606,44.402380521769324,43.364842637786666,40.76160409012383,39.865222851503034,38.460141705407175,36.48764022240956,36.038750699767604,33.9245640944729,34.658288258366134,32.51821649475875,33.75212378503018,30.399258823201595,31.115040109246205,31.483479239118413,28.965137942015744,28.95518806708048,27.721471407556994,29.728752025606457,26.0991697185945,26.929490229114997,24.667586525641294,25.9920055594023,26.511158122571707,21.808141621880576,22.047189412712,22.795302695950323,20.636390478957313,22.577173693799672,19.230070852703587,20.083398342909998,20.64961580756407,16.435465828506352,18.81469364619047,15.530465672348656,16.12655263842834,16.826450724974652,13.288407617167678,12.435856263241385,8.806692057747902,54.88656951386195,50.69758436059848,42.400402450920204,43.37813144892251,41.5141548029103,40.71120656526898,41.29923161512814,38.3097069813905,39.9965748658557,36.1680639376785,32.947854937764916,31.629502430484106,32.25310527685668,33.652901449949304,29.027794749171008,30.43815086367764,27.0978239901288,27.747721221750805,26.484186980158555,27.225898258827016,28.022853530645303,26.475481865303227,26.016891147867764,24.017145958668777,24.832653422459714,25.703919156424377,22.025311462042936,22.820129557038012,24.589153564122533,20.81351291829421,22.554016582418306,20.5204099617917,20.428374874179294,17.399074917937448,19.662043840862527,15.639256376183619,18.123313714660462,16.173509977738288,17.481796503792168,12.938807982190632,50.97131491339025,47.09648522979183,45.28256698774927,43.306576359717006,39.3750686602576,38.115632291751375,39.6259618053619,38.10693722932873,36.86949660627332,37.62938729238094,38.42883297733617,39.26541771075407,38.11147261652323,38.10353297267853,36.9776773743295,32.42738066819459,34.067046026915804,32.04875691817079,33.831024873627456,34.77838506889013,34.770927626395014,30.033787390204388,30.89410922813603,32.73929457089752,32.73181279733831,28.870478208716943,29.76444375425148,30.70070227209795,31.67550372133015,30.693193056441682,27.733258030747127,30.642562311268946,27.5922679749237,25.560834102196274,23.51976991809231,22.573734205930574,22.85908871761952,22.073462800385446,18.810566206257587,22.471806691941794,61.37873371942435,58.055589498342016,57.45084306605082,58.15815355562795,56.9130357299626,54.938128408237574,53.23701570336189,50.842916133911906,47.651493082588715,45.640259114076024,47.35380402882117,45.32891758028202,42.44997658421026,44.19234322821093,45.10803316483661,41.0408199235834,39.008660282045064,40.85674974835859,39.85337176450695,35.759296693307604,36.771074773522734,37.811241555918265,36.76402154280731,33.71734320791008,34.72823728610481,35.769192121153644,36.83765943976354,37.93131435898313,32.68539979868687,35.89553286970399,32.67834665340338,31.685398040737947,32.75905494668611,34.987403004510064,30.72045735336634,32.95940490967639,29.793984510300064,33.284161894210285,28.90967810267005,31.278512752367238
57.040831629631775,50.518076378658755,50.435,50.518076378658755,51.14323792056972,50.321510957045,44.094378825424,46.52652284450236,42.04112073910495,37.057819269352585,42.066126812436636,36.47248431352052,37.492978756028435,38.703726332228015,41.62702583658842,33.4264683297533,33.42517023142889,33.26928410711598,33.174616094236875,33.645292583064276,38.115632291751375,37.62938729238094,30.550464742782555,27.721471407556994,29.706064094726518,31.797122401248828,27.225898258827016,28.66271447368515,24.832653422459714,22.554016582418306,26.645210601532128,19.662043840862527,16.864866320252883,19.408211973285947,14.249797191539253,9.704105986642974,5.968563059899761,20.323150961403595,0.0,10.136,58.43985602309438,54.03836327092078,53.6995124372652,49.25091488490341,49.66530684491943,48.501920054777216,45.640259114076024,47.14283709112128,44.19234322821093,46.05105340814691,43.07398975019612,45.970242385699905,39.26541771075407,41.975313554516774,42.938309282038574,38.11147261652323,38.10353297267853,37.901713101125125,42.95808580465382,35.86594296822544,38.81391226094066,34.77838506889013,38.8775184907679,39.967815902298184,32.68539979868687,33.72723813181269,35.89553286970399,32.75905494668611,37.30756878972416,31.82668270492544,34.115984816505005,35.29407706683942,30.082565050208068,34.98084801716505,30.50551256740329,31.751603817760138,33.014175758301164,27.28377400580792,31.613284865701633,29.1030500807046,64.09052176414231,60.43877597205291,53.4366628542614,55.28797808746491,53.25093997292443,53.14315241872654,54.13987950670005,50.128410826596124,53.11377467286617,49.02809969803031,45.98013940822712,44.99871705948959,46.08068603004951,48.30217412291087,43.11340924816779,45.38776972930042,41.08022127496395,42.2129868642341,41.34319079364823,42.51828445504358,43.70975873875307,41.337266298099586,41.70468366982299,39.703458803988354,40.925661008711884,42.1621658006322,37.70669717702679,38.93772838777321,41.44189035263715,36.95578472986333,39.47944772916663,37.52558700406964,38.196278679997086,35.74005283991617,38.45302278105065,34.798045706619796,37.579084195866194,35.81137835939857,37.21818528622802,32.66063013782802,63.439860285155106,60.26741212297074,59.28739076734614,57.24580956716395,53.16293672287114,52.19722475381234,54.40019411730072,52.19059965166141,51.2538356125666,52.366729752773374,53.49566817042292,54.639656377030775,53.77778727318557,53.77189288094664,52.941115600259124,47.41270192680438,49.74342505296554,47.72951766988643,50.12921009750702,51.348254507821395,51.342923183239186,45.71817743523904,46.91776912855086,49.35694386811242,49.35168941383871,44.9163101000071,46.13675568351117,47.37002158538668,48.61513214010633,47.364850944555926,44.14692560077089,47.90518969798575,44.6733191177911,43.35230680136871,41.42927911513788,40.84882011759948,41.66707712331164,41.19092347835867,38.62803670910547,42.60563447479688,74.6116677470756,70.63800241371496,70.52963938657278,71.51859338661521,70.48034512543195,68.4377285713078,67.45447626362538,65.51810989337223,62.54016117663913,60.50437624668153,62.74985635840133,60.720769198026474,57.55634777329083,59.8423869928331,61.004839553923915,56.969143797322424,54.95406580044829,57.78856240641396,57.04719295460558,52.57891388189756,53.82039146085803,55.07195563079271,53.81530504419723,50.594598960758645,51.84315179461989,53.101833678320375,54.369941143981386,55.64682981087063,49.871200196105164,53.6974269867747,49.86628890342653,49.17939340821519,50.462973356709774,53.05553497986803,48.520529933214874,51.129571883597855,47.89596930849192,51.86811093533289,47.30707017983676,49.97949764653502
54.27191709346557,52.091479619991595,51.44344196299466,50.95200511265479,48.34014018390927,46.53312008666516,43.254243768675465,42.400402450920204,39.335758706296744,36.054088935930686,37.84163951257926,34.61429993514241,34.85575120406961,35.333704249625455,36.95789604401203,36.1680639376785,36.164061566699054,35.61308008302568,34.26280480345998,33.4264683297533,34.26280480345998,33.28295810170725,28.82,27.98494068244562,26.299242954883702,26.511158122571707,23.461659617341653,23.29569850852298,20.636390478957313,17.829290507476735,20.043746156844033,12.90124211074267,9.675931583057004,11.277008291209153,6.450621055371335,4.559060539190065,4.576769275373186,10.237918587291071,10.136,0.0,53.59263415806318,49.055603400631,48.379657915285016,44.72160221861466,44.52307356865651,43.22149494175323,40.71120656526898,41.33708515364865,38.703726332228015,40.08749231368807,37.421702593548574,39.6259618053619,34.27608244826121,36.15165528713727,36.86949660627332,32.947854937764916,32.938670662308155,32.25310527685668,36.08809776089618,30.32231298895254,32.42738066819459,29.027794749171008,32.04875691817079,32.92011281876172,26.484186980158555,27.225898258827016,28.870478208716943,26.016891147867764,29.633801797946887,24.832653422459714,26.625469986462214,27.5922679749237,22.554016582418306,26.645210601532128,22.471212361597228,23.51976991809231,24.608884107167476,19.428873461938032,22.038768114393324,19.04334266876485,59.457504051212915,55.50176077387095,47.781552350253335,49.25091488490341,47.264241874804256,46.830404066161975,47.651493082588715,44.05062292408587,46.48237623013694,42.44997658421026,39.26541771075407,38.11147261652323,39.008660282045064,40.89790049623574,35.86594296822544,37.801345703559285,33.831024873627456,34.77838506889013,33.71734320791008,34.72823728610481,35.769192121153644,33.71007850776975,33.72723813181269,31.685398040737947,32.75905494668611,33.86060130889586,29.64369538367307,30.72045735336634,32.95940490967639,28.682463091582633,30.93335974316401,28.90967810267005,29.278006369969933,26.550916839160188,29.112317959928923,25.26863259062508,27.947802507531787,26.090242850537056,27.460615652239117,22.883846376865932,57.23716052530908,53.6995124372652,52.31746859319553,50.28478283735548,46.22209671791188,45.10803316483661,47.019759591048526,45.100366694739854,44.012953195621854,44.97893854905872,45.970242385699905,46.98526221061238,45.98013940822712,45.97324526287001,44.99871705948959,39.84347555121165,41.895570935362606,39.85337176450695,42.00493276985455,43.11340924816779,43.107059479857824,37.811241555918265,38.8775184907679,41.08022127496395,41.07390801956882,36.83765943976354,37.93131435898313,39.04804057824157,40.18591475878084,39.04176780065165,35.89553286970399,39.324087681725054,36.13709762833756,34.49067829138766,32.49497511923959,31.751603817760138,32.347019955476576,31.731318299118932,28.838575901039217,32.66063013782802,68.13409205383161,64.44487946299535,64.09751383634158,64.95857596961312,63.81368537390706,61.78821845627206,60.455055702563044,58.2866203858141,55.1845359498474,53.14315241872654,55.1566121602841,53.11377467286617,50.05499104984437,52.107317422795816,53.16293672287114,49.08053024367198,47.03953983618462,49.439107364514584,48.570460323122326,44.24150929839532,45.38776972930042,46.55084902555484,45.38173818839468,42.2129868642341,43.36451715400507,44.53335653193008,45.71817743523904,46.91776912855086,41.34319079364823,44.9163101000071,41.337266298099586,40.505994025576015,41.70468366982299,44.14692560077089,39.703458803988354,42.1621658006322,38.93772838777321,42.71255295577636,38.211015492917745,40.75984898156518
12.364359465819488,34.781862874205,31.88857502303921,28.99582868276056,13.11142650515191,9.704105986642974,23.874252239599045,12.257024924507578,18.853348588513395,26.550916839160188,16.46005640938086,24.87171252648277,22.573734205930574,20.428374874179294,16.826450724974652,39.518276796945486,39.50911668210263,38.196278679997086,34.291408034666645,30.50551256740329,20.5204099617917,20.81351291829421,29.64369538367307,34.987403004510064,28.870478208716943,27.0978239901288,31.220269377441316,30.32231298895254,33.652901449949304,36.15165528713727,33.75212378503018,40.71120656526898,43.930473250353224,42.86760436506804,47.15056601993236,50.321510957045,54.227482930705904,48.943609031210606,58.43985602309438,53.59263415806318,0.0,4.559060539190065,5.764,9.244419343582376,9.11812107838013,10.494493079706137,12.90124211074267,13.04958485929725,15.050529425903928,14.482568971007872,16.435465828506352,15.851,19.351863166114008,17.829290507476735,17.532828636589134,20.64961580756407,20.658688075480494,21.43380218253402,20.174,23.29569850852298,22.047189412712,24.638597362674684,23.237167469379738,23.10142506426822,27.354363235140386,26.929490229114997,26.299242954883702,28.320085469503795,27.417263630785623,29.71548417912789,29.145544016195682,28.965137942015744,32.51821649475875,31.735051725182363,33.645292583064276,33.4264683297533,33.26928410711598,35.65858101495347,40.373974389450446,46.20285012853644,5.943096835825578,2.0428374874179296,7.349063137570666,8.413225362487326,9.11812107838013,10.982618312588306,11.63163071112559,11.618583734689869,12.90124211074267,14.698126275141332,17.352520508560133,18.788879503578706,18.95552966814697,19.607971669706178,21.663446840242205,22.047189412712,23.056,23.10142506426822,24.539757802390795,24.667586525641294,24.879174926030004,24.549740385592674,26.0991697185945,27.417263630785623,27.53173545201973,27.721471407556994,28.82,28.856352922710105,29.145544016195682,30.261,30.399258823201595,31.735051725182363,33.26928410711598,36.054088935930686,36.28596093532594,38.93393575019099,39.14875457789175,40.45179748787438,40.581171003311376,41.789,10.237918587291071,11.66028267238835,14.454839051335025,14.299862411925508,14.853032047363259,16.12655263842834,17.617792029650026,16.13548883672261,17.426181480749015,18.075827643568633,18.81469364619047,19.632708855377036,20.81351291829421,20.821821726256328,22.025311462042936,20.988986159412274,21.965236625176612,22.795302695950323,23.8735569406823,24.52340272066664,24.532217205136597,23.772387343302313,24.166024414454274,25.18566322334991,25.194817959255033,25.17241094929129,25.544482946421134,25.9920055594023,26.511158122571707,26.001430595257638,26.576815234335356,27.848129919260288,28.320085469503795,31.115040109246205,32.22676012260618,33.645292583064276,35.333704249625455,36.74531568785333,40.76160409012383,43.000686238710195,19.686713082685998,15.111542906004006,16.18663362160273,17.613384115495805,17.435649027208594,15.928,17.613384115495805,18.307077101492744,18.123313714660462,17.64703853341971,20.091613797801312,19.662043840862527,18.385537386761367,20.540110637481973,21.682258577002536,21.469154641019287,21.65285865653771,25.550942546215392,26.625469986462214,25.23967608746198,26.016891147867764,26.8497562186326,26.02519980711003,25.80248422148534,26.484186980158555,27.225898258827016,28.022853530645303,28.870478208716943,27.0978239901288,29.21992801154719,27.106864536497024,28.407198031484906,29.027794749171008,30.43815086367764,29.728752025606457,30.972246302133144,31.060931344697313,32.92861345395521,32.40242548020132,33.54695993678116
13.322605300766064,33.79911407122974,30.94947754001673,28.109319451029048,11.937126119799522,7.24,21.767748643348487,8.432433160126442,15.58506002555011,23.377590038325163,12.257024924507578,21.35627647788818,18.853348588513395,16.479702454838193,12.416326711229857,36.61415420298549,36.60466292700973,35.24274677149896,31.17012005110022,27.181652635555476,16.342699899343437,16.46005640938086,25.733406012418957,31.278512752367238,24.589153564122533,22.577173693799672,26.8497562186326,25.80248422148534,29.21992801154719,31.675082083555836,29.195001918136605,36.1680639376785,39.389107745669996,38.3097069813905,42.61079704722736,45.82269638508847,49.74716430109359,44.402380521769324,54.03836327092078,49.055603400631,4.559060539190065,0.0,2.0428374874179296,5.213085458727874,4.559060539190065,5.943096835825578,8.413225362487326,8.646,10.494493079706137,10.087,11.886193671651156,11.618583734689869,14.853032047363259,13.288407617167678,13.04958485929725,16.12655263842834,16.13548883672261,16.87606189251509,15.917000502607268,18.746489378014218,17.532828636589134,20.083398342909998,18.788879503578706,18.733,22.795302695950323,22.37756664608554,21.808141621880576,23.772387343302313,23.056,25.17241094929129,24.667586525641294,24.539757802390795,27.98494068244562,27.379,29.145544016195682,28.965137942015744,28.856352922710105,31.115040109246205,36.025,41.81407926763425,10.494493079706137,6.450621055371335,4.085674974835859,6.469403991095316,6.128512462253789,8.171349949671718,9.254258263091646,7.765232836174328,10.214187437089647,10.982618312588306,13.288407617167678,14.698126275141332,15.050529425903928,16.12655263842834,17.532828636589134,18.23624215676026,18.788879503578706,18.95552966814697,20.380802045061916,20.636390478957313,20.988986159412274,20.390700625530254,22.047189412712,23.237167469379738,23.461659617341653,23.772387343302313,24.539757802390795,24.667586525641294,25.17241094929129,25.978386170045283,26.299242954883702,27.53173545201973,29.145544016195682,31.834001005214535,32.22676012260618,34.705041017120266,35.06565727317827,36.28596093532594,36.48764022240956,37.49397098201256,11.937126119799522,11.673283042914706,13.730307826119558,12.938807982190632,12.257024924507578,13.312734993231107,15.36022867668317,13.320313547360664,14.435239104358471,15.350351136048975,16.342699899343437,17.399074917937448,18.385537386761367,18.39259266661446,19.428873461938032,17.426181480749015,18.81469364619047,19.351863166114008,20.81351291829421,21.65285865653771,21.6608455051967,20.083398342909998,20.64961580756407,22.025311462042936,22.033817304316564,21.43380218253402,21.965236625176612,22.577173693799672,23.26326142225118,22.58610971371564,22.795302695950323,24.52340272066664,24.638597362674684,27.354363235140386,28.320085469503795,29.71548417912789,31.483479239118413,32.870931657012704,36.74531568785333,39.215943339412355,22.642913968833604,18.123313714660462,18.810566206257587,20.155768429906114,19.686713082685998,17.905689179699284,18.8790745800741,18.8790745800741,17.905689179699284,16.93885710430311,19.686713082685998,18.810566206257587,16.864866320252883,19.408211973285947,20.71463955756894,19.662043840862527,19.43875924538395,23.70635096340219,24.608884107167476,22.554016582418306,23.509879795524263,24.514049849015155,23.51723597704458,22.820129557038012,23.676902014410587,24.589153564122533,25.550942546215392,26.556887336433086,24.017145958668777,26.625469986462214,24.025546403776126,25.23967608746198,26.016891147867764,27.733258030747127,26.484186980158555,28.022853530645303,27.747721221750805,30.033787390204388,29.027794749171008,30.43815086367764
15.36022867668317,35.49103448759982,32.66063013782802,29.842815299498806,13.730307826119558,8.806692057747902,23.168,9.153538550746372,16.50422712519432,24.26248645543156,12.435856263241385,22.038768114393324,19.408211973285947,16.864866320252883,12.257024924507578,37.579084195866194,37.56945127360792,36.18631057458055,32.0373849276123,27.947802507531787,16.479702454838193,16.342699899343437,26.065427293639363,31.751603817760138,24.514049849015155,22.025311462042936,26.625469986462214,25.23967608746198,28.870478208716943,31.220269377441316,28.407198031484906,35.478415804542344,38.703726332228015,37.492978756028435,41.92903685991368,45.28256698774927,49.25091488490341,43.364842637786666,53.6995124372652,48.379657915285016,5.764,2.0428374874179296,0.0,5.968563059899761,4.085674974835859,5.203378229573553,8.171349949671718,7.349063137570666,9.675931583057004,8.766414318294567,10.982618312588306,10.087,14.435239104358471,12.319298681337342,11.886193671651156,15.610134688720658,15.61844374449644,16.12655263842834,14.41,18.075827643568633,16.435465828506352,19.351863166114008,17.532828636589134,17.352520508560133,21.965236625176612,21.43380218253402,20.636390478957313,22.795302695950323,21.663446840242205,24.166024414454274,23.461659617341653,23.237167469379738,26.929490229114997,25.978386170045283,27.98494068244562,27.721471407556994,27.53173545201973,30.101058851807856,34.61429993514241,40.45179748787438,11.618583734689869,7.349063137570666,2.0428374874179296,4.576769275373186,4.085674974835859,6.128512462253789,7.2274195256675124,5.943096835825578,8.171349949671718,9.11812107838013,11.618583734689869,13.04958485929725,13.288407617167678,14.203599015742453,15.917000502607268,16.435465828506352,17.292,17.352520508560133,18.788879503578706,18.95552966814697,19.230070852703587,18.798849778643373,20.380802045061916,21.663446840242205,21.808141621880576,22.047189412712,23.056,23.10142506426822,23.461659617341653,24.497,24.667586525641294,25.978386170045283,27.53173545201973,30.29562385890081,30.571203067592876,33.174616094236875,33.4264683297533,34.705041017120266,34.85575120406961,36.025,11.019384057196662,10.136,11.937126119799522,11.019384057196662,10.214187437089647,11.277008291209153,13.322605300766064,11.284677044559139,12.416326711229857,13.312734993231107,14.299862411925508,15.36022867668317,16.342699899343437,16.349755349851566,17.389192534445066,15.530465672348656,16.826450724974652,17.426181480749015,18.81469364619047,19.632708855377036,19.640783512884614,18.23624215676026,18.746489378014218,20.043746156844033,20.05237392430133,19.607971669706178,20.083398342909998,20.64961580756407,21.29938461552352,20.658688075480494,20.988986159412274,22.577173693799672,22.795302695950323,25.544482946421134,26.576815234335356,27.98494068244562,29.71548417912789,31.115040109246205,35.06565727317827,37.42377748170272,22.073462800385446,17.64703853341971,18.123313714660462,19.408211973285947,18.810566206257587,16.93885710430311,17.613384115495805,17.376,16.18663362160273,15.111542906004006,17.905689179699284,16.93885710430311,14.891106372597035,17.481796503792168,18.810566206257587,17.64703853341971,17.399074917937448,21.682258577002536,22.573734205930574,20.5204099617917,21.469154641019287,22.471212361597228,21.47653885056901,20.81351291829421,21.65285865653771,22.554016582418306,23.509879795524263,24.514049849015155,22.025311462042936,24.589153564122533,22.033817304316564,23.26326142225118,24.017145958668777,25.703919156424377,24.52340272066664,26.016891147867764,25.80248422148534,28.022853530645303,27.0978239901288,28.4565178649813
12.90124211074267,30.223085812008012,27.460615652239117,24.728718931638976,9.254258263091646,4.085674974835859,17.435649027208594,3.234701995547658,10.537761621900545,18.307077101492744,7.217619552179236,16.173509977738288,13.64188700290396,11.286867102965287,7.765232836174328,31.613284865701633,31.603666243016807,30.223085812008012,26.090242850537056,22.038768114393324,11.277008291209153,11.63163071112559,20.540110637481973,26.065427293639363,19.632708855377036,18.23624215676026,22.025311462042936,21.43380218253402,24.52340272066664,27.0978239901288,25.17241094929129,31.91342377433045,35.10908009333198,34.26280480345998,38.3097069813905,41.29923161512814,45.154347387599344,40.76160409012383,49.25091488490341,44.72160221861466,9.244419343582376,5.213085458727874,5.968563059899761,0.0,3.234701995547658,4.085674974835859,4.323,7.217619552179236,7.349063137570666,8.413225362487326,8.766414318294567,10.406756459147106,10.494493079706137,10.190401022530958,10.494493079706137,11.886193671651156,11.895892568445632,13.04958485929725,14.203599015742453,14.698126275141332,14.482568971007872,16.11338006130309,16.11338006130309,16.435465828506352,18.95552966814697,18.788879503578706,18.788879503578706,20.22589874393719,20.636390478957313,21.663446840242205,21.663446840242205,21.808141621880576,24.539757802390795,24.879174926030004,25.938,25.978386170045283,26.0991697185945,27.53173545201973,33.4264683297533,39.014631422070366,14.853032047363259,11.277008291209153,7.24,10.136,8.806692057747902,10.537761621900545,11.937126119799522,8.432433160126442,12.364359465819488,11.286867102965287,12.416326711229857,13.612949129413508,14.435239104358471,16.342699899343437,16.12655263842834,17.617792029650026,16.87606189251509,17.426181480749015,18.746489378014218,19.351863166114008,20.043746156844033,18.755713902701757,20.64961580756407,21.43380218253402,21.965236625176612,22.577173693799672,22.37756664608554,22.795302695950323,23.8735569406823,23.772387343302313,24.638597362674684,25.544482946421134,27.354363235140386,29.71548417912789,30.550464742782555,32.51821649475875,33.28295810170725,34.26280480345998,34.658288258366134,35.06565727317827,16.93885710430311,15.993050522023621,17.435649027208594,16.18663362160273,14.249797191539253,14.891106372597035,17.481796503792168,14.895947401894247,15.639256376183619,16.864866320252883,18.123313714660462,19.408211973285947,20.091613797801312,20.09663616130819,20.852341834911496,17.389192534445066,19.43875924538395,19.428873461938032,21.47904290232691,22.573734205930574,22.58011904308744,19.632708855377036,20.5204099617917,22.471212361597228,22.478267393195587,20.81351291829421,21.65285865653771,22.554016582418306,23.509879795524263,22.561684422932608,22.025311462042936,24.589153564122533,24.017145958668777,26.484186980158555,27.0978239901288,28.407198031484906,30.32231298895254,31.629502430484106,35.10908009333198,38.07563840567877,27.823414905435314,23.3205653447767,23.94798465424596,25.26863259062508,24.728718931638976,22.883846376865932,23.567871202126,23.21277029998789,21.767748643348487,20.475837174582143,23.346566085829412,22.14603190190062,19.686713082685998,22.471806691941794,23.874252239599045,22.038768114393324,21.35627647788818,25.877615964381263,26.550916839160188,23.70635096340219,24.87171252648277,26.065427293639363,24.87750759220063,23.51976991809231,24.608884107167476,25.733406012418957,26.888893636592783,28.071523382246287,24.514049849015155,27.762774789274935,24.521104787509067,25.550942546215392,26.556887336433086,28.682463091582633,26.625469986462214,28.599724823851016,27.733258030747127,30.642562311268946,28.870478208716943,30.70070227209795
15.610134688720658,33.41485156333932,30.6664176094959,27.947802507531787,12.435856263241385,7.2274195256675124,20.475837174582143,5.792,13.11142650515191,20.72781495961405,8.432433160126442,18.307077101492744,15.58506002555011,12.938807982190632,8.171349949671718,34.07445437567563,34.06468055038826,32.66063013782802,28.439799032341984,24.26248645543156,12.435856263241385,12.257024924507578,22.073462800385446,27.823414905435314,20.428374874179294,18.075827643568633,22.554016582418306,21.29938461552352,24.832653422459714,27.225898258827016,24.638597362674684,31.629502430484106,34.85236296149803,33.75212378503018,38.07563840567877,41.33708515364865,45.28256698774927,39.865222851503034,49.66530684491943,44.52307356865651,9.11812107838013,4.559060539190065,4.085674974835859,3.234701995547658,0.0,1.441,4.085674974835859,4.559060539190065,5.943096835825578,5.943096835825578,7.349063137570666,7.765232836174328,10.406756459147106,8.766414318294567,8.646,11.63163071112559,11.64030381905902,12.319298681337342,11.886193671651156,14.203599015742453,13.04958485929725,15.530465672348656,14.41,14.482568971007872,18.23624215676026,17.829290507476735,17.352520508560133,19.230070852703587,18.788879503578706,20.636390478957313,20.22589874393719,20.174,23.461659617341653,23.10142506426822,24.667586525641294,24.539757802390795,24.497,26.576815234335356,31.735051725182363,37.466,15.050529425903928,10.982618312588306,4.576769275373186,7.382010633966874,5.792,7.382010633966874,8.806692057747902,5.213085458727874,9.153538550746372,8.171349949671718,9.675931583057004,10.982618312588306,11.63163071112559,13.312734993231107,13.677181617570193,14.853032047363259,14.698126275141332,15.050529425903928,16.435465828506352,16.87606189251509,17.426181480749015,16.44511042833097,18.23624215676026,19.230070852703587,19.607971669706178,20.083398342909998,20.380802045061916,20.636390478957313,21.43380218253402,21.808141621880576,22.37756664608554,23.461659617341653,25.17241094929129,27.721471407556994,28.320085469503795,30.571203067592876,31.115040109246205,32.22676012260618,32.51821649475875,33.26928410711598,14.891106372597035,13.346870344766222,14.48,13.11142650515191,11.019384057196662,11.66028267238835,14.249797191539253,11.665229187632791,12.435856263241385,13.64188700290396,14.891106372597035,16.173509977738288,16.864866320252883,16.869995139299835,17.64703853341971,14.435239104358471,16.342699899343437,16.46005640938086,18.385537386761367,19.43875924538395,19.445432394266785,16.826450724974652,17.617792029650026,19.428873461938032,19.436291415802554,18.075827643568633,18.81469364619047,19.632708855377036,20.5204099617917,19.640783512884614,19.351863166114008,21.65285865653771,21.29938461552352,23.8735569406823,24.638597362674684,25.9920055594023,27.848129919260288,29.195001918136605,32.870931657012704,35.61308008302568,26.065427293639363,21.682258577002536,22.073462800385446,23.3205653447767,22.642913968833604,20.71463955756894,21.07552324380109,20.475837174582143,18.824,17.435649027208594,20.323150961403595,19.04334266876485,16.50422712519432,19.314018354552736,20.72781495961405,18.810566206257587,18.123313714660462,22.642913968833604,23.3205653447767,20.540110637481973,21.682258577002536,22.85908871761952,21.688241445539102,20.428374874179294,21.47904290232691,22.573734205930574,23.70635096340219,24.87171252648277,21.469154641019287,24.608884107167476,21.47653885056901,22.554016582418306,23.509879795524263,25.560834102196274,23.676902014410587,25.550942546215392,24.832653422459714,27.5922679749237,26.016891147867764,27.733258030747127
16.826450724974652,33.87771420860622,31.17012005110022,28.499594383078506,13.322605300766064,8.171349949671718,20.72781495961405,5.968563059899761,13.032,20.475837174582143,7.792530012775055,17.905689179699284,15.111542906004006,12.364359465819488,7.2274195256675124,33.79911407122974,33.789260601558006,32.37326724320546,28.109319451029048,23.874252239599045,11.66028267238835,11.286867102965287,21.35627647788818,27.181652635555476,19.43875924538395,16.826450724974652,21.469154641019287,20.043746156844033,23.676902014410587,26.016891147867764,23.29569850852298,30.32231298895254,33.54695993678116,32.40242548020132,36.77172328025979,40.08749231368807,44.05062292408587,38.460141705407175,48.501920054777216,43.22149494175323,10.494493079706137,5.943096835825578,5.203378229573553,4.085674974835859,1.441,0.0,3.234701995547658,3.2253105276856675,4.559060539190065,4.559060539190065,5.943096835825578,6.450621055371335,9.244419343582376,7.349063137570666,7.205,10.406756459147106,10.415066010352502,10.982618312588306,10.494493079706137,12.90124211074267,11.618583734689869,14.203599015742453,12.969,13.04958485929725,16.87606189251509,16.435465828506352,15.917000502607268,17.829290507476735,17.352520508560133,19.230070852703587,18.788879503578706,18.733,22.047189412712,21.663446840242205,23.237167469379738,23.10142506426822,23.056,25.17241094929129,30.29562385890081,36.025,16.435465828506352,12.319298681337342,5.213085458727874,7.792530012775055,5.968563059899761,7.24,8.688,4.576769275373186,8.806692057747902,7.2274195256675124,8.413225362487326,9.675931583057004,10.406756459147106,12.257024924507578,12.319298681337342,13.612949129413508,13.288407617167678,13.677181617570193,15.050529425903928,15.530465672348656,16.12655263842834,15.060104116505968,16.87606189251509,17.829290507476735,18.23624215676026,18.746489378014218,18.95552966814697,19.230070852703587,20.083398342909998,20.380802045061916,20.988986159412274,22.047189412712,23.772387343302313,26.299242954883702,26.929490229114997,29.145544016195682,29.71548417912789,30.81031296497976,31.115040109246205,31.834001005214535,15.639256376183619,13.730307826119558,14.5515250403523,13.032,10.537761621900545,11.019384057196662,13.730307826119558,11.02331098173321,11.66028267238835,12.938807982190632,14.249797191539253,15.58506002555011,16.173509977738288,16.177967270334058,16.864866320252883,13.312734993231107,15.36022867668317,15.350351136048975,17.399074917937448,18.508516526183293,18.51474666313315,15.610134688720658,16.46005640938086,18.385537386761367,18.39259266661446,16.826450724974652,17.617792029650026,18.48883868716475,19.428873461938032,18.496633639665355,18.075827643568633,20.5204099617917,20.043746156844033,22.577173693799672,23.29569850852298,24.638597362674684,26.511158122571707,27.848129919260288,31.483479239118413,34.27608244826121,26.888893636592783,22.573734205930574,22.85908871761952,24.06551360349494,23.3205653447767,21.35627647788818,21.51432102112451,20.72781495961405,18.8790745800741,17.376,20.272,18.8790745800741,16.18663362160273,19.04334266876485,20.475837174582143,18.307077101492744,17.481796503792168,22.038768114393324,22.642913968833604,19.662043840862527,20.852341834911496,22.073462800385446,20.857871895282127,19.43875924538395,20.540110637481973,21.682258577002536,22.85908871761952,24.06551360349494,20.428374874179294,23.70635096340219,20.43543001749657,21.469154641019287,22.471212361597228,24.608884107167476,22.554016582418306,24.514049849015155,23.676902014410587,26.556887336433086,24.832653422459714,26.625469986462214
16.87606189251509,31.731318299118932,29.112317959928923,26.550916839160188,12.416326711229857,7.765232836174328,18.307077101492744,4.085674974835859,10.237918587291071,17.435649027208594,4.576769275373186,14.764021267933748,11.937126119799522,9.153538550746372,4.085674974835859,30.713755761873212,30.703855344239752,29.280879921887593,24.992714638470147,20.72781495961405,8.432433160126442,8.171349949671718,18.123313714660462,23.94798465424596,16.342699899343437,14.203599015742453,18.48883868716475,17.426181480749015,20.81351291829421,23.26326142225118,20.988986159412274,27.848129919260288,31.060931344697313,30.101058851807856,34.27608244826121,37.421702593548574,41.33708515364865,36.48764022240956,45.640259114076024,40.71120656526898,12.90124211074267,8.413225362487326,8.171349949671718,4.323,4.085674974835859,3.234701995547658,0.0,4.576769275373186,3.2253105276856675,5.213085458727874,4.559060539190065,7.2274195256675124,6.450621055371335,5.943096835825578,6.450621055371335,7.765232836174328,7.774512267660268,8.766414318294567,10.406756459147106,10.494493079706137,10.190401022530958,11.886193671651156,11.886193671651156,12.319298681337342,14.698126275141332,14.482568971007872,14.482568971007872,15.917000502607268,16.435465828506352,17.352520508560133,17.352520508560133,17.532828636589134,20.22589874393719,20.636390478957313,21.615,21.663446840242205,21.808141621880576,23.237167469379738,29.145544016195682,34.705041017120266,18.746489378014218,14.853032047363259,8.432433160126442,11.019384057196662,9.153538550746372,10.237918587291071,11.673283042914706,7.24,11.584,9.153538550746372,9.254258263091646,10.214187437089647,11.286867102965287,13.64188700290396,12.416326711229857,14.299862411925508,12.90124211074267,13.612949129413508,14.853032047363259,15.610134688720658,16.46005640938086,14.861764397271275,16.826450724974652,17.426181480749015,18.075827643568633,18.81469364619047,18.23624215676026,18.746489378014218,20.043746156844033,19.607971669706178,20.64961580756407,21.43380218253402,23.29569850852298,25.544482946421134,26.511158122571707,28.320085469503795,29.195001918136605,30.101058851807856,30.550464742782555,30.81031296497976,18.853348588513395,16.93885710430311,17.613384115495805,15.993050522023621,13.11142650515191,13.346870344766222,16.18663362160273,13.349033223421086,13.730307826119558,15.111542906004006,16.50422712519432,17.905689179699284,18.307077101492744,18.31022807067132,18.810566206257587,14.454839051335025,16.864866320252883,16.479702454838193,18.853348588513395,20.091613797801312,20.09663616130819,16.342699899343437,17.399074917937448,19.662043840862527,19.66790858225653,17.389192534445066,18.385537386761367,19.43875924538395,20.540110637481973,19.445432394266785,18.48883868716475,21.47904290232691,20.5204099617917,22.820129557038012,23.26326142225118,24.52340272066664,26.484186980158555,27.747721221750805,31.060931344697313,34.19691952500985,30.082565050208068,25.733406012418957,26.065427293639363,27.28377400580792,26.550916839160188,24.589696704107595,24.728718931638976,23.874252239599045,21.910370238770497,20.323150961403595,23.21277029998789,21.72,18.8790745800741,21.767748643348487,23.21277029998789,20.72781495961405,19.686713082685998,24.26248645543156,24.728718931638976,21.35627647788818,22.642913968833604,23.94798465424596,22.64737055377511,20.852341834911496,22.073462800385446,23.3205653447767,24.589696704107595,25.877615964381263,21.682258577002536,25.297299480379323,21.688241445539102,22.573734205930574,23.70635096340219,26.065427293639363,23.51976991809231,25.733406012418957,24.514049849015155,27.762774789274935,25.550942546215392,27.602160658180367
20.043746156844033,36.28780120095457,33.64958490085725,31.057338005695208,16.342699899343437,11.277008291209153,22.883846376865932,8.432433160126442,14.764021267933748,21.72,8.688,18.8790745800741,15.993050522023621,13.11142650515191,7.382010633966874,34.87129805441719,34.861332275172735,33.4284660132648,29.1030500807046,24.784135651662336,11.937126119799522,11.019384057196662,21.51432102112451,27.460615652239117,18.853348588513395,15.350351136048975,20.540110637481973,18.48883868716475,22.471212361597228,24.589153564122533,21.29938461552352,28.4565178649813,31.675082083555836,30.32231298895254,34.89489213337677,38.42883297733617,42.44997658421026,36.038750699767604,47.14283709112128,41.33708515364865,13.04958485929725,8.646,7.349063137570666,7.217619552179236,4.559060539190065,3.2253105276856675,4.576769275373186,0.0,3.234701995547658,1.441,4.085674974835859,3.2253105276856675,8.432433160126442,5.203378229573553,4.559060539190065,9.254258263091646,9.260490051827713,9.244419343582376,7.349063137570666,11.277008291209153,9.11812107838013,12.416326711229857,10.190401022530958,10.087,14.853032047363259,14.203599015742453,13.288407617167678,15.530465672348656,14.41,16.87606189251509,16.11338006130309,15.917000502607268,19.607971669706178,18.733,20.636390478957313,20.380802045061916,20.22589874393719,22.795302695950323,27.379,33.174616094236875,18.95552966814697,14.698126275141332,6.450621055371335,8.171349949671718,6.128512462253789,6.469403991095316,7.792530012775055,3.234701995547658,7.382010633966874,4.576769275373186,5.203378229573553,6.450621055371335,7.217619552179236,9.254258263091646,9.11812107838013,10.406756459147106,10.190401022530958,10.494493079706137,11.886193671651156,12.319298681337342,12.90124211074267,11.895892568445632,13.677181617570193,14.698126275141332,15.050529425903928,15.530465672348656,15.917000502607268,16.11338006130309,16.87606189251509,17.352520508560133,17.829290507476735,18.95552966814697,20.636390478957313,23.237167469379738,23.772387343302313,26.0991697185945,26.576815234335356,27.721471407556994,27.98494068244562,28.856352922710105,16.342699899343437,13.64188700290396,13.730307826119558,11.937126119799522,8.688,8.806692057747902,11.673283042914706,8.808333837906009,9.153538550746372,10.537761621900545,11.937126119799522,13.346870344766222,13.730307826119558,13.733459615115194,14.249797191539253,10.214187437089647,12.435856263241385,12.257024924507578,14.454839051335025,15.639256376183619,15.644786991199336,12.416326711229857,13.312734993231107,15.36022867668317,15.366797486789498,13.612949129413508,14.435239104358471,15.350351136048975,16.342699899343437,15.357862481478339,14.853032047363259,17.389192534445066,16.826450724974652,19.351863166114008,20.083398342909998,21.43380218253402,23.29569850852298,24.638597362674684,28.320085469503795,31.060931344697313,27.602160658180367,23.509879795524263,23.51976991809231,24.608884107167476,23.70635096340219,21.682258577002536,21.35627647788818,20.155768429906114,17.905689179699284,16.18663362160273,19.04334266876485,17.435649027208594,14.48,17.376,18.824,16.18663362160273,15.111542906004006,19.686713082685998,20.155768429906114,16.864866320252883,18.123313714660462,19.408211973285947,18.128086495821893,16.479702454838193,17.64703853341971,18.853348588513395,20.091613797801312,21.35627647788818,17.399074917937448,20.852341834911496,17.40570216911688,18.385537386761367,19.43875924538395,21.682258577002536,19.428873461938032,21.47904290232691,20.5204099617917,23.51976991809231,21.65285865653771,23.509879795524263
20.083398342909998,34.291408034666645,31.751603817760138,29.278006369969933,15.610134688720658,10.982618312588306,20.71463955756894,7.217619552179236,12.364359465819488,18.8790745800741,5.968563059899761,15.928,13.032,10.136,4.344,31.88857502303921,31.878585241506563,30.442124515217397,26.103803879894592,21.767748643348487,8.806692057747902,7.792530012775055,18.307077101492744,24.26248645543156,15.639256376183619,12.416326711229857,17.399074917937448,15.610134688720658,19.428873461938032,21.65285865653771,18.746489378014218,25.80248422148534,29.027794749171008,27.848129919260288,32.25310527685668,35.63805686341499,39.6259618053619,33.9245640944729,44.19234322821093,38.703726332228015,15.050529425903928,10.494493079706137,9.675931583057004,7.349063137570666,5.943096835825578,4.559060539190065,3.2253105276856675,3.234701995547658,0.0,2.896,1.441,4.576769275373186,5.213085458727874,2.882,3.2253105276856675,6.128512462253789,6.135570470624553,6.450621055371335,7.217619552179236,8.413225362487326,7.205,9.675931583057004,8.766414318294567,9.11812107838013,12.319298681337342,11.886193671651156,11.528,13.288407617167678,13.288407617167678,14.698126275141332,14.41,14.482568971007872,17.532828636589134,17.532828636589134,18.788879503578706,18.733,18.788879503578706,20.636390478957313,26.0991697185945,31.735051725182363,20.988986159412274,16.87606189251509,9.244419343582376,11.286867102965287,9.254258263091646,9.704105986642974,11.019384057196662,6.469403991095316,10.537761621900545,7.24,6.469403991095316,7.2274195256675124,8.432433160126442,11.019384057196662,9.244419343582376,11.286867102965287,9.675931583057004,10.406756459147106,11.63163071112559,12.416326711229857,13.312734993231107,11.64030381905902,13.612949129413508,14.203599015742453,14.853032047363259,15.610134688720658,15.050529425903928,15.530465672348656,16.826450724974652,16.435465828506352,17.426181480749015,18.23624215676026,20.083398342909998,22.37756664608554,23.29569850852298,25.17241094929129,25.9920055594023,26.929490229114997,27.354363235140386,27.721471407556994,19.43875924538395,16.864866320252883,16.93885710430311,15.111542906004006,11.673283042914706,11.584,14.48,11.584004316297538,11.673283042914706,13.11142650515191,14.5515250403523,15.993050522023621,16.18663362160273,16.188417093712406,16.50422712519432,11.66028267238835,14.249797191539253,13.64188700290396,16.173509977738288,17.481796503792168,17.48592030749311,13.322605300766064,14.454839051335025,16.864866320252883,16.869995139299835,14.299862411925508,15.36022867668317,16.479702454838193,17.64703853341971,16.48582521440768,15.350351136048975,18.508516526183293,17.389192534445066,19.632708855377036,20.043746156844033,21.29938461552352,23.26326142225118,24.52340272066664,27.848129919260288,30.972246302133144,30.72045735336634,26.556887336433086,26.645210601532128,27.762774789274935,26.888893636592783,24.87171252648277,24.589696704107595,23.377590038325163,21.07552324380109,19.314018354552736,22.14603190190062,20.475837174582143,17.435649027208594,20.323150961403595,21.767748643348487,18.8790745800741,17.613384115495805,22.14603190190062,22.471806691941794,18.810566206257587,20.155768429906114,21.51432102112451,20.15934525226452,18.123313714660462,19.408211973285947,20.71463955756894,22.038768114393324,23.377590038325163,18.853348588513395,22.642913968833604,18.85870072406898,19.662043840862527,20.852341834911496,23.3205653447767,20.540110637481973,22.85908871761952,21.47904290232691,24.87171252648277,22.471212361597228,24.608884107167476
21.29938461552352,36.88374461737853,34.291408034666645,31.751603817760138,17.389192534445066,12.416326711229857,23.377590038325163,9.254258263091646,15.111542906004006,21.767748643348487,8.806692057747902,18.824,15.928,13.032,7.24,34.781862874205,34.77187146243354,33.33516007161207,28.99582868276056,24.658141393868274,11.673283042914706,10.537761621900545,21.07552324380109,27.041525863012982,18.123313714660462,14.299862411925508,19.662043840862527,17.389192534445066,21.47904290232691,23.509879795524263,20.043746156844033,27.225898258827016,30.43815086367764,29.027794749171008,33.652901449949304,37.24898013368957,41.284451128723994,34.658288258366134,46.05105340814691,40.08749231368807,14.482568971007872,10.087,8.766414318294567,8.413225362487326,5.943096835825578,4.559060539190065,5.213085458727874,1.441,2.896,0.0,3.234701995547658,2.0428374874179296,7.792530012775055,4.085674974835859,3.2253105276856675,8.432433160126442,8.437564162719001,8.171349949671718,5.943096835825578,10.214187437089647,7.765232836174328,11.277008291209153,8.766414318294567,8.646,13.612949129413508,12.90124211074267,11.886193671651156,14.203599015742453,12.969,15.530465672348656,14.698126275141332,14.482568971007872,18.23624215676026,17.292,19.230070852703587,18.95552966814697,18.788879503578706,21.43380218253402,25.938,31.735051725182363,20.380802045061916,16.11338006130309,7.765232836174328,9.244419343582376,7.217619552179236,7.2274195256675124,8.432433160126442,4.085674974835859,7.792530012775055,4.344,4.085674974835859,5.203378229573553,6.128512462253789,8.432433160126442,7.765232836174328,9.244419343582376,8.766414318294567,9.11812107838013,10.494493079706137,10.982618312588306,11.63163071112559,10.504105149892588,12.319298681337342,13.288407617167678,13.677181617570193,14.203599015742453,14.482568971007872,14.698126275141332,15.530465672348656,15.917000502607268,16.435465828506352,17.532828636589134,19.230070852703587,21.808141621880576,22.37756664608554,24.667586525641294,25.17241094929129,26.299242954883702,26.576815234335356,27.417263630785623,17.389192534445066,14.454839051335025,14.249797191539253,12.364359465819488,8.806692057747902,8.688,11.584,8.68800575506255,8.806692057747902,10.237918587291071,11.673283042914706,13.11142650515191,13.346870344766222,13.349033223421086,13.730307826119558,9.254258263091646,11.66028267238835,11.286867102965287,13.64188700290396,14.891106372597035,14.895947401894247,11.277008291209153,12.257024924507578,14.454839051335025,14.460822659862751,12.416326711229857,13.312734993231107,14.299862411925508,15.36022867668317,14.306918081823213,13.612949129413508,16.342699899343437,15.610134688720658,18.075827643568633,18.746489378014218,20.083398342909998,21.965236625176612,23.29569850852298,26.929490229114997,29.728752025606457,28.599724823851016,24.589153564122533,24.514049849015155,25.560834102196274,24.608884107167476,22.573734205930574,22.073462800385446,20.71463955756894,18.307077101492744,16.50422712519432,19.314018354552736,17.613384115495805,14.5515250403523,17.435649027208594,18.8790745800741,15.993050522023621,14.764021267933748,19.314018354552736,19.686713082685998,16.173509977738288,17.481796503792168,18.810566206257587,17.48592030749311,15.639256376183619,16.864866320252883,18.123313714660462,19.408211973285947,20.71463955756894,16.479702454838193,20.091613797801312,16.48582521440768,17.399074917937448,18.508516526183293,20.852341834911496,18.385537386761367,20.540110637481973,19.428873461938032,22.573734205930574,20.5204099617917,22.471212361597228
21.43380218253402,34.98084801716505,32.49497511923959,30.082565050208068,16.826450724974652,12.319298681337342,21.35627647788818,8.413225362487326,12.938807982190632,19.04334266876485,6.469403991095316,15.993050522023621,13.11142650515191,10.237918587291071,4.576769275373186,31.856,31.846,30.408,26.064,21.72,8.688,7.382010633966874,17.905689179699284,23.874252239599045,14.891106372597035,11.277008291209153,16.479702454838193,14.435239104358471,18.385537386761367,20.5204099617917,17.426181480749015,24.52340272066664,27.747721221750805,26.511158122571707,30.972246302133144,34.422890291200126,38.42883297733617,32.51821649475875,43.07398975019612,37.421702593548574,16.435465828506352,11.886193671651156,10.982618312588306,8.766414318294567,7.349063137570666,5.943096835825578,4.559060539190065,4.085674974835859,1.441,3.234701995547658,0.0,4.344,4.576769275373186,1.441,2.0428374874179296,5.213085458727874,5.218620507375488,5.203378229573553,6.128512462253789,7.217619552179236,5.764,8.413225362487326,7.349063137570666,7.765232836174328,10.982618312588306,10.494493079706137,10.087,11.886193671651156,11.886193671651156,13.288407617167678,12.969,13.04958485929725,16.11338006130309,16.11338006130309,17.352520508560133,17.292,17.352520508560133,19.230070852703587,24.667586525641294,30.29562385890081,22.37756664608554,18.23624215676026,10.406756459147106,12.257024924507578,10.214187437089647,10.426170917455748,11.66028267238835,7.2274195256675124,11.019384057196662,7.382010633966874,5.968563059899761,6.469403991095316,7.792530012775055,10.537761621900545,8.171349949671718,10.426170917455748,8.413225362487326,9.244419343582376,10.406756459147106,11.277008291209153,12.257024924507578,10.415066010352502,12.416326711229857,12.90124211074267,13.612949129413508,14.435239104358471,13.677181617570193,14.203599015742453,15.610134688720658,15.050529425903928,16.12655263842834,16.87606189251509,18.746489378014218,20.988986159412274,21.965236625176612,23.772387343302313,24.638597362674684,25.544482946421134,25.9920055594023,26.299242954883702,20.428374874179294,17.64703853341971,17.481796503792168,15.58506002555011,11.937126119799522,11.673283042914706,14.5515250403523,11.672052818591938,11.584,13.032,14.48,15.928,15.993050522023621,15.99395463917539,16.18663362160273,11.019384057196662,13.730307826119558,12.938807982190632,15.58506002555011,16.93885710430311,16.942262540758836,12.435856263241385,13.64188700290396,16.173509977738288,16.177967270334058,13.322605300766064,14.454839051335025,15.639256376183619,16.864866320252883,15.644786991199336,14.299862411925508,17.64703853341971,16.342699899343437,18.48883868716475,18.81469364619047,20.043746156844033,22.025311462042936,23.26326142225118,26.511158122571707,29.706064094726518,31.685398040737947,27.5922679749237,27.602160658180367,28.682463091582633,27.762774789274935,25.733406012418957,25.297299480379323,23.94798465424596,21.51432102112451,19.686713082685998,22.471806691941794,20.72781495961405,17.613384115495805,20.475837174582143,21.910370238770497,18.824,17.435649027208594,21.910370238770497,22.14603190190062,18.307077101492744,19.686713082685998,21.07552324380109,19.68964326746424,17.481796503792168,18.810566206257587,20.155768429906114,21.51432102112451,22.883846376865932,18.123313714660462,22.038768114393324,18.128086495821893,18.853348588513395,20.091613797801312,22.642913968833604,19.662043840862527,22.073462800385446,20.540110637481973,24.06551360349494,21.47904290232691,23.70635096340219
23.26326142225118,38.816423946571895,36.246627429320924,33.729732640505766,19.428873461938032,14.435239104358471,25.26863259062508,11.286867102965287,16.93885710430311,23.346566085829412,10.537761621900545,20.323150961403595,17.435649027208594,14.5515250403523,8.806692057747902,36.2,36.19,34.752,30.408,26.064,13.032,11.673283042914706,22.14603190190062,28.109319451029048,18.810566206257587,14.454839051335025,20.091613797801312,17.399074917937448,21.682258577002536,23.51976991809231,19.632708855377036,26.8497562186326,30.033787390204388,28.4565178649813,33.22578241366184,36.9776773743295,41.0408199235834,33.75212378503018,45.970242385699905,39.6259618053619,15.851,11.618583734689869,10.087,10.406756459147106,7.765232836174328,6.450621055371335,7.2274195256675124,3.2253105276856675,4.576769275373186,2.0428374874179296,4.344,0.0,8.806692057747902,4.576769275373186,3.234701995547658,9.153538550746372,9.156691979093761,8.432433160126442,4.323,10.426170917455748,7.217619552179236,11.286867102965287,7.765232836174328,7.349063137570666,13.312734993231107,12.416326711229857,10.982618312588306,13.612949129413508,11.618583734689869,14.853032047363259,13.677181617570193,13.288407617167678,17.426181480749015,15.917000502607268,18.23624215676026,17.829290507476735,17.532828636589134,20.64961580756407,24.539757802390795,30.399258823201595,21.663446840242205,17.352520508560133,8.766414318294567,9.675931583057004,7.765232836174328,7.217619552179236,8.171349949671718,4.559060539190065,7.2274195256675124,3.234701995547658,2.0428374874179296,3.2253105276856675,4.085674974835859,6.469403991095316,5.943096835825578,7.217619552179236,7.205,7.349063137570666,8.766414318294567,9.11812107838013,9.675931583057004,8.776277115041434,10.494493079706137,11.618583734689869,11.886193671651156,12.319298681337342,12.969,13.04958485929725,13.677181617570193,14.41,14.698126275141332,15.917000502607268,17.532828636589134,20.22589874393719,20.636390478957313,23.10142506426822,23.461659617341653,24.667586525641294,24.879174926030004,25.938,17.617792029650026,14.299862411925508,13.64188700290396,11.66028267238835,7.792530012775055,7.382010633966874,10.237918587291071,7.380065108113884,7.24,8.688,10.136,11.584,11.673283042914706,11.674521703264764,11.937126119799522,7.2274195256675124,9.704105986642974,9.254258263091646,11.66028267238835,12.938807982190632,12.94326589389247,9.244419343582376,10.214187437089647,12.435856263241385,12.441652663533088,10.406756459147106,11.277008291209153,12.257024924507578,13.322605300766064,12.264080886882637,11.63163071112559,14.299862411925508,13.612949129413508,16.12655263842834,16.87606189251509,18.23624215676026,20.083398342909998,21.43380218253402,25.17241094929129,27.848129919260288,28.66271447368515,24.832653422459714,24.589153564122533,25.550942546215392,24.514049849015155,22.471212361597228,21.682258577002536,20.091613797801312,17.481796503792168,15.58506002555011,18.307077101492744,16.50422712519432,13.346870344766222,16.18663362160273,17.613384115495805,14.48,13.11142650515191,17.613384115495805,17.905689179699284,14.249797191539253,15.58506002555011,16.93885710430311,15.588761207998537,13.64188700290396,14.891106372597035,16.173509977738288,17.481796503792168,18.810566206257587,14.454839051335025,18.123313714660462,14.460822659862751,15.36022867668317,16.479702454838193,18.853348588513395,16.342699899343437,18.508516526183293,17.389192534445066,20.540110637481973,18.48883868716475,20.428374874179294
21.808141621880576,32.0976227312865,29.793984510300064,27.602160658180367,16.435465828506352,12.969,18.508516526183293,8.646,10.214187437089647,15.111542906004006,4.559060539190065,11.937126119799522,9.153538550746372,6.469403991095316,2.882,27.549711885970783,27.539725579605907,26.103803879894592,21.767748643348487,17.435649027208594,4.576769275373186,2.896,13.346870344766222,19.314018354552736,10.426170917455748,7.765232836174328,12.257024924507578,10.982618312588306,14.435239104358471,16.826450724974652,14.698126275141332,21.43380218253402,24.638597362674684,23.772387343302313,27.848129919260288,30.972246302133144,34.89489213337677,30.399258823201595,39.26541771075407,34.27608244826121,19.351863166114008,14.853032047363259,14.435239104358471,10.494493079706137,10.406756459147106,9.244419343582376,6.450621055371335,8.432433160126442,5.213085458727874,7.792530012775055,4.576769275373186,8.806692057747902,0.0,4.344,5.792,1.441,1.451,3.2253105276856675,9.153538550746372,4.323,6.128512462253789,5.764,8.171349949671718,9.254258263091646,8.646,8.766414318294567,9.675931583057004,10.190401022530958,12.416326711229857,11.618583734689869,12.319298681337342,12.90124211074267,14.482568971007872,16.12655263842834,16.11338006130309,16.435465828506352,16.87606189251509,17.292,24.166024414454274,29.396252550282664,25.18566322334991,21.29938461552352,14.299862411925508,16.479702454838193,14.454839051335025,14.891106372597035,16.173509977738288,11.66028267238835,15.58506002555011,11.937126119799522,10.136,10.237918587291071,11.673283042914706,14.5515250403523,11.019384057196662,13.730307826119558,10.426170917455748,11.66028267238835,12.435856263241385,13.64188700290396,14.891106372597035,12.441652663533088,14.454839051335025,14.299862411925508,15.36022867668317,16.479702454838193,14.435239104358471,15.350351136048975,17.399074917937448,15.610134688720658,17.389192534445066,17.617792029650026,19.632708855377036,21.29938461552352,22.820129557038012,23.8735569406823,25.23967608746198,25.80248422148534,26.484186980158555,25.9920055594023,24.608884107167476,22.073462800385446,22.038768114393324,20.155768429906114,16.50422712519432,16.18663362160273,19.04334266876485,16.18485613158177,15.993050522023621,17.435649027208594,18.8790745800741,20.323150961403595,20.272,20.272002466456044,20.323150961403595,14.764021267933748,17.613384115495805,16.50422712519432,19.314018354552736,20.72781495961405,20.729902870008825,15.58506002555011,16.93885710430311,19.686713082685998,19.68964326746424,16.173509977738288,17.481796503792168,18.810566206257587,20.155768429906114,18.81439876796492,16.864866320252883,20.71463955756894,18.853348588513395,20.540110637481973,20.428374874179294,21.469154641019287,23.509879795524263,24.589153564122533,27.225898258827016,30.89410922813603,35.89553286970399,31.685398040737947,31.82668270492544,32.95940490967639,32.0976227312865,30.082565050208068,29.78221274519407,28.499594383078506,26.090242850537056,24.26248645543156,27.041525863012982,25.281834427113868,22.14603190190062,24.992714638470147,26.42007617324371,23.21277029998789,21.72,26.103803879894592,26.22285301030382,22.14603190190062,23.567871202126,24.992714638470147,23.569707528944857,21.07552324380109,22.471806691941794,23.874252239599045,25.281834427113868,26.693740689532444,21.51432102112451,25.64877153003629,21.517672016275366,22.038768114393324,23.377590038325163,26.090242850537056,22.642913968833604,25.26863259062508,23.3205653447767,27.181652635555476,24.06551360349494,26.550916839160188
22.795302695950323,35.7151473887481,33.284161894210285,30.93335974316401,18.075827643568633,13.677181617570193,22.073462800385446,9.675931583057004,13.64188700290396,19.314018354552736,7.2274195256675124,16.18663362160273,13.346870344766222,10.537761621900545,5.213085458727874,31.88857502303921,31.878585241506563,30.442124515217397,26.103803879894592,21.767748643348487,8.806692057747902,7.24,17.613384115495805,23.567871202126,14.249797191539253,10.214187437089647,15.639256376183619,13.312734993231107,17.399074917937448,19.428873461938032,16.12655263842834,23.26326142225118,26.484186980158555,25.18566322334991,29.706064094726518,33.22578241366184,37.24898013368957,31.115040109246205,41.975313554516774,36.15165528713727,17.829290507476735,13.288407617167678,12.319298681337342,10.190401022530958,8.766414318294567,7.349063137570666,5.943096835825578,5.203378229573553,2.882,4.085674974835859,1.441,4.576769275373186,4.344,0.0,1.448,4.576769275373186,4.5799276195153995,4.085674974835859,5.213085458727874,6.128512462253789,4.323,7.217619552179236,5.943096835825578,6.450621055371335,9.675931583057004,9.11812107838013,8.646,10.494493079706137,10.494493079706137,11.886193671651156,11.528,11.618583734689869,14.698126275141332,14.698126275141332,15.917000502607268,15.851,15.917000502607268,17.829290507476735,23.237167469379738,28.856352922710105,23.772387343302313,19.607971669706178,11.63163071112559,13.312734993231107,11.277008291209153,11.286867102965287,12.435856263241385,8.171349949671718,11.66028267238835,7.792530012775055,5.792,5.968563059899761,7.382010633966874,10.237918587291071,7.2274195256675124,9.704105986642974,7.217619552179236,8.171349949671718,9.244419343582376,10.214187437089647,11.286867102965287,9.252215356334935,11.277008291209153,11.63163071112559,12.416326711229857,13.312734993231107,12.319298681337342,12.90124211074267,14.435239104358471,13.677181617570193,14.853032047363259,15.530465672348656,17.426181480749015,19.607971669706178,20.64961580756407,22.37756664608554,23.29569850852298,24.166024414454274,24.638597362674684,24.879174926030004,21.469154641019287,18.508516526183293,18.123313714660462,16.173509977738288,12.364359465819488,11.937126119799522,14.764021267933748,11.93471574860499,11.673283042914706,13.11142650515191,14.5515250403523,15.993050522023621,15.928,15.928003139125758,15.993050522023621,10.537761621900545,13.346870344766222,12.364359465819488,15.111542906004006,16.50422712519432,16.50684927537657,11.66028267238835,12.938807982190632,15.58506002555011,15.588761207998537,12.435856263241385,13.64188700290396,14.891106372597035,16.173509977738288,14.895947401894247,13.322605300766064,16.864866320252883,15.36022867668317,17.389192534445066,17.617792029650026,18.81469364619047,20.81351291829421,22.025311462042936,25.18566322334991,28.4565178649813,32.68539979868687,28.66271447368515,28.599724823851016,29.64369538367307,28.682463091582633,26.645210601532128,26.065427293639363,24.589696704107595,22.038768114393324,20.155768429906114,22.883846376865932,21.07552324380109,17.905689179699284,20.72781495961405,22.14603190190062,18.8790745800741,17.376,21.767748643348487,21.910370238770497,17.905689179699284,19.314018354552736,20.72781495961405,19.3162590839945,16.93885710430311,18.307077101492744,19.686713082685998,21.07552324380109,22.471806691941794,17.481796503792168,21.51432102112451,17.48592030749311,18.123313714660462,19.408211973285947,22.038768114393324,18.853348588513395,21.35627647788818,19.662043840862527,23.3205653447767,20.540110637481973,22.85908871761952
23.29569850852298,36.95578472986333,34.49067829138766,32.0976227312865,18.81469364619047,14.203599015742453,23.3205653447767,10.406756459147106,14.891106372597035,20.72781495961405,8.432433160126442,17.613384115495805,14.764021267933748,11.937126119799522,6.469403991095316,33.33516007161207,33.325169421924926,31.88857502303921,27.549711885970783,23.21277029998789,10.237918587291071,8.688,19.04334266876485,24.992714638470147,15.58506002555011,11.286867102965287,16.864866320252883,14.299862411925508,18.508516526183293,20.428374874179294,16.826450724974652,24.017145958668777,27.225898258827016,25.80248422148534,30.43815086367764,34.067046026915804,38.11147261652323,31.483479239118413,42.938309282038574,36.86949660627332,17.532828636589134,13.04958485929725,11.886193671651156,10.494493079706137,8.646,7.205,6.450621055371335,4.559060539190065,3.2253105276856675,3.2253105276856675,2.0428374874179296,3.234701995547658,5.792,1.448,0.0,5.968563059899761,5.970985262081962,5.213085458727874,4.085674974835859,7.2274195256675124,4.559060539190065,8.171349949671718,5.764,5.943096835825578,10.406756459147106,9.675931583057004,8.766414318294567,10.982618312588306,10.190401022530958,12.319298681337342,11.618583734689869,11.528,15.050529425903928,14.482568971007872,16.11338006130309,15.917000502607268,15.851,18.23624215676026,23.10142506426822,28.82,23.461659617341653,19.230070852703587,10.982618312588306,12.416326711229857,10.406756459147106,10.214187437089647,11.286867102965287,7.217619552179236,10.426170917455748,6.469403991095316,4.344,4.576769275373186,5.968563059899761,8.806692057747902,6.128512462253789,8.432433160126442,6.450621055371335,7.217619552179236,8.413225362487326,9.244419343582376,10.214187437089647,8.421790842807722,10.406756459147106,10.982618312588306,11.63163071112559,12.416326711229857,11.886193671651156,12.319298681337342,13.612949129413508,13.288407617167678,14.203599015742453,15.050529425903928,16.87606189251509,19.230070852703587,20.083398342909998,22.047189412712,22.795302695950323,23.772387343302313,24.166024414454274,24.667586525641294,20.5204099617917,17.399074917937448,16.864866320252883,14.891106372597035,11.019384057196662,10.537761621900545,13.346870344766222,10.53503108680748,10.237918587291071,11.673283042914706,13.11142650515191,14.5515250403523,14.48,14.480003453038261,14.5515250403523,9.153538550746372,11.937126119799522,11.019384057196662,13.730307826119558,15.111542906004006,15.114406670458488,10.426170917455748,11.66028267238835,14.249797191539253,14.25384509527166,11.286867102965287,12.435856263241385,13.64188700290396,14.891106372597035,13.647171172078117,12.257024924507578,15.639256376183619,14.299862411925508,16.46005640938086,16.826450724974652,18.075827643568633,20.043746156844033,21.29938461552352,24.638597362674684,27.747721221750805,31.67550372133015,27.733258030747127,27.5922679749237,28.599724823851016,27.602160658180367,25.560834102196274,24.87171252648277,23.3205653447767,20.71463955756894,18.810566206257587,21.51432102112451,19.686713082685998,16.50422712519432,19.314018354552736,20.72781495961405,17.435649027208594,15.928,20.323150961403595,20.475837174582143,16.50422712519432,17.905689179699284,19.314018354552736,17.908106125439396,15.58506002555011,16.93885710430311,18.307077101492744,19.686713082685998,21.07552324380109,16.173509977738288,20.155768429906114,16.177967270334058,16.864866320252883,18.123313714660462,20.71463955756894,17.64703853341971,20.091613797801312,18.508516526183293,22.073462800385446,19.43875924538395,21.682258577002536
23.237167469379738,32.95940490967639,30.72045735336634,28.599724823851016,17.829290507476735,14.41,19.43875924538395,10.087,11.277008291209153,15.58506002555011,5.943096835825578,12.364359465819488,9.704105986642974,7.2274195256675124,4.323,27.662539073628075,27.652593513086618,26.22285301030382,21.910370238770497,17.613384115495805,5.213085458727874,3.234701995547658,13.11142650515191,19.04334266876485,9.704105986642974,6.450621055371335,11.286867102965287,9.675931583057004,13.312734993231107,15.610134688720658,13.288407617167678,20.083398342909998,23.29569850852298,22.37756664608554,26.511158122571707,29.706064094726518,33.652901449949304,28.965137942015744,38.11147261652323,32.947854937764916,20.64961580756407,16.12655263842834,15.610134688720658,11.886193671651156,11.63163071112559,10.406756459147106,7.765232836174328,9.254258263091646,6.128512462253789,8.432433160126442,5.213085458727874,9.153538550746372,1.441,4.576769275373186,5.968563059899761,0.0,0.01,2.0428374874179296,8.806692057747902,2.882,5.213085458727874,4.323,7.2274195256675124,8.432433160126442,7.205,7.349063137570666,8.413225362487326,8.766414318294567,11.277008291209153,10.190401022530958,10.982618312588306,11.63163071112559,13.04958485929725,14.853032047363259,14.698126275141332,15.050529425903928,15.530465672348656,15.851,22.795302695950323,27.98494068244562,26.511158122571707,22.577173693799672,15.350351136048975,17.399074917937448,15.36022867668317,15.639256376183619,16.864866320252883,12.435856263241385,16.173509977738288,12.364359465819488,10.237918587291071,10.136,11.584,14.48,10.537761621900545,13.346870344766222,9.704105986642974,11.019384057196662,11.66028267238835,12.938807982190632,14.249797191539253,11.665229187632791,13.64188700290396,13.322605300766064,14.454839051335025,15.639256376183619,13.312734993231107,14.299862411925508,16.479702454838193,14.435239104358471,16.342699899343437,16.46005640938086,18.48883868716475,20.043746156844033,21.65285865653771,22.577173693799672,24.017145958668777,24.52340272066664,25.23967608746198,24.638597362674684,25.560834102196274,22.85908871761952,22.642913968833604,20.71463955756894,16.93885710430311,16.50422712519432,19.314018354552736,16.501610618360864,16.18663362160273,17.613384115495805,19.04334266876485,20.475837174582143,20.323150961403595,20.32244436577451,20.272,14.5515250403523,17.435649027208594,16.18663362160273,19.04334266876485,20.475837174582143,20.477247080601437,15.111542906004006,16.50422712519432,19.314018354552736,19.3162590839945,15.58506002555011,16.93885710430311,18.307077101492744,19.686713082685998,18.31022807067132,16.173509977738288,20.155768429906114,18.123313714660462,19.662043840862527,19.43875924538395,20.428374874179294,22.471212361597228,23.509879795524263,26.016891147867764,29.76444375425148,36.83765943976354,32.68539979868687,32.75905494668611,33.86060130889586,32.95940490967639,30.93335974316401,30.50551256740329,29.112317959928923,26.602537942835454,24.728718931638976,27.460615652239117,25.64877153003629,22.471806691941794,25.281834427113868,26.693740689532444,23.346566085829412,21.767748643348487,26.064,26.103803879894592,21.910370238770497,23.346566085829412,24.784135651662336,23.347802637507456,20.72781495961405,22.14603190190062,23.567871202126,24.992714638470147,26.42007617324371,21.07552324380109,25.281834427113868,21.07826036465059,21.51432102112451,22.883846376865932,25.64877153003629,22.038768114393324,24.728718931638976,22.642913968833604,26.602537942835454,23.3205653447767,25.877615964381263
23.24708953826263,32.965526721106706,30.727025238379323,28.606779616028085,17.838989321147093,14.42,19.445432394266785,10.097,11.284677044559139,15.588761207998537,5.952795981721531,12.367859353986848,9.708564929998666,7.233405352944075,4.333,27.663582703619575,27.653637518416996,26.223953935285962,21.91168784005468,17.615023133677685,5.218620507375488,3.2391691836024865,13.110331231513564,19.041831844651924,9.699655303153818,6.441687046108341,11.280486204060534,9.66699705182535,13.305159638275672,15.601827617301762,13.278648161616452,20.07407106194456,23.28642027019181,22.36790756865738,26.501918138127287,29.69733294422245,33.64433794860585,28.95518806708048,38.10353297267853,32.938670662308155,20.658688075480494,16.13548883672261,15.61844374449644,11.895892568445632,11.64030381905902,10.415066010352502,7.774512267660268,9.260490051827713,6.135570470624553,8.437564162719001,5.218620507375488,9.156691979093761,1.451,4.5799276195153995,5.970985262081962,0.01,0.0,2.0357959131504315,8.805061328576878,2.872,5.207563729806866,4.313,7.221442584414834,8.427310899687988,7.195,7.339259431305042,8.404663050949752,8.756551832770706,11.269343192928327,10.180502590736863,10.973434512494254,11.62295973493843,13.039646659323251,14.844301297130828,14.688322436548022,15.040955288810615,15.521187583429304,15.841,22.78582070060238,27.975157282846506,26.52039865839124,22.58610971371564,15.357862481478339,17.40570216911688,15.366797486789498,15.644786991199336,16.869995139299835,12.441652663533088,16.177967270334058,12.367859353986848,10.239330886342135,10.136004932911192,11.584004316297538,14.480003453038261,10.53503108680748,13.344714609162686,9.699655303153818,11.015464810892002,11.655342637606154,12.934356265388704,14.245755157238946,11.66028267238835,13.636608119323515,13.316117752558362,14.448859885817981,15.633730201074853,13.305159638275672,14.292810255509586,16.47358348993928,14.427254347241544,16.335647523131733,16.45217848796931,18.481045857851225,20.035119665227857,21.644873480803714,22.56823856662278,24.008746739469764,24.514589146057496,25.23111271822945,24.629239939551525,25.567600200253445,22.86476365502167,22.64737055377511,20.71881541015316,16.942262540758836,16.50684927537657,19.3162590839945,16.50422712519432,16.188417093712406,17.615023133677685,19.044858623786105,20.477247080601437,20.323862452791793,20.323150961403595,20.272002466456044,14.550538168741388,17.43482540778657,16.18485613158177,19.041831844651924,20.47443205561512,20.475837174582143,15.10868521745026,16.501610618360864,19.311782543307597,19.314018354552736,15.581364381850518,16.935456887843326,18.303931053191825,19.683787542035706,18.307077101492744,16.16905764106245,20.152195934934735,18.118545195462026,19.656182437085793,19.4320889510109,20.42132219029904,22.464159565850668,23.502525566415198,26.008583679239436,29.75669827114561,36.84431018488472,32.69245448111842,32.765653984011976,33.866985708799064,32.965526721106706,30.939416688101925,30.51070987374761,29.11677415168102,26.606331295389076,24.73221704578868,27.463765801506536,25.651582426821157,22.47437376213184,25.284116199701344,26.69590178285798,23.347802637507456,21.768412918722394,26.064001918354748,26.10325376270169,21.909057122569198,23.345333752165548,24.78297480126226,23.346566085829412,20.725731663803813,22.14408203109806,23.566038975610645,24.990986875271656,26.41844175949823,21.072790512886517,25.279556404335896,21.07552324380109,21.510974152743525,22.880699836324936,25.645964224415504,22.03484694750567,24.725224367030524,22.63846092383491,26.598747808872506,23.315623688848643,25.87316269805452
24.879174926030004,34.987403004510064,32.75905494668611,30.642562311268946,19.607971669706178,15.917000502607268,21.47904290232691,11.618583734689869,13.312734993231107,17.481796503792168,7.765232836174328,14.249797191539253,11.66028267238835,9.254258263091646,5.943096835825578,29.280879921887593,29.27098954596513,27.849568632206854,23.567871202126,19.314018354552736,7.2274195256675124,5.213085458727874,14.48,20.323150961403595,10.537761621900545,6.128512462253789,11.66028267238835,9.244419343582376,13.322605300766064,15.350351136048975,12.319298681337342,19.351863166114008,22.577173693799672,21.43380218253402,25.80248422148534,29.21992801154719,33.22578241366184,27.721471407556994,37.901713101125125,32.25310527685668,21.43380218253402,16.87606189251509,16.12655263842834,13.04958485929725,12.319298681337342,10.982618312588306,8.766414318294567,9.244419343582376,6.450621055371335,8.171349949671718,5.203378229573553,8.432433160126442,3.2253105276856675,4.085674974835859,5.213085458727874,2.0428374874179296,2.0357959131504315,0.0,7.24,2.0428374874179296,3.234701995547658,3.2253105276856675,5.213085458727874,6.469403991095316,5.943096835825578,5.764,6.450621055371335,7.205,9.244419343582376,8.646,9.11812107838013,9.675931583057004,11.528,12.90124211074267,13.04958485929725,13.288407617167678,13.677181617570193,14.482568971007872,20.988986159412274,26.299242954883702,27.354363235140386,23.29569850852298,15.610134688720658,17.389192534445066,15.350351136048975,15.36022867668317,16.479702454838193,12.257024924507578,15.639256376183619,11.66028267238835,9.153538550746372,8.806692057747902,10.237918587291071,13.11142650515191,8.806692057747902,11.673283042914706,7.792530012775055,9.153538550746372,9.704105986642974,11.019384057196662,12.364359465819488,9.708564929998666,11.66028267238835,11.286867102965287,12.435856263241385,13.64188700290396,11.277008291209153,12.257024924507578,14.454839051335025,12.416326711229857,14.299862411925508,14.435239104358471,16.46005640938086,18.075827643568633,19.632708855377036,20.64961580756407,22.025311462042936,22.577173693799672,23.26326142225118,22.795302695950323,25.550942546215392,22.573734205930574,22.073462800385446,20.091613797801312,16.173509977738288,15.58506002555011,18.307077101492744,15.581364381850518,15.111542906004006,16.50422712519432,17.905689179699284,19.314018354552736,19.04334266876485,19.041831844651924,18.8790745800741,13.032,15.928,14.5515250403523,17.435649027208594,18.8790745800741,18.87984049191094,13.346870344766222,14.764021267933748,17.613384115495805,17.615023133677685,13.730307826119558,15.111542906004006,16.50422712519432,17.905689179699284,16.50684927537657,14.249797191539253,18.307077101492744,16.173509977738288,17.64703853341971,17.399074917937448,18.385537386761367,20.428374874179294,21.469154641019287,24.017145958668777,27.733258030747127,36.771074773522734,32.73929457089752,32.68539979868687,33.72723813181269,32.75905494668611,30.72045735336634,30.082565050208068,28.52359647730279,25.877615964381263,23.94798465424596,26.602537942835454,24.728718931638976,21.51432102112451,24.26248645543156,25.64877153003629,22.14603190190062,20.475837174582143,24.658141393868274,24.616,20.323150961403595,21.767748643348487,23.21277029998789,21.768412918722394,19.04334266876485,20.475837174582143,21.910370238770497,23.346566085829412,24.784135651662336,19.314018354552736,23.567871202126,19.3162590839945,19.686713082685998,21.07552324380109,23.874252239599045,20.155768429906114,22.883846376865932,20.71463955756894,24.728718931638976,21.35627647788818,23.94798465424596
27.0978239901288,40.925661008711884,38.49692144834441,36.13709762833756,22.820129557038012,18.075827643568633,27.28377400580792,14.435239104358471,18.853348588513395,24.26248645543156,12.435856263241385,21.07552324380109,18.307077101492744,15.58506002555011,10.426170917455748,36.45721230428898,36.44728287540787,35.01984912874411,30.713755761873212,26.42007617324371,13.730307826119558,11.937126119799522,21.72,27.549711885970783,17.613384115495805,12.364359465819488,18.307077101492744,14.891106372597035,19.408211973285947,20.852341834911496,16.342699899343437,23.509879795524263,26.625469986462214,24.832653422459714,29.76444375425148,33.71734320791008,37.801345703559285,29.728752025606457,42.95808580465382,36.08809776089618,20.174,15.917000502607268,14.41,14.203599015742453,11.886193671651156,10.494493079706137,10.406756459147106,7.349063137570666,7.217619552179236,5.943096835825578,6.128512462253789,4.323,9.153538550746372,5.213085458727874,4.085674974835859,8.806692057747902,8.805061328576878,7.24,0.0,8.806692057747902,4.576769275373186,9.153538550746372,4.085674974835859,3.2253105276856675,10.426170917455748,9.254258263091646,7.217619552179236,10.214187437089647,7.349063137570666,11.277008291209153,9.675931583057004,9.11812107838013,13.612949129413508,11.618583734689869,14.203599015742453,13.677181617570193,13.288407617167678,16.826450724974652,20.22589874393719,26.0991697185945,25.978386170045283,21.663446840242205,13.04958485929725,13.677181617570193,11.886193671651156,10.982618312588306,11.63163071112559,8.766414318294567,10.406756459147106,6.450621055371335,3.2253105276856675,2.0428374874179296,3.234701995547658,5.968563059899761,2.0428374874179296,4.576769275373186,2.882,3.2253105276856675,4.559060539190065,5.203378229573553,6.128512462253789,4.568543859918607,6.450621055371335,7.349063137570666,7.765232836174328,8.413225362487326,8.646,8.766414318294567,9.675931583057004,10.087,10.494493079706137,11.618583734689869,13.288407617167678,15.917000502607268,16.435465828506352,18.788879503578706,19.230070852703587,20.380802045061916,20.636390478957313,21.615,21.29938461552352,17.617792029650026,16.342699899343437,14.299862411925508,10.214187437089647,9.254258263091646,11.66028267238835,9.248033088176102,8.432433160126442,9.704105986642974,11.019384057196662,12.364359465819488,11.937126119799522,11.93471574860499,11.673283042914706,5.792,8.688,7.382010633966874,10.237918587291071,11.673283042914706,11.674521703264764,6.469403991095316,7.792530012775055,10.537761621900545,10.540500936862536,7.2274195256675124,8.432433160126442,9.704105986642974,11.019384057196662,9.708564929998666,8.171349949671718,11.66028267238835,10.214187437089647,12.416326711229857,12.90124211074267,14.203599015742453,16.12655263842834,17.426181480749015,20.988986159412274,23.8735569406823,32.04875691817079,28.4565178649813,28.022853530645303,28.870478208716943,27.733258030747127,25.703919156424377,24.514049849015155,22.573734205930574,19.662043840862527,17.64703853341971,20.091613797801312,18.123313714660462,14.891106372597035,17.481796503792168,18.810566206257587,15.111542906004006,13.346870344766222,17.435649027208594,17.376,13.11142650515191,14.5515250403523,15.993050522023621,14.552518716703306,11.937126119799522,13.346870344766222,14.764021267933748,16.18663362160273,17.613384115495805,12.364359465819488,16.50422712519432,12.367859353986848,12.938807982190632,14.249797191539253,16.93885710430311,13.64188700290396,16.173509977738288,14.454839051335025,18.123313714660462,15.36022867668317,17.64703853341971
26.0991697185945,34.798149835874895,32.68539979868687,30.70070227209795,20.636390478957313,17.292,21.469154641019287,12.969,13.612949129413508,16.864866320252883,8.766414318294567,13.64188700290396,11.286867102965287,9.244419343582376,7.205,28.109319451029048,28.099532024572934,26.693740689532444,22.471806691941794,18.307077101492744,7.217619552179236,5.203378229573553,13.11142650515191,18.824,8.806692057747902,4.085674974835859,9.704105986642974,7.217619552179236,11.286867102965287,13.312734993231107,10.494493079706137,17.426181480749015,20.64961580756407,19.607971669706178,23.8735569406823,27.225898258827016,31.220269377441316,26.0991697185945,35.86594296822544,30.32231298895254,23.29569850852298,18.746489378014218,18.075827643568633,14.698126275141332,14.203599015742453,12.90124211074267,10.494493079706137,11.277008291209153,8.413225362487326,10.214187437089647,7.217619552179236,10.426170917455748,4.323,6.128512462253789,7.2274195256675124,2.882,2.872,2.0428374874179296,8.806692057747902,0.0,4.344,1.441,5.968563059899761,7.382010633966874,4.323,4.559060539190065,6.128512462253789,5.943096835825578,9.254258263091646,7.349063137570666,8.413225362487326,9.244419343582376,10.190401022530958,12.416326711229857,11.886193671651156,12.319298681337342,12.90124211074267,12.969,20.083398342909998,25.17241094929129,29.195001918136605,25.18566322334991,17.617792029650026,19.428873461938032,17.389192534445066,17.399074917937448,18.508516526183293,14.299862411925508,17.64703853341971,13.64188700290396,11.019384057196662,10.537761621900545,11.937126119799522,14.764021267933748,10.136,13.032,8.806692057747902,10.237918587291071,10.537761621900545,11.937126119799522,13.346870344766222,10.540500936862536,12.364359465819488,11.66028267238835,12.938807982190632,14.249797191539253,11.286867102965287,12.435856263241385,14.891106372597035,12.257024924507578,14.454839051335025,14.299862411925508,16.342699899343437,17.617792029650026,19.428873461938032,20.043746156844033,21.65285865653771,22.025311462042936,22.820129557038012,21.965236625176612,27.5922679749237,24.608884107167476,24.06551360349494,22.073462800385446,18.123313714660462,17.481796503792168,20.155768429906114,17.477677448677213,16.93885710430311,18.307077101492744,19.686713082685998,21.07552324380109,20.72781495961405,20.725731663803813,20.475837174582143,14.5515250403523,17.435649027208594,15.928,18.824,20.272,20.272002466456044,14.5515250403523,15.993050522023621,18.8790745800741,18.87984049191094,14.764021267933748,16.18663362160273,17.613384115495805,19.04334266876485,17.615023133677685,15.111542906004006,19.314018354552736,16.93885710430311,18.123313714660462,17.64703853341971,18.508516526183293,20.540110637481973,21.47904290232691,23.676902014410587,27.5922679749237,38.81391226094066,34.77838506889013,34.72823728610481,35.769192121153644,34.798149835874895,32.75905494668611,32.0976227312865,30.50551256740329,27.823414905435314,25.877615964381263,28.499594383078506,26.602537942835454,23.377590038325163,26.090242850537056,27.460615652239117,23.874252239599045,22.14603190190062,26.22285301030382,26.103803879894592,21.72,23.168,24.616,23.16800215814907,20.323150961403595,21.767748643348487,23.21277029998789,24.658141393868274,26.103803879894592,20.475837174582143,24.784135651662336,20.477247080601437,20.72781495961405,22.14603190190062,24.992714638470147,21.07552324380109,23.874252239599045,21.51432102112451,25.64877153003629,22.038768114393324,24.728718931638976
26.929490229114997,38.16052410541553,35.89553286970399,33.72723813181269,21.965236625176612,17.829290507476735,24.608884107167476,13.677181617570193,16.342699899343437,20.71463955756894,10.406756459147106,17.481796503792168,14.891106372597035,12.435856263241385,8.413225362487326,32.37326724320546,32.363427074399894,30.94947754001673,26.693740689532444,22.471806691941794,10.426170917455748,8.432433160126442,17.435649027208594,23.168,13.11142650515191,7.792530012775055,13.730307826119558,10.426170917455748,14.891106372597035,16.479702454838193,12.416326711229857,19.632708855377036,22.820129557038012,21.29938461552352,26.016891147867764,29.76444375425148,33.831024873627456,26.929490229114997,38.81391226094066,32.42738066819459,22.047189412712,17.532828636589134,16.435465828506352,14.482568971007872,13.04958485929725,11.618583734689869,10.190401022530958,9.11812107838013,7.205,7.765232836174328,5.764,7.217619552179236,6.128512462253789,4.323,4.559060539190065,5.213085458727874,5.207563729806866,3.234701995547658,4.576769275373186,4.344,0.0,4.576769275373186,2.0428374874179296,3.234701995547658,6.128512462253789,5.203378229573553,4.323,6.450621055371335,6.450621055371335,7.765232836174328,7.205,7.349063137570666,10.494493079706137,10.494493079706137,11.618583734689869,11.528,11.618583734689869,13.677181617570193,18.95552966814697,24.539757802390795,27.98494068244562,23.772387343302313,15.530465672348656,16.826450724974652,14.853032047363259,14.435239104358471,15.350351136048975,11.63163071112559,14.299862411925508,10.214187437089647,7.2274195256675124,6.469403991095316,7.792530012775055,10.537761621900545,5.792,8.688,4.576769275373186,5.968563059899761,6.469403991095316,7.792530012775055,9.153538550746372,6.4738649970477455,8.432433160126442,8.171349949671718,9.254258263091646,10.426170917455748,8.413225362487326,9.244419343582376,11.286867102965287,9.675931583057004,11.277008291209153,11.63163071112559,13.612949129413508,15.530465672348656,16.826450724974652,18.23624215676026,19.351863166114008,20.083398342909998,20.64961580756407,20.636390478957313,24.832653422459714,21.469154641019287,20.540110637481973,18.508516526183293,14.454839051335025,13.64188700290396,16.173509977738288,13.636608119323515,12.938807982190632,14.249797191539253,15.58506002555011,16.93885710430311,16.50422712519432,16.501610618360864,16.18663362160273,10.237918587291071,13.11142650515191,11.584,14.48,15.928,15.928003139125758,10.237918587291071,11.673283042914706,14.5515250403523,14.552518716703306,10.537761621900545,11.937126119799522,13.346870344766222,14.764021267933748,13.349033223421086,11.019384057196662,15.111542906004006,12.938807982190632,14.454839051335025,14.299862411925508,15.350351136048975,17.389192534445066,18.48883868716475,21.29938461552352,24.832653422459714,35.86594296822544,32.04875691817079,31.797122401248828,32.73929457089752,31.67550372133015,29.633801797946887,28.682463091582633,26.888893636592783,24.06551360349494,22.073462800385446,24.589696704107595,22.642913968833604,19.408211973285947,22.038768114393324,23.377590038325163,19.686713082685998,17.905689179699284,21.910370238770497,21.767748643348487,17.376,18.824,20.272,18.82400265618341,15.993050522023621,17.435649027208594,18.8790745800741,20.323150961403595,21.767748643348487,16.18663362160273,20.475837174582143,16.188417093712406,16.50422712519432,17.905689179699284,20.72781495961405,16.93885710430311,19.686713082685998,17.481796503792168,21.51432102112451,18.123313714660462,20.71463955756894
27.53173545201973,35.769192121153644,33.71734320791008,31.797122401248828,22.047189412712,18.733,22.554016582418306,14.41,14.853032047363259,17.64703853341971,10.190401022530958,14.454839051335025,12.257024924507578,10.406756459147106,8.646,28.439799032341984,28.43012537784524,27.041525863012982,22.883846376865932,18.810566206257587,8.413225362487326,6.450621055371335,13.346870344766222,18.8790745800741,8.688,3.234701995547658,9.153538550746372,6.128512462253789,10.426170917455748,12.257024924507578,9.11812107838013,16.12655263842834,19.351863166114008,18.23624215676026,22.577173693799672,26.016891147867764,30.033787390204388,24.667586525641294,34.77838506889013,29.027794749171008,24.638597362674684,20.083398342909998,19.351863166114008,16.11338006130309,15.530465672348656,14.203599015742453,11.886193671651156,12.416326711229857,9.675931583057004,11.277008291209153,8.413225362487326,11.286867102965287,5.764,7.217619552179236,8.171349949671718,4.323,4.313,3.2253105276856675,9.153538550746372,1.441,4.576769275373186,0.0,5.792,7.24,2.882,3.2253105276856675,5.213085458727874,4.559060539190065,8.432433160126442,5.943096835825578,7.217619552179236,8.171349949671718,8.766414318294567,11.277008291209153,10.494493079706137,10.982618312588306,11.63163071112559,11.528,18.746489378014218,23.772387343302313,30.550464742782555,26.511158122571707,18.81469364619047,20.5204099617917,18.48883868716475,18.385537386761367,19.43875924538395,15.350351136048975,18.508516526183293,14.454839051335025,11.66028267238835,11.019384057196662,12.364359465819488,15.111542906004006,10.237918587291071,13.11142650515191,8.688,10.136,10.237918587291071,11.673283042914706,13.11142650515191,10.239330886342135,11.937126119799522,11.019384057196662,12.364359465819488,13.730307826119558,10.426170917455748,11.66028267238835,14.249797191539253,11.286867102965287,13.64188700290396,13.322605300766064,15.36022867668317,16.46005640938086,18.385537386761367,18.81469364619047,20.5204099617917,20.81351291829421,21.65285865653771,20.64961580756407,28.66271447368515,25.560834102196274,24.87171252648277,22.85908871761952,18.853348588513395,18.123313714660462,20.71463955756894,18.118545195462026,17.481796503792168,18.810566206257587,20.155768429906114,21.51432102112451,21.07552324380109,21.072790512886517,20.72781495961405,14.764021267933748,17.613384115495805,15.993050522023621,18.8790745800741,20.323150961403595,20.32244436577451,14.48,15.928,18.824,18.82400265618341,14.5515250403523,15.993050522023621,17.435649027208594,18.8790745800741,17.436478342830586,14.764021267933748,19.04334266876485,16.50422712519432,17.481796503792168,16.864866320252883,17.64703853341971,19.662043840862527,20.540110637481973,22.554016582418306,26.556887336433086,39.84347555121165,35.86594296822544,35.759296693307604,36.771074773522734,35.769192121153644,33.72723813181269,32.95940490967639,31.278512752367238,28.52359647730279,26.550916839160188,29.112317959928923,27.181652635555476,23.94798465424596,26.602537942835454,27.947802507531787,24.26248645543156,22.471806691941794,26.42007617324371,26.22285301030382,21.767748643348487,23.21277029998789,24.658141393868274,23.212151666745587,20.272,21.72,23.168,24.616,26.064,20.323150961403595,24.658141393868274,20.323862452791793,20.475837174582143,21.910370238770497,24.784135651662336,20.72781495961405,23.567871202126,21.07552324380109,25.281834427113868,21.51432102112451,24.26248645543156
28.72439703457672,40.18591475878084,37.93131435898313,35.769192121153644,23.8735569406823,19.607971669706178,26.645210601532128,15.530465672348656,18.385537386761367,22.642913968833604,12.416326711229857,19.408211973285947,16.864866320252883,14.454839051335025,10.406756459147106,34.07445437567563,34.06468055038826,32.66063013782802,28.439799032341984,24.26248645543156,12.435856263241385,10.426170917455748,19.04334266876485,24.658141393868274,14.48,8.806692057747902,14.764021267933748,11.019384057196662,15.58506002555011,16.864866320252883,12.257024924507578,19.428873461938032,22.554016582418306,20.81351291829421,25.703919156424377,29.633801797946887,33.71734320791008,25.9920055594023,38.8775184907679,32.04875691817079,23.237167469379738,18.788879503578706,17.532828636589134,16.11338006130309,14.41,12.969,11.886193671651156,10.190401022530958,8.766414318294567,8.766414318294567,7.349063137570666,7.765232836174328,8.171349949671718,5.943096835825578,5.764,7.2274195256675124,7.221442584414834,5.213085458727874,4.085674974835859,5.968563059899761,2.0428374874179296,5.792,0.0,1.448,6.469403991095316,5.213085458727874,3.2253105276856675,6.128512462253789,4.559060539190065,7.217619552179236,5.943096835825578,5.764,9.675931583057004,8.766414318294567,10.494493079706137,10.190401022530958,10.087,12.90124211074267,17.352520508560133,23.056,29.145544016195682,24.879174926030004,16.435465828506352,17.426181480749015,15.530465672348656,14.853032047363259,15.610134688720658,12.319298681337342,14.435239104358471,10.406756459147106,7.217619552179236,6.128512462253789,7.2274195256675124,9.704105986642974,4.576769275373186,7.382010633966874,2.896,4.344,4.576769275373186,5.968563059899761,7.382010633966874,4.5799276195153995,6.469403991095316,6.128512462253789,7.2274195256675124,8.432433160126442,6.450621055371335,7.217619552179236,9.254258263091646,7.765232836174328,9.244419343582376,9.675931583057004,11.63163071112559,13.677181617570193,14.853032047363259,16.435465828506352,17.426181480749015,18.23624215676026,18.746489378014218,18.95552966814697,25.23967608746198,21.65285865653771,20.428374874179294,18.385537386761367,14.299862411925508,13.322605300766064,15.639256376183619,13.316117752558362,12.435856263241385,13.64188700290396,14.891106372597035,16.173509977738288,15.58506002555011,15.581364381850518,15.111542906004006,9.153538550746372,11.937126119799522,10.237918587291071,13.11142650515191,14.5515250403523,14.550538168741388,8.688,10.136,13.032,13.032003836709073,8.806692057747902,10.237918587291071,11.673283042914706,13.11142650515191,11.674521703264764,9.153538550746372,13.346870344766222,11.019384057196662,12.435856263241385,12.257024924507578,13.312734993231107,15.350351136048975,16.46005640938086,19.351863166114008,22.820129557038012,36.08809776089618,32.42738066819459,32.04875691817079,32.92011281876172,31.797122401248828,29.76444375425148,28.599724823851016,26.645210601532128,23.70635096340219,21.682258577002536,24.06551360349494,22.073462800385446,18.853348588513395,21.35627647788818,22.642913968833604,18.810566206257587,16.93885710430311,20.72781495961405,20.475837174582143,15.993050522023621,17.435649027208594,18.8790745800741,17.43482540778657,14.48,15.928,17.376,18.824,20.272,14.5515250403523,18.8790745800741,14.552518716703306,14.764021267933748,16.18663362160273,19.04334266876485,15.111542906004006,17.905689179699284,15.58506002555011,19.686713082685998,16.173509977738288,18.810566206257587
29.195001918136605,41.34319079364823,39.04804057824157,36.83765943976354,24.52340272066664,20.083398342909998,27.762774789274935,16.12655263842834,19.43875924538395,23.94798465424596,13.312734993231107,20.71463955756894,18.123313714660462,15.639256376183619,11.277008291209153,35.49103448759982,35.48124277699416,34.07445437567563,29.842815299498806,25.64877153003629,13.64188700290396,11.66028267238835,20.475837174582143,26.103803879894592,15.928,10.237918587291071,16.18663362160273,12.364359465819488,16.93885710430311,18.123313714660462,13.322605300766064,20.428374874179294,23.509879795524263,21.65285865653771,26.625469986462214,30.642562311268946,34.72823728610481,26.511158122571707,39.967815902298184,32.92011281876172,23.10142506426822,18.733,17.352520508560133,16.435465828506352,14.482568971007872,13.04958485929725,12.319298681337342,10.087,9.11812107838013,8.646,7.765232836174328,7.349063137570666,9.254258263091646,6.450621055371335,5.943096835825578,8.432433160126442,8.427310899687988,6.469403991095316,3.2253105276856675,7.382010633966874,3.234701995547658,7.24,1.448,0.0,7.792530012775055,6.469403991095316,4.085674974835859,7.2274195256675124,4.323,8.171349949671718,6.450621055371335,5.943096835825578,10.406756459147106,8.646,10.982618312588306,10.494493079706137,10.190401022530958,13.612949129413508,17.292,23.10142506426822,28.965137942015744,24.667586525641294,16.11338006130309,16.87606189251509,15.050529425903928,14.203599015742453,14.853032047363259,11.886193671651156,13.612949129413508,9.675931583057004,6.450621055371335,5.203378229573553,6.128512462253789,8.432433160126442,3.234701995547658,5.968563059899761,1.448,2.896,3.234701995547658,4.576769275373186,5.968563059899761,3.2391691836024865,5.213085458727874,5.203378229573553,6.128512462253789,7.2274195256675124,5.943096835825578,6.450621055371335,8.171349949671718,7.349063137570666,8.413225362487326,9.11812107838013,10.982618312588306,13.288407617167678,14.203599015742453,16.11338006130309,16.87606189251509,17.829290507476735,18.23624215676026,18.788879503578706,24.52340272066664,20.81351291829421,19.428873461938032,17.389192534445066,13.312734993231107,12.257024924507578,14.454839051335025,12.249973061194869,11.286867102965287,12.435856263241385,13.64188700290396,14.891106372597035,14.249797191539253,14.245755157238946,13.730307826119558,7.792530012775055,10.537761621900545,8.806692057747902,11.673283042914706,13.11142650515191,13.110331231513564,7.24,8.688,11.584,11.584004316297538,7.382010633966874,8.806692057747902,10.237918587291071,11.673283042914706,10.239330886342135,7.792530012775055,11.937126119799522,9.704105986642974,11.286867102965287,11.277008291209153,12.416326711229857,14.435239104358471,15.610134688720658,18.746489378014218,22.025311462042936,35.23558405930005,31.675082083555836,31.220269377441316,32.04875691817079,30.89410922813603,28.870478208716943,27.5922679749237,25.560834102196274,22.573734205930574,20.540110637481973,22.85908871761952,20.852341834911496,17.64703853341971,20.091613797801312,21.35627647788818,17.481796503792168,15.58506002555011,19.314018354552736,19.04334266876485,14.5515250403523,15.993050522023621,17.435649027208594,15.992152606825638,13.032,14.48,15.928,17.376,18.824,13.11142650515191,17.435649027208594,13.112529313599266,13.346870344766222,14.764021267933748,17.613384115495805,13.730307826119558,16.50422712519432,14.249797191539253,18.307077101492744,14.891106372597035,17.481796503792168
30.399258823201595,37.801345703559285,35.86594296822544,34.067046026915804,24.879174926030004,21.615,24.832653422459714,17.292,17.426181480749015,19.43875924538395,13.04958485929725,16.342699899343437,14.435239104358471,12.90124211074267,11.528,29.302861856822105,29.293473215035462,27.947802507531787,23.94798465424596,20.091613797801312,10.982618312588306,9.11812107838013,14.249797191539253,19.314018354552736,9.153538550746372,3.234701995547658,8.688,4.576769275373186,9.153538550746372,10.426170917455748,6.450621055371335,13.612949129413508,16.826450724974652,15.530465672348656,20.043746156844033,23.676902014410587,27.733258030747127,21.808141621880576,32.68539979868687,26.484186980158555,27.354363235140386,22.795302695950323,21.965236625176612,18.95552966814697,18.23624215676026,16.87606189251509,14.698126275141332,14.853032047363259,12.319298681337342,13.612949129413508,10.982618312588306,13.312734993231107,8.646,9.675931583057004,10.406756459147106,7.205,7.195,5.943096835825578,10.426170917455748,4.323,6.128512462253789,2.882,6.469403991095316,7.792530012775055,0.0,1.448,4.344,2.0428374874179296,7.382010633966874,3.2253105276856675,5.213085458727874,6.469403991095316,5.943096835825578,9.254258263091646,7.765232836174328,8.413225362487326,9.244419343582376,8.646,16.12655263842834,20.988986159412274,33.28295810170725,29.195001918136605,21.29938461552352,22.820129557038012,20.81351291829421,20.5204099617917,21.469154641019287,17.617792029650026,20.428374874179294,16.342699899343437,13.322605300766064,12.435856263241385,13.64188700290396,16.173509977738288,11.019384057196662,13.730307826119558,9.153538550746372,10.537761621900545,10.237918587291071,11.673283042914706,13.11142650515191,10.236515862343007,11.584,10.237918587291071,11.673283042914706,13.11142650515191,9.153538550746372,10.537761621900545,13.346870344766222,9.704105986642974,12.364359465819488,11.66028267238835,13.64188700290396,14.299862411925508,16.479702454838193,16.46005640938086,18.385537386761367,18.48883868716475,19.428873461938032,18.075827643568633,30.89410922813603,27.5922679749237,26.645210601532128,24.608884107167476,20.540110637481973,19.662043840862527,22.073462800385446,19.656182437085793,18.853348588513395,20.091613797801312,21.35627647788818,22.642913968833604,22.038768114393324,22.03484694750567,21.51432102112451,15.58506002555011,18.307077101492744,16.50422712519432,19.314018354552736,20.72781495961405,20.725731663803813,14.764021267933748,16.18663362160273,19.04334266876485,19.041831844651924,14.5515250403523,15.993050522023621,17.435649027208594,18.8790745800741,17.43482540778657,14.48,18.824,15.993050522023621,16.50422712519432,15.58506002555011,16.173509977738288,18.123313714660462,18.853348588513395,20.428374874179294,24.608884107167476,41.975313554516774,38.11147261652323,37.901713101125125,38.857746923876064,37.801345703559285,35.759296693307604,34.798149835874895,32.95940490967639,30.082565050208068,28.071523382246287,30.50551256740329,28.52359647730279,25.297299480379323,27.823414905435314,29.112317959928923,25.26863259062508,23.377590038325163,27.041525863012982,26.693740689532444,22.14603190190062,23.567871202126,24.992714638470147,23.566038975610645,20.475837174582143,21.910370238770497,23.346566085829412,24.784135651662336,26.22285301030382,20.323150961403595,24.658141393868274,20.32244436577451,20.272,21.72,24.616,20.323150961403595,23.21277029998789,20.475837174582143,24.784135651662336,20.72781495961405,23.567871202126
30.571203067592876,38.81391226094066,36.817890990658334,34.94807635621738,25.17241094929129,21.663446840242205,25.703919156424377,17.352520508560133,18.075827643568633,20.540110637481973,13.288407617167678,17.399074917937448,15.350351136048975,13.612949129413508,11.618583734689869,30.6664176094959,30.65697423099677,29.302861856822105,25.26863259062508,21.35627647788818,11.63163071112559,9.675931583057004,15.58506002555011,20.72781495961405,10.537761621900545,4.576769275373186,10.136,5.968563059899761,10.537761621900545,11.66028267238835,7.217619552179236,14.435239104358471,17.617792029650026,16.12655263842834,20.81351291829421,24.589153564122533,28.66271447368515,22.047189412712,33.72723813181269,27.225898258827016,26.929490229114997,22.37756664608554,21.43380218253402,18.788879503578706,17.829290507476735,16.435465828506352,14.482568971007872,14.203599015742453,11.886193671651156,12.90124211074267,10.494493079706137,12.416326711229857,8.766414318294567,9.11812107838013,9.675931583057004,7.349063137570666,7.339259431305042,5.764,9.254258263091646,4.559060539190065,5.203378229573553,3.2253105276856675,5.213085458727874,6.469403991095316,1.448,0.0,2.896,1.441,5.968563059899761,2.882,4.085674974835859,5.213085458727874,5.764,8.171349949671718,7.349063137570666,7.765232836174328,8.413225362487326,8.766414318294567,15.530465672348656,20.636390478957313,32.870931657012704,28.72439703457672,20.64961580756407,22.025311462042936,20.043746156844033,19.632708855377036,20.5204099617917,16.826450724974652,19.428873461938032,15.350351136048975,12.257024924507578,11.286867102965287,12.435856263241385,14.891106372597035,9.704105986642974,12.364359465819488,7.792530012775055,9.153538550746372,8.806692057747902,10.237918587291071,11.673283042914706,8.805061328576878,10.136,8.806692057747902,10.237918587291071,11.673283042914706,7.792530012775055,9.153538550746372,11.937126119799522,8.432433160126442,11.019384057196662,10.426170917455748,12.435856263241385,13.312734993231107,15.36022867668317,15.610134688720658,17.389192534445066,17.617792029650026,18.48883868716475,17.426181480749015,30.033787390204388,26.625469986462214,25.560834102196274,23.51976991809231,19.43875924538395,18.508516526183293,20.852341834911496,18.502289696143016,17.64703853341971,18.853348588513395,20.091613797801312,21.35627647788818,20.71463955756894,20.710467691483938,20.155768429906114,14.249797191539253,16.93885710430311,15.111542906004006,17.905689179699284,19.314018354552736,19.311782543307597,13.346870344766222,14.764021267933748,17.613384115495805,17.611750622808625,13.11142650515191,14.5515250403523,15.993050522023621,17.435649027208594,15.992152606825638,13.032,17.376,14.5515250403523,15.111542906004006,14.249797191539253,14.891106372597035,16.864866320252883,17.64703853341971,19.428873461938032,23.51976991809231,41.0408199235834,37.24898013368957,36.9776773743295,37.901713101125125,36.817890990658334,34.77838506889013,33.72723813181269,31.82668270492544,28.90967810267005,26.888893636592783,29.278006369969933,27.28377400580792,24.06551360349494,26.550916839160188,27.823414905435314,23.94798465424596,22.038768114393324,25.64877153003629,25.281834427113868,20.72781495961405,22.14603190190062,23.567871202126,22.14408203109806,19.04334266876485,20.475837174582143,21.910370238770497,23.346566085829412,24.784135651662336,18.8790745800741,23.21277029998789,18.878313934247412,18.824,20.272,23.168,18.8790745800741,21.767748643348487,19.04334266876485,23.346566085829412,19.314018354552736,22.14603190190062
31.115040109246205,40.91767472621092,38.81391226094066,36.817890990658334,25.9920055594023,22.047189412712,27.5922679749237,17.829290507476735,19.632708855377036,22.85908871761952,14.203599015742453,19.662043840862527,17.399074917937448,15.350351136048975,12.319298681337342,33.41485156333932,33.40531821432031,32.0373849276123,27.947802507531787,23.94798465424596,13.312734993231107,11.277008291209153,18.307077101492744,23.567871202126,13.346870344766222,7.382010633966874,13.032,8.806692057747902,13.346870344766222,14.249797191539253,9.254258263091646,16.342699899343437,19.428873461938032,17.617792029650026,22.554016582418306,26.556887336433086,30.642562311268946,22.795302695950323,35.89553286970399,28.870478208716943,26.299242954883702,21.808141621880576,20.636390478957313,18.788879503578706,17.352520508560133,15.917000502607268,14.482568971007872,13.288407617167678,11.528,11.886193671651156,10.087,10.982618312588306,9.675931583057004,8.646,8.766414318294567,8.413225362487326,8.404663050949752,6.450621055371335,7.217619552179236,6.128512462253789,4.323,5.213085458727874,3.2253105276856675,4.085674974835859,4.344,2.896,0.0,3.234701995547658,3.234701995547658,4.085674974835859,2.882,3.2253105276856675,6.450621055371335,6.450621055371335,7.349063137570666,7.205,7.349063137570666,9.675931583057004,14.698126275141332,20.22589874393719,32.22676012260618,27.98494068244562,19.607971669706178,20.64961580756407,18.746489378014218,18.075827643568633,18.81469364619047,15.530465672348656,17.617792029650026,13.612949129413508,10.406756459147106,9.244419343582376,10.214187437089647,12.435856263241385,7.2274195256675124,9.704105986642974,5.213085458727874,6.469403991095316,5.968563059899761,7.382010633966874,8.806692057747902,5.966156635556931,7.24,5.968563059899761,7.382010633966874,8.806692057747902,5.213085458727874,6.469403991095316,9.153538550746372,6.128512462253789,8.432433160126442,8.171349949671718,10.214187437089647,11.63163071112559,13.312734993231107,14.203599015742453,15.610134688720658,16.12655263842834,16.826450724974652,16.435465828506352,28.4565178649813,24.832653422459714,23.509879795524263,21.469154641019287,17.389192534445066,16.342699899343437,18.508516526183293,16.335647523131733,15.36022867668317,16.479702454838193,17.64703853341971,18.853348588513395,18.123313714660462,18.118545195462026,17.481796503792168,11.66028267238835,14.249797191539253,12.364359465819488,15.111542906004006,16.50422712519432,16.501610618360864,10.537761621900545,11.937126119799522,14.764021267933748,14.762072483225381,10.237918587291071,11.673283042914706,13.11142650515191,14.5515250403523,13.110331231513564,10.136,14.48,11.673283042914706,12.364359465819488,11.66028267238835,12.435856263241385,14.454839051335025,15.36022867668317,17.617792029650026,21.469154641019287,39.26541771075407,35.63805686341499,35.23558405930005,36.08809776089618,34.94807635621738,32.92011281876172,31.67550372133015,29.64369538367307,26.645210601532128,24.608884107167476,26.888893636592783,24.87171252648277,21.682258577002536,24.06551360349494,25.297299480379323,21.35627647788818,19.408211973285947,22.883846376865932,22.471806691941794,17.905689179699284,19.314018354552736,20.72781495961405,19.311782543307597,16.18663362160273,17.613384115495805,19.04334266876485,20.475837174582143,21.910370238770497,15.993050522023621,20.323150961403595,15.992152606825638,15.928,17.376,20.272,15.993050522023621,18.8790745800741,16.18663362160273,20.475837174582143,16.50422712519432,19.314018354552736
31.998236513908076,39.84347555121165,37.901713101125125,36.08809776089618,26.576815234335356,23.10142506426822,26.8497562186326,18.788879503578706,19.351863166114008,21.47904290232691,14.698126275141332,18.385537386761367,16.46005640938086,14.853032047363259,13.04958485929725,31.17012005110022,31.16082932144137,29.82959818703564,25.877615964381263,22.073462800385446,12.90124211074267,10.982618312588306,16.173509977738288,21.07552324380109,11.019384057196662,5.213085458727874,10.237918587291071,5.792,10.237918587291071,11.019384057196662,6.128512462253789,13.312734993231107,16.46005640938086,14.853032047363259,19.632708855377036,23.509879795524263,27.5922679749237,20.636390478957313,32.75905494668611,26.016891147867764,28.320085469503795,23.772387343302313,22.795302695950323,20.22589874393719,19.230070852703587,17.829290507476735,15.917000502607268,15.530465672348656,13.288407617167678,14.203599015742453,11.886193671651156,13.612949129413508,10.190401022530958,10.494493079706137,10.982618312588306,8.766414318294567,8.756551832770706,7.205,10.214187437089647,5.943096835825578,6.450621055371335,4.559060539190065,6.128512462253789,7.2274195256675124,2.0428374874179296,1.441,3.234701995547658,0.0,5.792,1.441,3.234701995547658,4.576769275373186,4.323,7.2274195256675124,5.943096835825578,6.450621055371335,7.217619552179236,7.349063137570666,14.203599015742453,19.230070852703587,34.26280480345998,30.101058851807856,21.965236625176612,23.26326142225118,21.29938461552352,20.81351291829421,21.65285865653771,18.075827643568633,20.5204099617917,16.46005640938086,13.312734993231107,12.257024924507578,13.322605300766064,15.639256376183619,10.426170917455748,12.938807982190632,8.432433160126442,9.704105986642974,9.153538550746372,10.537761621900545,11.937126119799522,9.150394964153188,10.237918587291071,8.688,10.136,11.584,7.382010633966874,8.806692057747902,11.673283042914706,7.792530012775055,10.537761621900545,9.704105986642974,11.66028267238835,12.257024924507578,14.454839051335025,14.435239104358471,16.342699899343437,16.46005640938086,17.389192534445066,16.12655263842834,31.220269377441316,27.733258030747127,26.556887336433086,24.514049849015155,20.428374874179294,19.43875924538395,21.682258577002536,19.4320889510109,18.508516526183293,19.662043840862527,20.852341834911496,22.073462800385446,21.35627647788818,21.351555095589642,20.71463955756894,14.891106372597035,17.481796503792168,15.58506002555011,18.307077101492744,19.686713082685998,19.683787542035706,13.730307826119558,15.111542906004006,17.905689179699284,17.903277493241287,13.346870344766222,14.764021267933748,16.18663362160273,17.613384115495805,16.18485613158177,13.11142650515191,17.435649027208594,14.48,14.764021267933748,13.730307826119558,14.249797191539253,16.173509977738288,16.864866320252883,18.385537386761367,22.573734205930574,42.163853535937626,38.42883297733617,38.11147261652323,39.008660282045064,37.901713101125125,35.86594296822544,34.72823728610481,32.75905494668611,29.793984510300064,27.762774789274935,30.082565050208068,28.071523382246287,24.87171252648277,27.28377400580792,28.52359647730279,24.589696704107595,22.642913968833604,26.090242850537056,25.64877153003629,21.07552324380109,22.471806691941794,23.874252239599045,22.4692437789971,19.314018354552736,20.72781495961405,22.14603190190062,23.567871202126,24.992714638470147,19.04334266876485,23.346566085829412,19.041831844651924,18.8790745800741,20.323150961403595,23.21277029998789,18.824,21.72,18.8790745800741,23.21277029998789,19.04334266876485,21.910370238770497
33.28295810170725,44.042579579311656,41.895570935362606,39.84347555121165,28.407198031484906,24.166024414454274,30.642562311268946,20.083398342909998,22.554016582418306,26.065427293639363,16.826450724974652,22.85908871761952,20.540110637481973,18.385537386761367,14.853032047363259,36.61415420298549,36.60466292700973,35.24274677149896,31.17012005110022,27.181652635555476,16.342699899343437,14.299862411925508,21.51432102112451,26.693740689532444,16.50422712519432,10.537761621900545,15.993050522023621,11.584,15.993050522023621,16.50422712519432,11.019384057196662,17.64703853341971,20.540110637481973,18.385537386761367,23.51976991809231,27.762774789274935,31.82668270492544,22.577173693799672,37.30756878972416,29.633801797946887,27.417263630785623,23.056,21.663446840242205,20.636390478957313,18.788879503578706,17.352520508560133,16.435465828506352,14.41,13.288407617167678,12.969,11.886193671651156,11.618583734689869,12.416326711229857,10.494493079706137,10.190401022530958,11.277008291209153,11.269343192928327,9.244419343582376,7.349063137570666,9.254258263091646,6.450621055371335,8.432433160126442,4.559060539190065,4.323,7.382010633966874,5.968563059899761,3.234701995547658,5.792,0.0,5.968563059899761,3.234701995547658,2.0428374874179296,7.2274195256675124,4.323,7.217619552179236,6.450621055371335,5.943096835825578,10.214187437089647,12.969,18.788879503578706,33.26928410711598,28.965137942015744,20.380802045061916,20.988986159412274,19.230070852703587,18.23624215676026,18.746489378014218,16.11338006130309,17.426181480749015,13.677181617570193,10.494493079706137,9.11812107838013,9.675931583057004,11.277008291209153,6.450621055371335,8.171349949671718,4.559060539190065,5.203378229573553,4.085674974835859,5.213085458727874,6.469403991095316,4.078627220033721,4.576769275373186,2.896,4.344,5.792,2.0428374874179296,3.234701995547658,5.968563059899761,3.2253105276856675,5.213085458727874,5.203378229573553,7.217619552179236,9.11812107838013,10.406756459147106,11.886193671651156,12.90124211074267,13.677181617570193,14.203599015742453,14.482568971007872,28.407198031484906,24.52340272066664,22.820129557038012,20.81351291829421,16.826450724974652,15.610134688720658,17.389192534445066,15.601827617301762,14.435239104358471,15.350351136048975,16.342699899343437,17.399074917937448,16.479702454838193,16.47358348993928,15.639256376183619,10.214187437089647,12.435856263241385,10.426170917455748,12.938807982190632,14.249797191539253,14.245755157238946,8.432433160126442,9.704105986642974,12.364359465819488,12.360866676734283,7.792530012775055,9.153538550746372,10.537761621900545,11.937126119799522,10.53503108680748,7.382010633966874,11.673283042914706,8.688,9.153538550746372,8.432433160126442,9.254258263091646,11.286867102965287,12.257024924507578,14.853032047363259,18.48883868716475,38.851157421626446,35.478415804542344,34.89489213337677,35.63805686341499,34.422890291200126,32.42738066819459,30.89410922813603,28.66271447368515,25.550942546215392,23.509879795524263,25.560834102196274,23.51976991809231,20.428374874179294,22.573734205930574,23.70635096340219,19.662043840862527,17.64703853341971,20.71463955756894,20.155768429906114,15.58506002555011,16.93885710430311,18.307077101492744,16.935456887843326,13.730307826119558,15.111542906004006,16.50422712519432,17.905689179699284,19.314018354552736,13.346870344766222,17.613384115495805,13.344714609162686,13.11142650515191,14.5515250403523,17.435649027208594,13.032,15.928,13.11142650515191,17.435649027208594,13.346870344766222,16.18663362160273
33.4264683297533,40.89790049623574,39.008660282045064,37.24898013368957,27.98494068244562,24.539757802390795,28.022853530645303,20.22589874393719,20.64961580756407,22.471212361597228,16.11338006130309,19.428873461938032,17.617792029650026,16.12655263842834,14.482568971007872,31.731318299118932,31.722191932462675,30.415540517965486,26.550916839160188,22.85908871761952,14.203599015742453,12.319298681337342,16.864866320252883,21.51432102112451,11.66028267238835,6.128512462253789,10.537761621900545,5.968563059899761,10.136,10.537761621900545,5.213085458727874,12.257024924507578,15.350351136048975,13.612949129413508,18.48883868716475,22.471212361597228,26.556887336433086,19.230070852703587,31.82668270492544,24.832653422459714,29.71548417912789,25.17241094929129,24.166024414454274,21.663446840242205,20.636390478957313,19.230070852703587,17.352520508560133,16.87606189251509,14.698126275141332,15.530465672348656,13.288407617167678,14.853032047363259,11.618583734689869,11.886193671651156,12.319298681337342,10.190401022530958,10.180502590736863,8.646,11.277008291209153,7.349063137570666,7.765232836174328,5.943096835825578,7.217619552179236,8.171349949671718,3.2253105276856675,2.882,4.085674974835859,1.441,5.968563059899761,0.0,2.896,4.344,2.882,6.469403991095316,4.559060539190065,5.203378229573553,6.128512462253789,5.943096835825578,12.90124211074267,17.829290507476735,35.65858101495347,31.483479239118413,23.29569850852298,24.52340272066664,22.577173693799672,22.025311462042936,22.820129557038012,19.351863166114008,21.65285865653771,17.617792029650026,14.435239104358471,13.312734993231107,14.299862411925508,16.479702454838193,11.286867102965287,13.64188700290396,9.254258263091646,10.426170917455748,9.704105986642974,11.019384057196662,12.364359465819488,9.699655303153818,10.537761621900545,8.806692057747902,10.237918587291071,11.673283042914706,7.24,8.688,11.584,7.382010633966874,10.237918587291071,9.153538550746372,11.019384057196662,11.286867102965287,13.64188700290396,13.312734993231107,15.36022867668317,15.350351136048975,16.342699899343437,14.853032047363259,32.42738066819459,28.870478208716943,27.5922679749237,25.550942546215392,21.469154641019287,20.428374874179294,22.573734205930574,20.42132219029904,19.43875924538395,20.540110637481973,21.682258577002536,22.85908871761952,22.073462800385446,22.068241887381966,21.35627647788818,15.639256376183619,18.123313714660462,16.173509977738288,18.810566206257587,20.155768429906114,20.152195934934735,14.249797191539253,15.58506002555011,18.307077101492744,18.303931053191825,13.730307826119558,15.111542906004006,16.50422712519432,17.905689179699284,16.501610618360864,13.346870344766222,17.613384115495805,14.5515250403523,14.5515250403523,13.346870344766222,13.730307826119558,15.58506002555011,16.173509977738288,17.399074917937448,21.682258577002536,43.30571731307542,39.6259618053619,39.26541771075407,40.13681925613937,39.008660282045064,36.9776773743295,35.759296693307604,33.72723813181269,30.72045735336634,28.682463091582633,30.93335974316401,28.90967810267005,25.733406012418957,28.071523382246287,29.278006369969933,25.297299480379323,23.3205653447767,26.602537942835454,26.090242850537056,21.51432102112451,22.883846376865932,24.26248645543156,22.880699836324936,19.686713082685998,21.07552324380109,22.471806691941794,23.874252239599045,25.281834427113868,19.314018354552736,23.567871202126,19.311782543307597,19.04334266876485,20.475837174582143,23.346566085829412,18.8790745800741,21.767748643348487,18.824,23.168,18.8790745800741,21.767748643348487
33.9245640944729,42.89958723577652,40.89790049623574,39.008660282045064,28.72439703457672,24.879174926030004,29.76444375425148,20.636390478957313,22.025311462042936,24.608884107167476,16.87606189251509,21.47904290232691,19.428873461938032,17.617792029650026,15.050529425903928,34.394762639099575,34.3855009706126,33.05815217158999,29.112317959928923,25.297299480379323,15.610134688720658,13.612949129413508,19.408211973285947,24.26248645543156,14.249797191539253,8.432433160126442,13.346870344766222,8.806692057747902,13.032,13.346870344766222,7.792530012775055,14.454839051335025,17.399074917937448,15.350351136048975,20.428374874179294,24.608884107167476,28.682463091582633,20.083398342909998,34.115984816505005,26.625469986462214,29.145544016195682,24.667586525641294,23.461659617341653,21.663446840242205,20.22589874393719,18.788879503578706,17.352520508560133,16.11338006130309,14.41,14.698126275141332,12.969,13.677181617570193,12.319298681337342,11.528,11.618583734689869,10.982618312588306,10.973434512494254,9.11812107838013,9.675931583057004,8.413225362487326,7.205,7.217619552179236,5.943096835825578,6.450621055371335,5.213085458727874,4.085674974835859,2.882,3.234701995547658,3.234701995547658,2.896,0.0,1.448,4.085674974835859,4.085674974835859,4.559060539190065,4.323,4.559060539190065,7.217619552179236,11.886193671651156,17.352520508560133,35.06565727317827,30.81031296497976,22.37756664608554,23.29569850852298,21.43380218253402,20.64961580756407,21.29938461552352,18.23624215676026,20.043746156844033,16.12655263842834,12.90124211074267,11.63163071112559,12.416326711229857,14.299862411925508,9.244419343582376,11.286867102965287,7.217619552179236,8.171349949671718,7.2274195256675124,8.432433160126442,9.704105986642974,7.221442584414834,7.792530012775055,5.968563059899761,7.382010633966874,8.806692057747902,4.344,5.792,8.688,4.576769275373186,7.382010633966874,6.469403991095316,8.432433160126442,9.244419343582376,11.286867102965287,11.63163071112559,13.312734993231107,13.612949129413508,14.435239104358471,13.677181617570193,30.972246302133144,27.225898258827016,25.703919156424377,23.676902014410587,19.632708855377036,18.48883868716475,20.428374874179294,18.481045857851225,17.389192534445066,18.385537386761367,19.43875924538395,20.540110637481973,19.662043840862527,19.656182437085793,18.853348588513395,13.322605300766064,15.639256376183619,13.64188700290396,16.173509977738288,17.481796503792168,17.477677448677213,11.66028267238835,12.938807982190632,15.58506002555011,15.581364381850518,11.019384057196662,12.364359465819488,13.730307826119558,15.111542906004006,13.727162598293939,10.537761621900545,14.764021267933748,11.673283042914706,11.673283042914706,10.537761621900545,11.019384057196662,12.938807982190632,13.64188700290396,15.350351136048975,19.43875924538395,41.62702583658842,38.115632291751375,37.62938729238094,38.42883297733617,37.24898013368957,35.23558405930005,33.831024873627456,31.67550372133015,28.599724823851016,26.556887336433086,28.682463091582633,26.645210601532128,23.51976991809231,25.733406012418957,26.888893636592783,22.85908871761952,20.852341834911496,23.94798465424596,23.377590038325163,18.810566206257587,20.155768429906114,21.51432102112451,20.152195934934735,16.93885710430311,18.307077101492744,19.686713082685998,21.07552324380109,22.471806691941794,16.50422712519432,20.72781495961405,16.501610618360864,16.18663362160273,17.613384115495805,20.475837174582143,15.993050522023621,18.8790745800741,15.928,20.272,15.993050522023621,18.8790745800741
34.26280480345998,43.93782945253441,41.885674412619885,39.93820497969331,29.195001918136605,25.17241094929129,30.70070227209795,20.988986159412274,22.820129557038012,25.733406012418957,17.426181480749015,22.573734205930574,20.428374874179294,18.48883868716475,15.530465672348656,35.74005283991617,35.73073462720855,34.394762639099575,30.415540517965486,26.550916839160188,16.46005640938086,14.435239104358471,20.71463955756894,25.64877153003629,15.58506002555011,9.704105986642974,14.764021267933748,10.237918587291071,14.48,14.764021267933748,9.153538550746372,15.639256376183619,18.508516526183293,16.342699899343437,21.47904290232691,25.733406012418957,29.793984510300064,20.64961580756407,35.29407706683942,27.5922679749237,28.965137942015744,24.539757802390795,23.237167469379738,21.808141621880576,20.174,18.733,17.532828636589134,15.917000502607268,14.482568971007872,14.482568971007872,13.04958485929725,13.288407617167678,12.90124211074267,11.618583734689869,11.528,11.63163071112559,11.62295973493843,9.675931583057004,9.11812107838013,9.244419343582376,7.349063137570666,8.171349949671718,5.764,5.943096835825578,6.469403991095316,5.213085458727874,3.2253105276856675,4.576769275373186,2.0428374874179296,4.344,1.448,0.0,5.213085458727874,3.2253105276856675,5.203378229573553,4.559060539190065,4.323,8.171349949671718,11.618583734689869,17.292,34.85575120406961,30.571203067592876,22.047189412712,22.795302695950323,20.988986159412274,20.083398342909998,20.64961580756407,17.829290507476735,19.351863166114008,15.530465672348656,12.319298681337342,10.982618312588306,11.63163071112559,13.312734993231107,8.413225362487326,10.214187437089647,6.450621055371335,7.217619552179236,6.128512462253789,7.2274195256675124,8.432433160126442,6.121462652013815,6.469403991095316,4.576769275373186,5.968563059899761,7.382010633966874,2.896,4.344,7.24,3.234701995547658,5.968563059899761,5.213085458727874,7.2274195256675124,8.413225362487326,10.214187437089647,10.982618312588306,12.416326711229857,12.90124211074267,13.612949129413508,13.288407617167678,30.32231298895254,26.484186980158555,24.832653422459714,22.820129557038012,18.81469364619047,17.617792029650026,19.428873461938032,17.609613737955755,16.46005640938086,17.389192534445066,18.385537386761367,19.43875924538395,18.508516526183293,18.502289696143016,17.64703853341971,12.257024924507578,14.454839051335025,12.435856263241385,14.891106372597035,16.173509977738288,16.16905764106245,10.426170917455748,11.66028267238835,14.249797191539253,14.245755157238946,9.704105986642974,11.019384057196662,12.364359465819488,13.730307826119558,12.360866676734283,9.153538550746372,13.346870344766222,10.237918587291071,10.237918587291071,9.153538550746372,9.704105986642974,11.66028267238835,12.435856263241385,14.435239104358471,18.385537386761367,40.838847388240524,37.421702593548574,36.86949660627332,37.62938729238094,36.42364760701487,34.422890291200126,32.92011281876172,30.70070227209795,27.5922679749237,25.550942546215392,27.602160658180367,25.560834102196274,22.471212361597228,24.608884107167476,25.733406012418957,21.682258577002536,19.662043840862527,22.642913968833604,22.038768114393324,17.481796503792168,18.810566206257587,20.155768429906114,18.806738180769145,15.58506002555011,16.93885710430311,18.307077101492744,19.686713082685998,21.07552324380109,15.111542906004006,19.314018354552736,15.10868521745026,14.764021267933748,16.18663362160273,19.04334266876485,14.5515250403523,17.435649027208594,14.48,18.824,14.5515250403523,17.435649027208594
36.28596093532594,43.07398975019612,41.284451128723994,39.6259618053619,30.81031296497976,27.417263630785623,30.43815086367764,23.10142506426822,23.29569850852298,24.589153564122533,18.95552966814697,21.65285865653771,20.043746156844033,18.746489378014218,17.352520508560133,33.014175758301164,33.00540411811375,31.751603817760138,28.071523382246287,24.608884107167476,16.87606189251509,15.050529425903928,18.508516526183293,22.642913968833604,13.322605300766064,8.413225362487326,11.66028267238835,7.2274195256675124,10.537761621900545,10.136,4.344,10.426170917455748,13.322605300766064,11.277008291209153,16.342699899343437,20.540110637481973,24.608884107167476,16.435465828506352,30.082565050208068,22.554016582418306,32.51821649475875,27.98494068244562,26.929490229114997,24.539757802390795,23.461659617341653,22.047189412712,20.22589874393719,19.607971669706178,17.532828636589134,18.23624215676026,16.11338006130309,17.426181480749015,14.482568971007872,14.698126275141332,15.050529425903928,13.04958485929725,13.039646659323251,11.528,13.612949129413508,10.190401022530958,10.494493079706137,8.766414318294567,9.675931583057004,10.406756459147106,5.943096835825578,5.764,6.450621055371335,4.323,7.2274195256675124,2.882,4.085674974835859,5.213085458727874,0.0,5.792,2.0428374874179296,3.234701995547658,4.576769275373186,3.2253105276856675,10.406756459147106,15.050529425903928,38.460141705407175,34.26280480345998,25.9920055594023,27.0978239901288,25.18566322334991,24.52340272066664,25.23967608746198,21.965236625176612,24.017145958668777,20.043746156844033,16.826450724974652,15.610134688720658,16.46005640938086,18.385537386761367,13.312734993231107,15.36022867668317,11.277008291209153,12.257024924507578,11.286867102965287,12.435856263241385,13.64188700290396,11.280486204060534,11.66028267238835,9.704105986642974,11.019384057196662,12.364359465819488,7.792530012775055,9.153538550746372,11.937126119799522,7.382010633966874,10.237918587291071,8.688,10.237918587291071,9.704105986642974,12.364359465819488,11.286867102965287,13.64188700290396,13.322605300766064,14.454839051335025,12.416326711229857,34.89489213337677,31.220269377441316,29.76444375425148,27.733258030747127,23.676902014410587,22.554016582418306,24.514049849015155,22.54635056943806,21.469154641019287,22.471212361597228,23.51976991809231,24.608884107167476,23.70635096340219,23.700273753693224,22.85908871761952,17.399074917937448,19.662043840862527,17.64703853341971,20.091613797801312,21.35627647788818,21.351555095589642,15.639256376183619,16.864866320252883,19.408211973285947,19.40375922340823,14.891106372597035,16.173509977738288,17.481796503792168,18.810566206257587,17.477677448677213,14.249797191539253,18.307077101492744,15.111542906004006,14.5515250403523,13.032,13.11142650515191,14.764021267933748,15.111542906004006,15.639256376183619,20.091613797801312,45.640259114076024,42.066126812436636,41.62702583658842,42.44997658421026,41.284451128723994,39.26541771075407,37.901713101125125,35.759296693307604,32.68539979868687,30.642562311268946,32.75905494668611,30.72045735336634,27.602160658180367,29.793984510300064,30.93335974316401,26.888893636592783,24.87171252648277,27.823414905435314,27.181652635555476,22.642913968833604,23.94798465424596,25.26863259062508,23.943774326534236,20.71463955756894,22.038768114393324,23.377590038325163,24.728718931638976,26.090242850537056,20.155768429906114,24.26248645543156,20.152195934934735,19.686713082685998,21.07552324380109,23.874252239599045,19.314018354552736,22.14603190190062,19.04334266876485,23.346566085829412,18.8790745800741,21.767748643348487
37.42377748170272,46.98526221061238,44.97893854905872,43.07398975019612,32.40242548020132,28.320085469503795,33.831024873627456,24.166024414454274,26.016891147867764,28.682463091582633,20.64961580756407,25.560834102196274,23.509879795524263,21.65285865653771,18.746489378014218,38.196278679997086,38.18718063696245,36.88374461737853,33.014175758301164,29.278006369969933,19.632708855377036,17.617792029650026,23.3205653447767,27.947802507531787,18.123313714660462,12.435856263241385,16.93885710430311,12.364359465819488,16.18663362160273,15.928,10.136,15.58506002555011,18.123313714660462,15.639256376183619,20.852341834911496,25.297299480379323,29.278006369969933,18.81469364619047,34.98084801716505,26.645210601532128,31.735051725182363,27.379,25.978386170045283,24.879174926030004,23.10142506426822,21.663446840242205,20.636390478957313,18.733,17.532828636589134,17.292,16.11338006130309,15.917000502607268,16.12655263842834,14.698126275141332,14.482568971007872,14.853032047363259,14.844301297130828,12.90124211074267,11.618583734689869,12.416326711229857,10.494493079706137,11.277008291209153,8.766414318294567,8.646,9.254258263091646,8.171349949671718,6.450621055371335,7.2274195256675124,4.323,6.469403991095316,4.085674974835859,3.2253105276856675,5.792,0.0,4.576769275373186,3.234701995547658,2.0428374874179296,7.792530012775055,8.646,14.482568971007872,37.57775900715741,33.26928410711598,24.667586525641294,25.17241094929129,23.461659617341653,22.37756664608554,22.795302695950323,20.380802045061916,21.43380218253402,17.829290507476735,14.698126275141332,13.288407617167678,13.677181617570193,14.853032047363259,10.494493079706137,11.63163071112559,8.766414318294567,9.11812107838013,7.765232836174328,8.413225362487326,9.244419343582376,7.755955195847898,7.217619552179236,5.203378229573553,6.128512462253789,7.2274195256675124,3.2253105276856675,4.085674974835859,6.469403991095316,2.0428374874179296,4.576769275373186,2.896,4.576769275373186,5.203378229573553,7.2274195256675124,7.765232836174328,9.244419343582376,9.675931583057004,10.406756459147106,10.190401022530958,32.40242548020132,28.407198031484906,26.484186980158555,24.52340272066664,20.64961580756407,19.351863166114008,20.81351291829421,19.34292811339586,18.075827643568633,18.81469364619047,19.632708855377036,20.5204099617917,19.428873461938032,19.421457823757724,18.385537386761367,13.612949129413508,15.350351136048975,13.312734993231107,15.36022867668317,16.479702454838193,16.47358348993928,11.277008291209153,12.257024924507578,14.454839051335025,14.448859885817981,10.214187437089647,11.286867102965287,12.435856263241385,13.64188700290396,12.430065204977808,9.254258263091646,12.938807982190632,9.704105986642974,8.806692057747902,7.24,7.382010633966874,9.153538550746372,9.704105986642974,11.277008291209153,15.36022867668317,42.59876923104704,39.389107745669996,38.703726332228015,39.3750686602576,38.115632291751375,36.15165528713727,34.422890291200126,32.04875691817079,28.870478208716943,26.8497562186326,28.66271447368515,26.625469986462214,23.676902014410587,25.550942546215392,26.556887336433086,22.471212361597228,20.428374874179294,22.85908871761952,22.073462800385446,17.64703853341971,18.853348588513395,20.091613797801312,18.84800023875212,15.639256376183619,16.864866320252883,18.123313714660462,19.408211973285947,20.71463955756894,14.891106372597035,18.810566206257587,14.886270486592672,14.249797191539253,15.58506002555011,18.307077101492744,13.730307826119558,16.50422712519432,13.346870344766222,17.613384115495805,13.11142650515191,15.993050522023621
37.91105933629394,45.10803316483661,43.30571731307542,41.62702583658842,32.51821649475875,28.965137942015744,32.42738066819459,24.667586525641294,25.18566322334991,26.625469986462214,20.636390478957313,23.676902014410587,22.025311462042936,20.64961580756407,18.95552966814697,34.98084801716505,34.97215560985625,33.729732640505766,30.082565050208068,26.645210601532128,18.746489378014218,16.87606189251509,20.540110637481973,24.589696704107595,15.36022867668317,10.406756459147106,13.64188700290396,9.254258263091646,12.364359465819488,11.673283042914706,5.968563059899761,11.019384057196662,13.64188700290396,11.286867102965287,16.479702454838193,20.852341834911496,24.87171252648277,15.530465672348656,30.50551256740329,22.471212361597228,33.645292583064276,29.145544016195682,27.98494068244562,25.938,24.667586525641294,23.237167469379738,21.615,20.636390478957313,18.788879503578706,19.230070852703587,17.352520508560133,18.23624215676026,16.11338006130309,15.917000502607268,16.11338006130309,14.698126275141332,14.688322436548022,13.04958485929725,14.203599015742453,11.886193671651156,11.618583734689869,10.494493079706137,10.494493079706137,10.982618312588306,7.765232836174328,7.349063137570666,7.349063137570666,5.943096835825578,7.217619552179236,4.559060539190065,4.559060539190065,5.203378229573553,2.0428374874179296,4.576769275373186,0.0,1.448,2.896,3.234701995547658,8.413225362487326,13.288407617167678,39.57489417547443,35.333704249625455,26.929490229114997,27.848129919260288,25.9920055594023,25.18566322334991,25.80248422148534,22.795302695950323,24.52340272066664,20.64961580756407,17.426181480749015,16.12655263842834,16.826450724974652,18.48883868716475,13.612949129413508,15.350351136048975,11.63163071112559,12.416326711229857,11.277008291209153,12.257024924507578,13.322605300766064,11.269343192928327,11.286867102965287,9.254258263091646,10.426170917455748,11.66028267238835,7.2274195256675124,8.432433160126442,11.019384057196662,6.469403991095316,9.153538550746372,7.382010633966874,8.688,7.792530012775055,10.537761621900545,9.254258263091646,11.66028267238835,11.286867102965287,12.435856263241385,10.406756459147106,35.478415804542344,31.675082083555836,30.033787390204388,28.022853530645303,24.017145958668777,22.820129557038012,24.589153564122533,22.81192129128978,21.65285865653771,22.554016582418306,23.509879795524263,24.514049849015155,23.51976991809231,23.513031642049054,22.573734205930574,17.389192534445066,19.43875924538395,17.399074917937448,19.662043840862527,20.852341834911496,20.846815104470995,15.36022867668317,16.479702454838193,18.853348588513395,18.84800023875212,14.454839051335025,15.639256376183619,16.864866320252883,18.123313714660462,16.859741872282623,13.64188700290396,17.481796503792168,14.249797191539253,13.346870344766222,11.673283042914706,11.584,13.11142650515191,13.346870344766222,13.64188700290396,18.123313714660462,46.04022268625555,42.59876923104704,42.066126812436636,42.83172713071468,41.62702583658842,39.6259618053619,38.11147261652323,35.86594296822544,32.73929457089752,30.70070227209795,32.68539979868687,30.642562311268946,27.5922679749237,29.64369538367307,30.72045735336634,26.645210601532128,24.608884107167476,27.28377400580792,26.550916839160188,22.073462800385446,23.3205653447767,24.589696704107595,23.315623688848643,20.091613797801312,21.35627647788818,22.642913968833604,23.94798465424596,25.26863259062508,19.408211973285947,23.377590038325163,19.40375922340823,18.810566206257587,20.155768429906114,22.883846376865932,18.307077101492744,21.07552324380109,17.905689179699284,22.14603190190062,17.613384115495805,20.475837174582143
38.159124151374336,46.05105340814691,44.19234322821093,42.44997658421026,32.870931657012704,29.145544016195682,33.22578241366184,24.879174926030004,25.80248422148534,27.5922679749237,20.988986159412274,24.589153564122533,22.820129557038012,21.29938461552352,19.230070852703587,36.246627429320924,36.23783906360863,34.98084801716505,31.278512752367238,27.762774789274935,19.351863166114008,17.426181480749015,21.682258577002536,25.877615964381263,16.479702454838193,11.277008291209153,14.891106372597035,10.426170917455748,13.730307826119558,13.11142650515191,7.382010633966874,12.364359465819488,14.891106372597035,12.435856263241385,17.64703853341971,22.073462800385446,26.065427293639363,16.12655263842834,31.751603817760138,23.51976991809231,33.4264683297533,28.965137942015744,27.721471407556994,25.978386170045283,24.539757802390795,23.10142506426822,21.663446840242205,20.380802045061916,18.733,18.95552966814697,17.292,17.829290507476735,16.435465828506352,15.851,15.917000502607268,15.050529425903928,15.040955288810615,13.288407617167678,13.677181617570193,12.319298681337342,11.528,10.982618312588306,10.190401022530958,10.494493079706137,8.413225362487326,7.765232836174328,7.205,6.450621055371335,6.450621055371335,5.203378229573553,4.323,4.559060539190065,3.234701995547658,3.234701995547658,1.448,0.0,1.448,4.576769275373186,7.765232836174328,13.04958485929725,39.335758706296744,35.06565727317827,26.576815234335356,27.354363235140386,25.544482946421134,24.638597362674684,25.18566322334991,22.37756664608554,23.8735569406823,20.083398342909998,16.87606189251509,15.530465672348656,16.12655263842834,17.617792029650026,12.90124211074267,14.435239104358471,10.982618312588306,11.63163071112559,10.406756459147106,11.277008291209153,12.257024924507578,10.398449884477973,10.214187437089647,8.171349949671718,9.254258263091646,10.426170917455748,6.128512462253789,7.2274195256675124,9.704105986642974,5.213085458727874,7.792530012775055,5.968563059899761,7.24,6.469403991095316,9.153538550746372,8.171349949671718,10.426170917455748,10.214187437089647,11.286867102965287,9.675931583057004,34.85236296149803,30.972246302133144,29.21992801154719,27.225898258827016,23.26326142225118,22.025311462042936,23.676902014410587,22.016806875657515,20.81351291829421,21.65285865653771,22.554016582418306,23.509879795524263,22.471212361597228,22.464159565850668,21.47904290232691,16.46005640938086,18.385537386761367,16.342699899343437,18.508516526183293,19.662043840862527,19.656182437085793,14.299862411925508,15.36022867668317,17.64703853341971,17.641324468417896,13.322605300766064,14.454839051335025,15.639256376183619,16.864866320252883,15.633730201074853,12.435856263241385,16.173509977738288,12.938807982190632,11.937126119799522,10.237918587291071,10.136,11.673283042914706,11.937126119799522,12.435856263241385,16.864866320252883,45.28256698774927,41.92903685991368,41.33708515364865,42.066126812436636,40.838847388240524,38.851157421626446,37.24898013368957,34.94807635621738,31.797122401248828,29.76444375425148,31.67550372133015,29.633801797946887,26.625469986462214,28.599724823851016,29.64369538367307,25.560834102196274,23.51976991809231,26.065427293639363,25.297299480379323,20.852341834911496,22.073462800385446,23.3205653447767,22.068241887381966,18.853348588513395,20.091613797801312,21.35627647788818,22.642913968833604,23.94798465424596,18.123313714660462,22.038768114393324,18.118545195462026,17.481796503792168,18.810566206257587,21.51432102112451,16.93885710430311,19.686713082685998,16.50422712519432,20.72781495961405,16.18663362160273,19.04334266876485
38.460141705407175,47.019759591048526,45.10803316483661,43.30571731307542,33.28295810170725,29.396252550282664,34.067046026915804,25.17241094929129,26.484186980158555,28.599724823851016,21.43380218253402,25.550942546215392,23.676902014410587,22.025311462042936,19.607971669706178,37.52558700406964,37.51671227599774,36.246627429320924,32.49497511923959,28.90967810267005,20.043746156844033,18.075827643568633,22.85908871761952,27.181652635555476,17.64703853341971,12.257024924507578,16.173509977738288,11.66028267238835,15.111542906004006,14.5515250403523,8.806692057747902,13.730307826119558,16.173509977738288,13.64188700290396,18.853348588513395,23.3205653447767,27.28377400580792,16.826450724974652,33.014175758301164,24.608884107167476,33.26928410711598,28.856352922710105,27.53173545201973,26.0991697185945,24.497,23.056,21.808141621880576,20.22589874393719,18.788879503578706,18.788879503578706,17.352520508560133,17.532828636589134,16.87606189251509,15.917000502607268,15.851,15.530465672348656,15.521187583429304,13.677181617570193,13.288407617167678,12.90124211074267,11.618583734689869,11.63163071112559,10.087,10.190401022530958,9.244419343582376,8.413225362487326,7.349063137570666,7.217619552179236,5.943096835825578,6.128512462253789,4.559060539190065,4.323,4.576769275373186,2.0428374874179296,2.896,1.448,0.0,5.968563059899761,7.349063137570666,12.969,39.14875457789175,34.85575120406961,26.299242954883702,26.929490229114997,25.17241094929129,24.166024414454274,24.638597362674684,22.047189412712,23.29569850852298,19.607971669706178,16.435465828506352,15.050529425903928,15.530465672348656,16.826450724974652,12.319298681337342,13.612949129413508,10.494493079706137,10.982618312588306,9.675931583057004,10.406756459147106,11.277008291209153,9.66699705182535,9.244419343582376,7.217619552179236,8.171349949671718,9.254258263091646,5.203378229573553,6.128512462253789,8.432433160126442,4.085674974835859,6.469403991095316,4.576769275373186,5.792,5.213085458727874,7.792530012775055,7.217619552179236,9.254258263091646,9.244419343582376,10.214187437089647,9.11812107838013,34.27608244826121,30.32231298895254,28.4565178649813,26.484186980158555,22.577173693799672,21.29938461552352,22.820129557038012,21.290590057581777,20.043746156844033,20.81351291829421,21.65285865653771,22.554016582418306,21.469154641019287,21.461772550281115,20.428374874179294,15.610134688720658,17.389192534445066,15.350351136048975,17.399074917937448,18.508516526183293,18.502289696143016,13.312734993231107,14.299862411925508,16.479702454838193,16.47358348993928,12.257024924507578,13.322605300766064,14.454839051335025,15.639256376183619,14.448859885817981,11.286867102965287,14.891106372597035,11.66028267238835,10.537761621900545,8.806692057747902,8.688,10.237918587291071,10.537761621900545,11.286867102965287,15.639256376183619,44.55909614208977,41.29923161512814,40.64656936323163,41.33708515364865,40.08749231368807,38.115632291751375,36.42364760701487,34.067046026915804,30.89410922813603,28.870478208716943,30.70070227209795,28.66271447368515,25.703919156424377,27.5922679749237,28.599724823851016,24.514049849015155,22.471212361597228,24.87171252648277,24.06551360349494,19.662043840862527,20.852341834911496,22.073462800385446,20.846815104470995,17.64703853341971,18.853348588513395,20.091613797801312,21.35627647788818,22.642913968833604,16.864866320252883,20.71463955756894,16.859741872282623,16.173509977738288,17.481796503792168,20.155768429906114,15.58506002555011,18.307077101492744,15.111542906004006,19.314018354552736,14.764021267933748,17.613384115495805
39.014631422070366,44.46496059820586,42.83172713071468,41.33708515364865,33.4264683297533,30.261,32.25310527685668,25.938,25.544482946421134,26.016891147867764,21.663446840242205,23.26326142225118,21.965236625176612,20.988986159412274,20.174,33.284161894210285,33.275896576951915,32.0976227312865,28.682463091582633,25.550942546215392,19.230070852703587,17.532828636589134,19.428873461938032,22.85908871761952,14.435239104358471,10.494493079706137,12.257024924507578,8.413225362487326,10.426170917455748,9.153538550746372,4.085674974835859,7.792530012775055,10.426170917455748,8.171349949671718,13.322605300766064,17.64703853341971,21.682258577002536,13.288407617167678,27.28377400580792,19.428873461938032,35.65858101495347,31.115040109246205,30.101058851807856,27.53173545201973,26.576815234335356,25.17241094929129,23.237167469379738,22.795302695950323,20.636390478957313,21.43380218253402,19.230070852703587,20.64961580756407,17.292,17.829290507476735,18.23624215676026,15.851,15.841,14.482568971007872,16.826450724974652,12.969,13.677181617570193,11.528,12.90124211074267,13.612949129413508,8.646,8.766414318294567,9.675931583057004,7.349063137570666,10.214187437089647,5.943096835825578,7.217619552179236,8.171349949671718,3.2253105276856675,7.792530012775055,3.234701995547658,4.576769275373186,5.968563059899761,0.0,9.254258263091646,12.90124211074267,41.60167785077904,37.42377748170272,29.195001918136605,30.32231298895254,28.407198031484906,27.747721221750805,28.4565178649813,25.18566322334991,27.225898258827016,23.26326142225118,20.043746156844033,18.81469364619047,19.632708855377036,21.469154641019287,16.46005640938086,18.385537386761367,14.435239104358471,15.350351136048975,14.299862411925508,15.36022867668317,16.479702454838193,14.292810255509586,14.454839051335025,12.435856263241385,13.64188700290396,14.891106372597035,10.426170917455748,11.66028267238835,14.249797191539253,9.704105986642974,12.364359465819488,10.537761621900545,11.673283042914706,10.237918587291071,13.11142650515191,11.019384057196662,13.730307826119558,12.938807982190632,14.249797191539253,11.286867102965287,38.115632291751375,34.422890291200126,32.92011281876172,30.89410922813603,26.8497562186326,25.703919156424377,27.5922679749237,25.69607129504431,24.589153564122533,25.550942546215392,26.556887336433086,27.602160658180367,26.645210601532128,26.638721966340654,25.733406012418957,20.428374874179294,22.573734205930574,20.540110637481973,22.85908871761952,24.06551360349494,24.060126038738865,18.508516526183293,19.662043840862527,22.073462800385446,22.068241887381966,17.64703853341971,18.853348588513395,20.091613797801312,21.35627647788818,20.086595156969736,16.864866320252883,20.71463955756894,17.481796503792168,16.50422712519432,14.764021267933748,14.5515250403523,15.928,15.993050522023621,15.58506002555011,20.155768429906114,48.83514357509354,45.28256698774927,44.82910451927408,45.640259114076024,44.46496059820586,42.44997658421026,41.0408199235834,38.857746923876064,35.759296693307604,33.71734320791008,35.769192121153644,33.72723813181269,30.642562311268946,32.75905494668611,33.86060130889586,29.793984510300064,27.762774789274935,30.50551256740329,29.78221274519407,25.297299480379323,26.550916839160188,27.823414905435314,26.546033696204034,23.3205653447767,24.589696704107595,25.877615964381263,27.181652635555476,28.499594383078506,22.642913968833604,26.602537942835454,22.63846092383491,22.038768114393324,23.377590038325163,26.090242850537056,21.51432102112451,24.26248645543156,21.07552324380109,25.281834427113868,20.72781495961405,23.567871202126
45.8065141328174,53.4366628542614,51.68139882975305,50.03229621954203,40.594872890551095,36.74531568785333,40.838847388240524,32.51821649475875,33.54695993678116,34.94807635621738,28.72439703457672,32.04875691817079,30.43815086367764,29.027794749171008,26.929490229114997,42.51828445504358,42.510111420696134,41.34319079364823,37.93131435898313,34.72823728610481,27.0978239901288,25.18566322334991,28.599724823851016,32.0976227312865,23.509879795524263,18.81469364619047,21.47904290232691,17.389192534445066,19.662043840862527,18.123313714660462,13.322605300766064,14.764021267933748,15.928,13.032,17.613384115495805,22.14603190190062,25.64877153003629,12.435856263241385,31.613284865701633,22.038768114393324,40.373974389450446,36.025,34.61429993514241,33.4264683297533,31.735051725182363,30.29562385890081,29.145544016195682,27.379,26.0991697185945,25.938,24.667586525641294,24.539757802390795,24.166024414454274,23.237167469379738,23.10142506426822,22.795302695950323,22.78582070060238,20.988986159412274,20.22589874393719,20.083398342909998,18.95552966814697,18.746489378014218,17.352520508560133,17.292,16.12655263842834,15.530465672348656,14.698126275141332,14.203599015742453,12.969,12.90124211074267,11.886193671651156,11.618583734689869,10.406756459147106,8.646,8.413225362487326,7.765232836174328,7.349063137570666,9.254258263091646,0.0,5.943096835825578,46.20285012853644,41.889226980215334,33.26928410711598,33.645292583064276,31.998236513908076,30.81031296497976,31.115040109246205,28.965137942015744,29.71548417912789,26.299242954883702,23.237167469379738,21.808141621880576,22.047189412712,22.795302695950323,18.95552966814697,19.607971669706178,17.352520508560133,17.532828636589134,16.11338006130309,16.435465828506352,16.87606189251509,16.10354299525418,15.050529425903928,13.288407617167678,13.677181617570193,14.203599015742453,11.618583734689869,11.886193671651156,12.90124211074267,10.190401022530958,10.982618312588306,9.11812107838013,8.413225362487326,5.203378229573553,7.2274195256675124,3.234701995547658,5.968563059899761,4.344,5.792,2.0428374874179296,40.594872890551095,36.47248431352052,34.27608244826121,32.40242548020132,28.72439703457672,27.354363235140386,28.407198031484906,27.34488120288695,25.9920055594023,26.511158122571707,27.0978239901288,27.747721221750805,26.484186980158555,26.475481865303227,25.23967608746198,21.43380218253402,22.577173693799672,20.64961580756407,22.025311462042936,22.820129557038012,22.81192129128978,18.746489378014218,19.351863166114008,20.81351291829421,20.8052055985996,17.426181480749015,18.075827643568633,18.81469364619047,19.632708855377036,18.806269619464675,16.12655263842834,18.48883868716475,15.610134688720658,13.312734993231107,11.277008291209153,10.214187437089647,10.426170917455748,9.704105986642974,7.24,11.673283042914706,50.37132644669982,47.425725350277986,46.59139701704596,47.15056601993236,45.83299572360506,43.930473250353224,41.92903685991368,39.3750686602576,36.15165528713727,34.19691952500985,35.63805686341499,33.652901449949304,30.972246302133144,32.42738066819459,33.22578241366184,29.21992801154719,27.225898258827016,28.66271447368515,27.5922679749237,23.676902014410587,24.589153564122533,25.550942546215392,24.581536017913937,21.65285865653771,22.554016582418306,23.509879795524263,24.514049849015155,25.560834102196274,20.5204099617917,23.51976991809231,20.512686440347103,19.428873461938032,20.428374874179294,22.573734205930574,18.385537386761367,20.540110637481973,17.399074917937448,20.852341834911496,16.479702454838193,18.853348588513395
51.1778327892067,57.23716052530908,55.677368912332774,54.227482930705904,45.8065141328174,42.18847929233762,45.154347387599344,37.91105933629394,38.3097069813905,38.851157421626446,33.9245640944729,36.15165528713727,34.85236296149803,33.75212378503018,32.22676012260618,44.99871705948959,44.991316462179675,43.93782945253441,40.89790049623574,38.11147261652323,31.91342377433045,30.101058851807856,32.04875691817079,34.72823728610481,27.225898258827016,23.29569850852298,24.832653422459714,21.29938461552352,22.554016582418306,20.428374874179294,16.826450724974652,15.639256376183619,15.58506002555011,12.938807982190632,16.18663362160273,20.323150961403595,23.21277029998789,8.806692057747902,29.1030500807046,19.04334266876485,46.20285012853644,41.81407926763425,40.45179748787438,39.014631422070366,37.466,36.025,34.705041017120266,33.174616094236875,31.735051725182363,31.735051725182363,30.29562385890081,30.399258823201595,29.396252550282664,28.856352922710105,28.82,27.98494068244562,27.975157282846506,26.299242954883702,26.0991697185945,25.17241094929129,24.539757802390795,23.772387343302313,23.056,23.10142506426822,20.988986159412274,20.636390478957313,20.22589874393719,19.230070852703587,18.788879503578706,17.829290507476735,17.352520508560133,17.292,15.050529425903928,14.482568971007872,13.288407617167678,13.04958485929725,12.969,12.90124211074267,5.943096835825578,0.0,52.05756152568039,47.7510015078218,39.14875457789175,39.57489417547443,37.91105933629394,36.74531568785333,37.057819269352585,34.85575120406961,35.65858101495347,32.22676012260618,29.145544016195682,27.721471407556994,27.98494068244562,28.72439703457672,24.879174926030004,25.544482946421134,23.237167469379738,23.461659617341653,22.047189412712,22.37756664608554,22.795302695950323,22.037385530048706,20.988986159412274,19.230070852703587,19.607971669706178,20.083398342909998,17.532828636589134,17.829290507476735,18.746489378014218,16.11338006130309,16.87606189251509,15.050529425903928,14.203599015742453,10.982618312588306,12.416326711229857,8.413225362487326,10.214187437089647,8.171349949671718,9.254258263091646,5.203378229573553,46.53312008666516,42.400402450920204,40.166796685819996,38.3097069813905,34.658288258366134,33.28295810170725,34.27608244826121,33.273433246360376,31.91342377433045,32.40242548020132,32.947854937764916,33.54695993678116,32.25310527685668,32.244170015678804,30.972246302133144,27.354363235140386,28.407198031484906,26.511158122571707,27.747721221750805,28.4565178649813,28.44790974746651,24.638597362674684,25.18566322334991,26.484186980158555,26.475481865303227,23.29569850852298,23.8735569406823,24.52340272066664,25.23967608746198,24.514589146057496,21.965236625176612,24.017145958668777,21.29938461552352,18.81469364619047,16.826450724974652,15.610134688720658,15.350351136048975,14.299862411925508,10.426170917455748,13.730307826119558,56.23946813404266,53.344302423032964,52.48576008785621,53.022316245143415,51.693730693382925,49.80621969192202,47.7471138813646,45.154347387599344,41.92903685991368,39.9965748658557,41.33708515364865,39.3750686602576,36.77172328025979,38.115632291751375,38.851157421626446,34.89489213337677,32.92861345395521,34.067046026915804,32.92011281876172,29.21992801154719,30.033787390204388,30.89410922813603,30.025631467131547,27.225898258827016,28.022853530645303,28.870478208716943,29.76444375425148,30.70070227209795,26.016891147867764,28.66271447368515,26.008583679239436,24.832653422459714,25.703919156424377,27.5922679749237,23.676902014410587,25.550942546215392,22.554016582418306,25.560834102196274,21.469154641019287,23.51976991809231
13.11142650515191,36.45721230428898,33.583399842779464,30.713755761873212,16.173509977738288,14.299862411925508,27.181652635555476,17.617792029650026,23.51976991809231,30.93335974316401,22.025311462042936,29.64369538367307,27.5922679749237,25.703919156424377,22.577173693799672,43.41175104738347,43.40307902672344,42.1621658006322,38.49692144834441,34.987403004510064,26.016891147867764,26.484186980158555,34.77838506889013,39.85337176450695,34.422890291200126,32.947854937764916,36.86949660627332,36.1680639376785,39.3750686602576,41.92903685991368,39.667797770987995,46.59139701704596,49.80621969192202,48.7854253645492,53.022316245143415,56.12162400536891,59.99677185482565,54.88656951386195,64.09052176414231,59.457504051212915,5.943096835825578,10.494493079706137,11.618583734689869,14.853032047363259,15.050529425903928,16.435465828506352,18.746489378014218,18.95552966814697,20.988986159412274,20.380802045061916,22.37756664608554,21.663446840242205,25.18566322334991,23.772387343302313,23.461659617341653,26.511158122571707,26.52039865839124,27.354363235140386,25.978386170045283,29.195001918136605,27.98494068244562,30.550464742782555,29.145544016195682,28.965137942015744,33.28295810170725,32.870931657012704,32.22676012260618,34.26280480345998,33.26928410711598,35.65858101495347,35.06565727317827,34.85575120406961,38.460141705407175,37.57775900715741,39.57489417547443,39.335758706296744,39.14875457789175,41.60167785077904,46.20285012853644,52.05756152568039,0.0,4.323,12.969,13.288407617167678,14.482568971007872,16.11338006130309,16.435465828506352,17.292,17.829290507476735,20.22589874393719,23.056,24.497,24.539757802390795,24.879174926030004,27.379,27.53173545201973,28.856352922710105,28.82,30.261,30.29562385890081,30.399258823201595,30.271,31.735051725182363,33.143,33.174616094236875,33.26928410711598,34.61429993514241,34.584,34.705041017120266,36.054088935930686,36.054088935930686,37.466,38.93393575019099,41.789,41.889226980215334,44.671,44.764774734159,46.13472930450552,46.20285012853644,47.57504086177961,11.286867102965287,14.435239104358471,17.617792029650026,18.075827643568633,19.607971669706178,20.988986159412274,21.965236625176612,20.998598048441234,22.37756664608554,22.795302695950323,23.29569850852298,23.8735569406823,25.18566322334991,25.194817959255033,26.511158122571707,26.299242954883702,26.929490229114997,27.98494068244562,28.72439703457672,29.195001918136605,29.204380099567256,29.145544016195682,29.396252550282664,30.101058851807856,30.110633404164716,30.571203067592876,30.81031296497976,31.115040109246205,31.483479239118413,31.124765717993768,31.998236513908076,32.870931657012704,33.645292583064276,36.48764022240956,37.71699208579602,39.14875457789175,40.76160409012383,42.18847929233762,46.31616218988788,48.34014018390927,17.376,13.11142650515191,14.764021267933748,16.18663362160273,16.50422712519432,15.58506002555011,18.123313714660462,19.662043840862527,20.428374874179294,20.5204099617917,22.471212361597228,22.554016582418306,22.025311462042936,23.676902014410587,24.589153564122533,25.23967608746198,25.80248422148534,29.21992801154719,30.43815086367764,29.728752025606457,30.32231298895254,30.972246302133144,30.33134261782686,30.550464742782555,31.060931344697313,31.629502430484106,32.25310527685668,32.92861345395521,31.91342377433045,33.54695993678116,31.922906149033487,33.28295810170725,33.75212378503018,34.85236296149803,34.658288258366134,35.61308008302568,36.038750699767604,37.492978756028435,37.42377748170272,38.3097069813905
13.346870344766222,36.2,33.304,30.408,14.764021267933748,11.66028267238835,25.64877153003629,14.299862411925508,20.852341834911496,28.52359647730279,18.48883868716475,26.888893636592783,24.608884107167476,22.471212361597228,18.81469364619047,41.42927911513788,41.420192032389224,40.11799177426507,36.246627429320924,32.49497511923959,22.554016582418306,22.820129557038012,31.685398040737947,37.017033052366585,30.89410922813603,29.027794749171008,33.22578241366184,32.25310527685668,35.63805686341499,38.115632291751375,35.61308008302568,42.61079704722736,45.83299572360506,44.72160221861466,49.055603400631,52.27106274029637,56.19005410212736,50.69758436059848,60.43877597205291,55.50176077387095,2.0428374874179296,6.450621055371335,7.349063137570666,11.277008291209153,10.982618312588306,12.319298681337342,14.853032047363259,14.698126275141332,16.87606189251509,16.11338006130309,18.23624215676026,17.352520508560133,21.29938461552352,19.607971669706178,19.230070852703587,22.577173693799672,22.58610971371564,23.29569850852298,21.663446840242205,25.18566322334991,23.772387343302313,26.511158122571707,24.879174926030004,24.667586525641294,29.195001918136605,28.72439703457672,27.98494068244562,30.101058851807856,28.965137942015744,31.483479239118413,30.81031296497976,30.571203067592876,34.26280480345998,33.26928410711598,35.333704249625455,35.06565727317827,34.85575120406961,37.42377748170272,41.889226980215334,47.7510015078218,4.323,0.0,8.646,9.11812107838013,10.190401022530958,11.886193671651156,12.319298681337342,12.969,13.677181617570193,15.917000502607268,18.733,20.174,20.22589874393719,20.636390478957313,23.056,23.237167469379738,24.539757802390795,24.497,25.938,25.978386170045283,26.0991697185945,25.948,27.417263630785623,28.82,28.856352922710105,28.965137942015744,30.29562385890081,30.261,30.399258823201595,31.735051725182363,31.735051725182363,33.143,34.61429993514241,37.466,37.57775900715741,40.348,40.45179748787438,41.81407926763425,41.889226980215334,43.254243768675465,9.153538550746372,11.286867102965287,14.299862411925508,14.435239104358471,15.530465672348656,16.87606189251509,18.075827643568633,16.885454835449355,18.23624215676026,18.746489378014218,19.351863166114008,20.043746156844033,21.29938461552352,21.308180236707216,22.577173693799672,22.047189412712,22.795302695950323,23.772387343302313,24.638597362674684,25.18566322334991,25.194817959255033,24.879174926030004,25.17241094929129,25.9920055594023,26.001430595257638,26.299242954883702,26.576815234335356,26.929490229114997,27.354363235140386,26.93912218317442,27.721471407556994,28.72439703457672,29.396252550282664,32.22676012260618,33.4264683297533,34.85575120406961,36.48764022240956,37.91105933629394,42.01417447719281,44.094378825424,17.905689179699284,13.346870344766222,14.5515250403523,15.993050522023621,15.928,14.5515250403523,16.50422712519432,17.481796503792168,17.64703853341971,17.399074917937448,19.662043840862527,19.43875924538395,18.48883868716475,20.428374874179294,21.47904290232691,21.65285865653771,22.025311462042936,25.703919156424377,26.8497562186326,25.80248422148534,26.484186980158555,27.225898258827016,26.49289300925816,26.511158122571707,27.0978239901288,27.747721221750805,28.4565178649813,29.21992801154719,27.848129919260288,29.706064094726518,27.857444247453856,29.195001918136605,29.728752025606457,30.972246302133144,30.550464742782555,31.629502430484106,31.91342377433045,33.54695993678116,33.28295810170725,34.27608244826121
17.399074917937448,37.21818528622802,34.40798936293721,31.613284865701633,15.58506002555011,10.537761621900545,24.658141393868274,10.237918587291071,17.613384115495805,25.281834427113868,12.938807982190632,22.883846376865932,20.155768429906114,17.481796503792168,12.435856263241385,38.62803670910547,38.61829048520921,37.21818528622802,33.00845425038864,28.838575901039217,16.864866320252883,16.479702454838193,26.550916839160188,32.347019955476576,24.608884107167476,21.65285865653771,26.556887336433086,24.832653422459714,28.66271447368515,30.89410922813603,27.747721221750805,34.89489213337677,38.115632291751375,36.77172328025979,41.33708515364865,44.82910451927408,48.83514357509354,42.400402450920204,53.4366628542614,47.781552350253335,7.349063137570666,4.085674974835859,2.0428374874179296,7.24,4.576769275373186,5.213085458727874,8.432433160126442,6.450621055371335,9.244419343582376,7.765232836174328,10.406756459147106,8.766414318294567,14.299862411925508,11.63163071112559,10.982618312588306,15.350351136048975,15.357862481478339,15.610134688720658,13.04958485929725,17.617792029650026,15.530465672348656,18.81469364619047,16.435465828506352,16.11338006130309,21.29938461552352,20.64961580756407,19.607971669706178,21.965236625176612,20.380802045061916,23.29569850852298,22.37756664608554,22.047189412712,25.9920055594023,24.667586525641294,26.929490229114997,26.576815234335356,26.299242954883702,29.195001918136605,33.26928410711598,39.14875457789175,12.969,8.646,0.0,2.896,2.0428374874179296,4.085674974835859,5.213085458727874,4.323,6.128512462253789,7.349063137570666,10.087,11.528,11.618583734689869,12.319298681337342,14.41,14.698126275141332,15.917000502607268,15.851,17.292,17.352520508560133,17.532828636589134,17.302,18.788879503578706,20.174,20.22589874393719,20.380802045061916,21.663446840242205,21.615,21.808141621880576,23.10142506426822,23.10142506426822,24.497,25.978386170045283,28.82,28.965137942015744,31.702,31.834001005214535,33.174616094236875,33.26928410711598,34.61429993514241,10.426170917455748,8.806692057747902,10.237918587291071,9.153538550746372,8.171349949671718,9.244419343582376,11.286867102965287,9.252215356334935,10.406756459147106,11.277008291209153,12.257024924507578,13.322605300766064,14.299862411925508,14.306918081823213,15.350351136048975,13.677181617570193,14.853032047363259,15.530465672348656,16.826450724974652,17.617792029650026,17.625972200136935,16.435465828506352,16.87606189251509,18.075827643568633,18.084597451975537,17.829290507476735,18.23624215676026,18.746489378014218,19.351863166114008,18.755713902701757,19.230070852703587,20.64961580756407,20.988986159412274,23.772387343302313,24.879174926030004,26.299242954883702,27.98494068244562,29.396252550282664,33.4264683297533,35.65858101495347,21.682258577002536,17.399074917937448,17.64703853341971,18.853348588513395,18.123313714660462,16.173509977738288,16.50422712519432,15.993050522023621,14.5515250403523,13.346870344766222,16.18663362160273,15.111542906004006,12.938807982190632,15.58506002555011,16.93885710430311,15.639256376183619,15.36022867668317,19.662043840862527,20.540110637481973,18.48883868716475,19.428873461938032,20.428374874179294,19.436291415802554,18.81469364619047,19.632708855377036,20.5204099617917,21.469154641019287,22.471212361597228,20.043746156844033,22.554016582418306,20.05237392430133,21.29938461552352,22.025311462042936,23.676902014410587,22.577173693799672,24.017145958668777,23.8735569406823,26.016891147867764,25.18566322334991,26.484186980158555
19.662043840862527,40.040611034298664,37.21818528622802,34.40798936293721,18.307077101492744,13.346870344766222,27.549711885970783,13.11142650515191,20.475837174582143,28.109319451029048,15.58506002555011,25.64877153003629,22.883846376865932,20.155768429906114,14.891106372597035,41.4556299192281,41.445849876676434,40.040611034298664,35.81137835939857,31.613284865701633,19.408211973285947,18.853348588513395,29.112317959928923,34.963593007584336,26.888893636592783,23.509879795524263,28.682463091582633,26.625469986462214,30.642562311268946,32.73929457089752,29.21992801154719,36.42364760701487,39.6259618053619,38.115632291751375,42.83172713071468,46.48237623013694,50.523336865254656,43.37813144892251,55.28797808746491,49.25091488490341,8.413225362487326,6.469403991095316,4.576769275373186,10.136,7.382010633966874,7.792530012775055,11.019384057196662,8.171349949671718,11.286867102965287,9.244419343582376,12.257024924507578,9.675931583057004,16.479702454838193,13.312734993231107,12.416326711229857,17.399074917937448,17.40570216911688,17.389192534445066,13.677181617570193,19.428873461938032,16.826450724974652,20.5204099617917,17.426181480749015,16.87606189251509,22.820129557038012,22.025311462042936,20.64961580756407,23.26326142225118,20.988986159412274,24.52340272066664,23.29569850852298,22.795302695950323,27.0978239901288,25.17241094929129,27.848129919260288,27.354363235140386,26.929490229114997,30.32231298895254,33.645292583064276,39.57489417547443,13.288407617167678,9.11812107838013,2.896,0.0,2.0428374874179296,2.882,3.2253105276856675,5.203378229573553,4.559060539190065,7.349063137570666,10.494493079706137,11.886193671651156,11.618583734689869,11.618583734689869,14.698126275141332,14.41,16.435465828506352,16.11338006130309,17.532828636589134,17.352520508560133,17.292,17.54269135566148,18.788879503578706,20.380802045061916,20.22589874393719,20.174,22.047189412712,21.808141621880576,21.615,23.461659617341653,23.10142506426822,24.667586525641294,25.978386170045283,28.965137942015744,28.82,31.834001005214535,31.702,33.174616094236875,33.143,34.85575120406961,8.171349949671718,5.968563059899761,7.382010633966874,6.469403991095316,6.450621055371335,7.765232836174328,9.244419343582376,7.774512267660268,9.11812107838013,9.675931583057004,10.406756459147106,11.277008291209153,12.416326711229857,12.424452060352602,13.612949129413508,13.04958485929725,13.677181617570193,14.698126275141332,15.530465672348656,16.12655263842834,16.13548883672261,15.917000502607268,16.11338006130309,16.87606189251509,16.885454835449355,17.352520508560133,17.532828636589134,17.829290507476735,18.23624215676026,17.838989321147093,18.788879503578706,19.607971669706178,20.380802045061916,23.237167469379738,24.539757802390795,25.978386170045283,27.53173545201973,28.965137942015744,33.174616094236875,35.06565727317827,19.43875924538395,15.350351136048975,15.36022867668317,16.479702454838193,15.639256376183619,13.64188700290396,13.730307826119558,13.11142650515191,11.673283042914706,10.537761621900545,13.346870344766222,12.364359465819488,10.426170917455748,12.938807982190632,14.249797191539253,13.322605300766064,13.312734993231107,17.399074917937448,18.385537386761367,16.826450724974652,17.617792029650026,18.48883868716475,17.625972200136935,17.426181480749015,18.075827643568633,18.81469364619047,19.632708855377036,20.5204099617917,18.746489378014218,20.81351291829421,18.755713902701757,20.083398342909998,20.64961580756407,22.025311462042936,21.43380218253402,22.577173693799672,22.795302695950323,24.52340272066664,24.166024414454274,25.18566322334991
19.43875924538395,38.97588322283409,36.18631057458055,33.41485156333932,17.481796503792168,12.364359465819488,26.22285301030382,11.584,18.8790745800741,26.42007617324371,13.730307826119558,23.874252239599045,21.07552324380109,18.307077101492744,12.938807982190632,39.754361282757394,39.74452693139019,38.33123959644404,34.07445437567563,29.842815299498806,17.481796503792168,16.864866320252883,27.181652635555476,33.05815217158999,24.87171252648277,21.469154641019287,26.645210601532128,24.589153564122533,28.599724823851016,30.70070227209795,27.225898258827016,34.422890291200126,37.62938729238094,36.15165528713727,40.838847388240524,44.46496059820586,48.501920054777216,41.5141548029103,53.25093997292443,47.264241874804256,9.11812107838013,6.128512462253789,4.085674974835859,8.806692057747902,5.792,5.968563059899761,9.153538550746372,6.128512462253789,9.254258263091646,7.217619552179236,10.214187437089647,7.765232836174328,14.454839051335025,11.277008291209153,10.406756459147106,15.36022867668317,15.366797486789498,15.350351136048975,11.886193671651156,17.389192534445066,14.853032047363259,18.48883868716475,15.530465672348656,15.050529425903928,20.81351291829421,20.043746156844033,18.746489378014218,21.29938461552352,19.230070852703587,22.577173693799672,21.43380218253402,20.988986159412274,25.18566322334991,23.461659617341653,25.9920055594023,25.544482946421134,25.17241094929129,28.407198031484906,31.998236513908076,37.91105933629394,14.482568971007872,10.190401022530958,2.0428374874179296,2.0428374874179296,0.0,2.0428374874179296,3.234701995547658,3.2253105276856675,4.085674974835859,5.764,8.766414318294567,10.190401022530958,10.087,10.494493079706137,13.04958485929725,13.04958485929725,14.698126275141332,14.482568971007872,15.917000502607268,15.851,15.917000502607268,15.926959063173358,17.292,18.788879503578706,18.733,18.788879503578706,20.380802045061916,20.22589874393719,20.22589874393719,21.808141621880576,21.615,23.10142506426822,24.497,27.417263630785623,27.417263630785623,30.29562385890081,30.29562385890081,31.702,31.735051725182363,33.26928410711598,10.214187437089647,7.792530012775055,8.688,7.382010633966874,6.128512462253789,7.217619552179236,9.254258263091646,7.225608071297529,8.413225362487326,9.244419343582376,10.214187437089647,11.286867102965287,12.257024924507578,12.264080886882637,13.312734993231107,11.886193671651156,12.90124211074267,13.677181617570193,14.853032047363259,15.610134688720658,15.61844374449644,14.698126275141332,15.050529425903928,16.12655263842834,16.13548883672261,16.11338006130309,16.435465828506352,16.87606189251509,17.426181480749015,16.885454835449355,17.532828636589134,18.746489378014218,19.230070852703587,22.047189412712,23.237167469379738,24.667586525641294,26.299242954883702,27.721471407556994,31.834001005214535,33.9245640944729,21.47904290232691,17.389192534445066,17.399074917937448,18.508516526183293,17.64703853341971,15.639256376183619,15.58506002555011,14.764021267933748,13.032,11.673283042914706,14.5515250403523,13.346870344766222,11.019384057196662,13.730307826119558,15.111542906004006,13.64188700290396,13.322605300766064,17.64703853341971,18.508516526183293,16.46005640938086,17.389192534445066,18.385537386761367,17.396651890521923,16.826450724974652,17.617792029650026,18.48883868716475,19.428873461938032,20.428374874179294,18.075827643568633,20.5204099617917,18.084597451975537,19.351863166114008,20.043746156844033,21.65285865653771,20.64961580756407,22.025311462042936,21.965236625176612,24.017145958668777,23.29569850852298,24.52340272066664
21.47904290232691,40.76017664338564,37.991246149606624,35.24274677149896,19.408211973285947,14.249797191539253,27.849568632206854,13.11142650515191,20.272,27.662539073628075,14.764021267933748,24.992714638470147,22.14603190190062,19.314018354552736,13.730307826119558,40.951674349164286,40.94177392346355,39.518614753050244,35.22676823099161,30.94947754001673,18.307077101492744,17.481796503792168,27.947802507531787,33.87771420860622,25.297299480379323,21.47904290232691,26.888893636592783,24.514049849015155,28.682463091582633,30.642562311268946,26.8497562186326,34.067046026915804,37.24898013368957,35.63805686341499,40.43778768676645,44.19234322821093,48.25295452094099,40.71120656526898,53.14315241872654,46.830404066161975,10.982618312588306,8.171349949671718,6.128512462253789,10.537761621900545,7.382010633966874,7.24,10.237918587291071,6.469403991095316,9.704105986642974,7.2274195256675124,10.426170917455748,7.217619552179236,14.891106372597035,11.286867102965287,10.214187437089647,15.639256376183619,15.644786991199336,15.36022867668317,10.982618312588306,17.399074917937448,14.435239104358471,18.385537386761367,14.853032047363259,14.203599015742453,20.5204099617917,19.632708855377036,18.075827643568633,20.81351291829421,18.23624215676026,22.025311462042936,20.64961580756407,20.083398342909998,24.52340272066664,22.37756664608554,25.18566322334991,24.638597362674684,24.166024414454274,27.747721221750805,30.81031296497976,36.74531568785333,16.11338006130309,11.886193671651156,4.085674974835859,2.882,2.0428374874179296,0.0,1.448,3.234701995547658,2.0428374874179296,4.559060539190065,7.765232836174328,9.11812107838013,8.766414318294567,8.766414318294567,11.886193671651156,11.528,13.677181617570193,13.288407617167678,14.698126275141332,14.482568971007872,14.41,14.70793037786078,15.917000502607268,17.532828636589134,17.352520508560133,17.292,19.230070852703587,18.95552966814697,18.733,20.636390478957313,20.22589874393719,21.808141621880576,23.10142506426822,26.0991697185945,25.938,28.965137942015744,28.82,30.29562385890081,30.261,31.998236513908076,10.406756459147106,7.2274195256675124,7.382010633966874,5.792,4.085674974835859,5.203378229573553,7.2274195256675124,5.211689265487727,6.450621055371335,7.217619552179236,8.171349949671718,9.254258263091646,10.214187437089647,10.221243808852229,11.277008291209153,10.190401022530958,10.982618312588306,11.886193671651156,12.90124211074267,13.612949129413508,13.621418575170503,13.04958485929725,13.288407617167678,14.203599015742453,14.212730385116014,14.482568971007872,14.698126275141332,15.050529425903928,15.530465672348656,15.060104116505968,15.917000502607268,16.87606189251509,17.532828636589134,20.380802045061916,21.663446840242205,23.10142506426822,24.667586525641294,26.0991697185945,30.29562385890081,32.22676012260618,21.469154641019287,17.617792029650026,17.389192534445066,18.385537386761367,17.399074917937448,15.36022867668317,14.891106372597035,13.730307826119558,11.673283042914706,10.136,13.032,11.673283042914706,9.153538550746372,11.937126119799522,13.346870344766222,11.66028267238835,11.286867102965287,15.639256376183619,16.479702454838193,14.435239104358471,15.350351136048975,16.342699899343437,15.357862481478339,14.853032047363259,15.610134688720658,16.46005640938086,17.389192534445066,18.385537386761367,16.12655263842834,18.48883868716475,16.13548883672261,17.426181480749015,18.075827643568633,19.632708855377036,18.746489378014218,20.043746156844033,20.083398342909998,22.025311462042936,21.43380218253402,22.577173693799672
22.573734205930574,42.15104648760218,39.373426165371995,36.61415420298549,20.71463955756894,15.58506002555011,29.280879921887593,14.5515250403523,21.72,29.1030500807046,16.18663362160273,26.42007617324371,23.567871202126,20.72781495961405,15.111542906004006,42.38574949201677,42.37584241050554,40.951674349164286,36.65601855084646,32.37326724320546,19.686713082685998,18.810566206257587,29.302861856822105,35.24274677149896,26.550916839160188,22.573734205930574,28.071523382246287,25.560834102196274,29.793984510300064,31.685398040737947,27.733258030747127,34.94807635621738,38.11147261652323,36.42364760701487,41.284451128723994,45.10803316483661,49.178307128245066,41.29923161512814,54.13987950670005,47.651493082588715,11.63163071112559,9.254258263091646,7.2274195256675124,11.937126119799522,8.806692057747902,8.688,11.673283042914706,7.792530012775055,11.019384057196662,8.432433160126442,11.66028267238835,8.171349949671718,16.173509977738288,12.435856263241385,11.286867102965287,16.864866320252883,16.869995139299835,16.479702454838193,11.63163071112559,18.508516526183293,15.350351136048975,19.43875924538395,15.610134688720658,14.853032047363259,21.469154641019287,20.5204099617917,18.81469364619047,21.65285865653771,18.746489378014218,22.820129557038012,21.29938461552352,20.64961580756407,25.23967608746198,22.795302695950323,25.80248422148534,25.18566322334991,24.638597362674684,28.4565178649813,31.115040109246205,37.057819269352585,16.435465828506352,12.319298681337342,5.213085458727874,3.2253105276856675,3.234701995547658,1.448,0.0,4.576769275373186,1.441,5.203378229573553,8.413225362487326,9.675931583057004,9.11812107838013,8.646,12.319298681337342,11.618583734689869,14.203599015742453,13.677181617570193,15.050529425903928,14.698126275141332,14.482568971007872,15.060104116505968,16.11338006130309,17.829290507476735,17.532828636589134,17.352520508560133,19.607971669706178,19.230070852703587,18.788879503578706,20.988986159412274,20.380802045061916,22.047189412712,23.237167469379738,26.299242954883702,25.978386170045283,29.145544016195682,28.856352922710105,30.399258823201595,30.29562385890081,32.22676012260618,9.675931583057004,6.128512462253789,5.968563059899761,4.344,3.2253105276856675,4.559060539190065,6.128512462253789,4.568543859918607,5.943096835825578,6.450621055371335,7.217619552179236,8.171349949671718,9.244419343582376,9.252215356334935,10.406756459147106,10.087,10.494493079706137,11.618583734689869,12.319298681337342,12.90124211074267,12.910178465071658,12.969,13.04958485929725,13.677181617570193,13.68666420279244,14.41,14.482568971007872,14.698126275141332,15.050529425903928,14.70793037786078,15.851,16.435465828506352,17.352520508560133,20.22589874393719,21.615,23.056,24.539757802390795,25.978386170045283,30.261,31.998236513908076,20.5204099617917,16.826450724974652,16.46005640938086,17.389192534445066,16.342699899343437,14.299862411925508,13.64188700290396,12.364359465819488,10.237918587291071,8.688,11.584,10.237918587291071,7.792530012775055,10.537761621900545,11.937126119799522,10.426170917455748,10.214187437089647,14.454839051335025,15.36022867668317,13.612949129413508,14.435239104358471,15.350351136048975,14.443226370863263,14.203599015742453,14.853032047363259,15.610134688720658,16.46005640938086,17.389192534445066,15.530465672348656,17.617792029650026,15.539744656846842,16.87606189251509,17.426181480749015,18.81469364619047,18.23624215676026,19.351863166114008,19.607971669706178,21.29938461552352,20.988986159412274,21.965236625176612
20.5204099617917,38.45302278105065,35.74005283991617,33.05815217158999,17.64703853341971,12.435856263241385,25.281834427113868,10.537761621900545,17.435649027208594,24.658141393868274,11.673283042914706,21.910370238770497,19.04334266876485,16.18663362160273,10.537761621900545,37.8953853786975,37.885450677007924,36.45721230428898,32.14798695097409,27.849568632206854,15.111542906004006,14.249797191539253,24.728718931638976,30.6664176094959,22.073462800385446,18.385537386761367,23.70635096340219,21.469154641019287,25.560834102196274,27.5922679749237,24.017145958668777,31.220269377441316,34.422890291200126,32.92861345395521,37.62938729238094,41.284451128723994,45.32891758028202,38.3097069813905,50.128410826596124,44.05062292408587,11.618583734689869,7.765232836174328,5.943096835825578,8.432433160126442,5.213085458727874,4.576769275373186,7.24,3.234701995547658,6.469403991095316,4.085674974835859,7.2274195256675124,4.559060539190065,11.66028267238835,8.171349949671718,7.217619552179236,12.435856263241385,12.441652663533088,12.257024924507578,8.766414318294567,14.299862411925508,11.63163071112559,15.350351136048975,12.319298681337342,11.886193671651156,17.617792029650026,16.826450724974652,15.530465672348656,18.075827643568633,16.11338006130309,19.351863166114008,18.23624215676026,17.829290507476735,21.965236625176612,20.380802045061916,22.795302695950323,22.37756664608554,22.047189412712,25.18566322334991,28.965137942015744,34.85575120406961,17.292,12.969,4.323,5.203378229573553,3.2253105276856675,3.234701995547658,4.576769275373186,0.0,4.344,3.2253105276856675,5.764,7.205,7.349063137570666,8.413225362487326,10.087,10.494493079706137,11.618583734689869,11.528,12.969,13.04958485929725,13.288407617167678,12.979,14.482568971007872,15.851,15.917000502607268,16.11338006130309,17.352520508560133,17.292,17.532828636589134,18.788879503578706,18.788879503578706,20.174,21.663446840242205,24.497,24.667586525641294,27.379,27.53173545201973,28.856352922710105,28.965137942015744,30.29562385890081,13.312734993231107,10.426170917455748,10.537761621900545,8.806692057747902,5.968563059899761,6.469403991095316,9.153538550746372,6.4738649970477455,7.2274195256675124,8.432433160126442,9.704105986642974,11.019384057196662,11.66028267238835,11.665229187632791,12.435856263241385,9.675931583057004,11.277008291209153,11.63163071112559,13.312734993231107,14.299862411925508,14.306918081823213,12.319298681337342,12.90124211074267,14.435239104358471,14.443226370863263,13.677181617570193,14.203599015742453,14.853032047363259,15.610134688720658,14.861764397271275,15.050529425903928,16.826450724974652,16.87606189251509,19.607971669706178,20.636390478957313,22.047189412712,23.772387343302313,25.17241094929129,29.145544016195682,31.483479239118413,24.514049849015155,20.5204099617917,20.428374874179294,21.47904290232691,20.540110637481973,18.508516526183293,18.123313714660462,16.93885710430311,14.764021267933748,13.11142650515191,15.993050522023621,14.48,11.673283042914706,14.5515250403523,15.993050522023621,13.730307826119558,12.938807982190632,17.481796503792168,18.123313714660462,15.36022867668317,16.479702454838193,17.64703853341971,16.48582521440768,15.350351136048975,16.342699899343437,17.399074917937448,18.508516526183293,19.662043840862527,16.46005640938086,19.43875924538395,16.467936634563543,17.617792029650026,18.48883868716475,20.428374874179294,18.81469364619047,20.5204099617917,20.043746156844033,22.554016582418306,21.29938461552352,22.820129557038012
23.51976991809231,42.56772130382363,39.81917710098992,37.09307839745847,21.35627647788818,16.173509977738288,29.528042535867495,14.764021267933748,21.767748643348487,28.99582868276056,15.993050522023621,26.22285301030382,23.346566085829412,20.475837174582143,14.764021267933748,42.2139360045945,42.203988591127256,40.77381837650234,36.45721230428898,32.14798695097409,19.314018354552736,18.307077101492744,28.838575901039217,34.798045706619796,25.877615964381263,21.682258577002536,27.28377400580792,24.608884107167476,28.90967810267005,30.72045735336634,26.625469986462214,33.831024873627456,36.9776773743295,35.23558405930005,40.13681925613937,44.012953195621854,48.08955563321416,39.9965748658557,53.11377467286617,46.48237623013694,12.90124211074267,10.214187437089647,8.171349949671718,12.364359465819488,9.153538550746372,8.806692057747902,11.584,7.382010633966874,10.537761621900545,7.792530012775055,11.019384057196662,7.2274195256675124,15.58506002555011,11.66028267238835,10.426170917455748,16.173509977738288,16.177967270334058,15.639256376183619,10.406756459147106,17.64703853341971,14.299862411925508,18.508516526183293,14.435239104358471,13.612949129413508,20.428374874179294,19.428873461938032,17.617792029650026,20.5204099617917,17.426181480749015,21.65285865653771,20.043746156844033,19.351863166114008,24.017145958668777,21.43380218253402,24.52340272066664,23.8735569406823,23.29569850852298,27.225898258827016,29.71548417912789,35.65858101495347,17.829290507476735,13.677181617570193,6.128512462253789,4.559060539190065,4.085674974835859,2.0428374874179296,1.441,4.344,0.0,4.085674974835859,7.217619552179236,8.413225362487326,7.765232836174328,7.205,10.982618312588306,10.190401022530958,12.90124211074267,12.319298681337342,13.677181617570193,13.288407617167678,13.04958485929725,13.68666420279244,14.698126275141332,16.435465828506352,16.11338006130309,15.917000502607268,18.23624215676026,17.829290507476735,17.352520508560133,19.607971669706178,18.95552966814697,20.636390478957313,21.808141621880576,24.879174926030004,24.539757802390795,27.721471407556994,27.417263630785623,28.965137942015744,28.856352922710105,30.81031296497976,10.982618312588306,7.217619552179236,6.469403991095316,4.576769275373186,2.0428374874179296,3.2253105276856675,5.213085458727874,3.2342492173609627,4.559060539190065,5.203378229573553,6.128512462253789,7.2274195256675124,8.171349949671718,8.178406935338936,9.244419343582376,8.646,9.11812107838013,10.190401022530958,10.982618312588306,11.63163071112559,11.64030381905902,11.528,11.618583734689869,12.319298681337342,12.328656861150773,12.969,13.04958485929725,13.288407617167678,13.677181617570193,13.298167430138635,14.41,15.050529425903928,15.917000502607268,18.788879503578706,20.174,21.615,23.10142506426822,24.539757802390795,28.82,30.571203067592876,21.65285865653771,18.075827643568633,17.617792029650026,18.48883868716475,17.389192534445066,15.350351136048975,14.454839051335025,12.938807982190632,10.537761621900545,8.806692057747902,11.673283042914706,10.136,7.382010633966874,10.237918587291071,11.673283042914706,9.704105986642974,9.254258263091646,13.64188700290396,14.454839051335025,12.416326711229857,13.312734993231107,14.299862411925508,13.320313547360664,12.90124211074267,13.612949129413508,14.435239104358471,15.350351136048975,16.342699899343437,14.203599015742453,16.46005640938086,14.212730385116014,15.530465672348656,16.12655263842834,17.617792029650026,16.87606189251509,18.075827643568633,18.23624215676026,20.043746156844033,19.607971669706178,20.64961580756407
23.676902014410587,40.84882011759948,38.196278679997086,35.581721951024235,20.540110637481973,15.36022867668317,27.460615652239117,12.938807982190632,19.314018354552736,26.103803879894592,13.11142650515191,23.168,20.272,17.376,11.584,39.122547169119755,39.11255395649842,37.67556748079583,33.33516007161207,28.99582868276056,15.993050522023621,14.764021267933748,25.281834427113868,31.249935823934102,22.038768114393324,17.64703853341971,23.3205653447767,20.540110637481973,24.87171252648277,26.645210601532128,22.554016582418306,29.76444375425148,32.92011281876172,31.220269377441316,36.08809776089618,39.93820497969331,44.012953195621854,36.1680639376785,49.02809969803031,42.44997658421026,14.698126275141332,10.982618312588306,9.11812107838013,11.286867102965287,8.171349949671718,7.2274195256675124,9.153538550746372,4.576769275373186,7.24,4.344,7.382010633966874,3.234701995547658,11.937126119799522,7.792530012775055,6.469403991095316,12.364359465819488,12.367859353986848,11.66028267238835,6.450621055371335,13.64188700290396,10.214187437089647,14.454839051335025,10.406756459147106,9.675931583057004,16.342699899343437,15.350351136048975,13.612949129413508,16.46005640938086,13.677181617570193,17.617792029650026,16.12655263842834,15.530465672348656,20.043746156844033,17.829290507476735,20.64961580756407,20.083398342909998,19.607971669706178,23.26326142225118,26.299242954883702,32.22676012260618,20.22589874393719,15.917000502607268,7.349063137570666,7.349063137570666,5.764,4.559060539190065,5.203378229573553,3.2253105276856675,4.085674974835859,0.0,3.2253105276856675,4.559060539190065,4.323,5.203378229573553,7.349063137570666,7.349063137570666,9.11812107838013,8.766414318294567,10.190401022530958,10.087,10.190401022530958,10.200299652461196,11.528,13.04958485929725,12.969,13.04958485929725,14.698126275141332,14.482568971007872,14.482568971007872,16.11338006130309,15.851,17.352520508560133,18.733,21.663446840242205,21.663446840242205,24.539757802390795,24.539757802390795,25.938,25.978386170045283,27.53173545201973,14.853032047363259,11.277008291209153,10.426170917455748,8.432433160126442,4.576769275373186,4.344,7.24,4.344011510113664,4.576769275373186,5.968563059899761,7.382010633966874,8.806692057747902,9.153538550746372,9.156691979093761,9.704105986642974,6.450621055371335,8.171349949671718,8.413225362487326,10.214187437089647,11.286867102965287,11.293253251388636,9.11812107838013,9.675931583057004,11.277008291209153,11.284677044559139,10.494493079706137,10.982618312588306,11.63163071112559,12.416326711229857,11.64030381905902,11.886193671651156,13.612949129413508,13.677181617570193,16.435465828506352,17.532828636589134,18.95552966814697,20.636390478957313,22.047189412712,26.0991697185945,28.320085469503795,25.703919156424377,22.025311462042936,21.65285865653771,22.554016582418306,21.469154641019287,19.428873461938032,18.508516526183293,16.864866320252883,14.249797191539253,12.364359465819488,15.111542906004006,13.346870344766222,10.237918587291071,13.11142650515191,14.5515250403523,11.673283042914706,10.537761621900545,15.111542906004006,15.58506002555011,12.435856263241385,13.64188700290396,14.891106372597035,13.647171172078117,12.257024924507578,13.322605300766064,14.454839051335025,15.639256376183619,16.864866320252883,13.312734993231107,16.479702454838193,13.320313547360664,14.435239104358471,15.350351136048975,17.399074917937448,15.610134688720658,17.389192534445066,16.826450724974652,19.428873461938032,18.075827643568633,19.632708855377036
25.23967608746198,40.75984898156518,38.211015492917745,35.7151473887481,21.469154641019287,16.46005640938086,27.181652635555476,13.322605300766064,18.810566206257587,24.992714638470147,12.364359465819488,21.910370238770497,19.04334266876485,16.18663362160273,10.537761621900545,37.67556748079583,37.66557479980891,36.22866932416922,31.88857502303921,27.549711885970783,14.5515250403523,13.032,23.346566085829412,29.280879921887593,19.686713082685998,14.891106372597035,20.71463955756894,17.64703853341971,22.073462800385446,23.70635096340219,19.428873461938032,26.625469986462214,29.76444375425148,28.022853530645303,32.92011281876172,36.817890990658334,40.89790049623574,32.947854937764916,45.98013940822712,39.26541771075407,17.352520508560133,13.288407617167678,11.618583734689869,12.416326711229857,9.675931583057004,8.413225362487326,9.254258263091646,5.203378229573553,6.469403991095316,4.085674974835859,5.968563059899761,2.0428374874179296,10.136,5.792,4.344,10.237918587291071,10.239330886342135,9.153538550746372,3.2253105276856675,11.019384057196662,7.2274195256675124,11.66028267238835,7.217619552179236,6.450621055371335,13.322605300766064,12.257024924507578,10.406756459147106,13.312734993231107,10.494493079706137,14.435239104358471,12.90124211074267,12.319298681337342,16.826450724974652,14.698126275141332,17.426181480749015,16.87606189251509,16.435465828506352,20.043746156844033,23.237167469379738,29.145544016195682,23.056,18.733,10.087,10.494493079706137,8.766414318294567,7.765232836174328,8.413225362487326,5.764,7.217619552179236,3.2253105276856675,0.0,1.441,2.0428374874179296,4.576769275373186,4.323,5.203378229573553,5.943096835825578,5.764,7.205,7.349063137570666,7.765232836174328,7.215,8.766414318294567,10.087,10.190401022530958,10.494493079706137,11.618583734689869,11.528,11.886193671651156,13.04958485929725,13.04958485929725,14.41,15.917000502607268,18.733,18.95552966814697,21.615,21.808141621880576,23.10142506426822,23.237167469379738,24.539757802390795,18.075827643568633,14.435239104358471,13.322605300766064,11.286867102965287,7.2274195256675124,6.469403991095316,9.153538550746372,6.464955374942661,5.968563059899761,7.382010633966874,8.806692057747902,10.237918587291071,10.136,10.136004932911192,10.237918587291071,5.213085458727874,7.792530012775055,7.2274195256675124,9.704105986642974,11.019384057196662,11.02331098173321,7.217619552179236,8.171349949671718,10.426170917455748,10.4317026414675,8.413225362487326,9.244419343582376,10.214187437089647,11.286867102965287,10.221243808852229,9.675931583057004,12.257024924507578,11.63163071112559,14.203599015742453,15.050529425903928,16.435465828506352,18.23624215676026,19.607971669706178,23.461659617341653,25.9920055594023,28.870478208716943,25.23967608746198,24.832653422459714,25.703919156424377,24.589153564122533,22.554016582418306,21.47904290232691,19.662043840862527,16.864866320252883,14.891106372597035,17.481796503792168,15.58506002555011,12.364359465819488,15.111542906004006,16.50422712519432,13.11142650515191,11.584,15.993050522023621,16.18663362160273,12.364359465819488,13.730307826119558,15.111542906004006,13.733459615115194,11.66028267238835,12.938807982190632,14.249797191539253,15.58506002555011,16.93885710430311,12.435856263241385,16.173509977738288,12.441652663533088,13.322605300766064,14.454839051335025,16.864866320252883,14.299862411925508,16.479702454838193,15.350351136048975,18.508516526183293,16.46005640938086,18.385537386761367
26.484186980158555,41.44189035263715,38.93772838777321,36.491598211095116,22.554016582418306,17.617792029650026,27.823414905435314,14.299862411925508,19.408211973285947,25.281834427113868,12.938807982190632,22.14603190190062,19.314018354552736,16.50422712519432,11.019384057196662,37.7581491601482,37.748178340153046,36.31454149510909,31.986101044047242,27.662539073628075,14.764021267933748,13.11142650515191,23.21277029998789,29.1030500807046,19.314018354552736,14.249797191539253,20.155768429906114,16.864866320252883,21.35627647788818,22.85908871761952,18.385537386761367,25.550942546215392,28.66271447368515,26.8497562186326,31.797122401248828,35.759296693307604,39.84347555121165,31.629502430484106,44.99871705948959,38.11147261652323,18.788879503578706,14.698126275141332,13.04958485929725,13.612949129413508,10.982618312588306,9.675931583057004,10.214187437089647,6.450621055371335,7.2274195256675124,5.203378229573553,6.469403991095316,3.2253105276856675,10.237918587291071,5.968563059899761,4.576769275373186,10.136,10.136004932911192,8.806692057747902,2.0428374874179296,10.537761621900545,6.469403991095316,11.019384057196662,6.128512462253789,5.203378229573553,12.435856263241385,11.286867102965287,9.244419343582376,12.257024924507578,9.11812107838013,13.312734993231107,11.63163071112559,10.982618312588306,15.610134688720658,13.288407617167678,16.12655263842834,15.530465672348656,15.050529425903928,18.81469364619047,21.808141621880576,27.721471407556994,24.497,20.174,11.528,11.886193671651156,10.190401022530958,9.11812107838013,9.675931583057004,7.205,8.413225362487326,4.559060539190065,1.441,0.0,1.448,4.344,2.882,4.085674974835859,4.559060539190065,4.323,5.764,5.943096835825578,6.450621055371335,5.774,7.349063137570666,8.646,8.766414318294567,9.11812107838013,10.190401022530958,10.087,10.494493079706137,11.618583734689869,11.618583734689869,12.969,14.482568971007872,17.292,17.532828636589134,20.174,20.380802045061916,21.663446840242205,21.808141621880576,23.10142506426822,19.351863166114008,15.610134688720658,14.299862411925508,12.257024924507578,8.171349949671718,7.2274195256675124,9.704105986642974,7.221442584414834,6.469403991095316,7.792530012775055,9.153538550746372,10.537761621900545,10.237918587291071,10.236515862343007,10.136,4.576769275373186,7.382010633966874,6.469403991095316,9.153538550746372,10.537761621900545,10.540500936862536,6.128512462253789,7.2274195256675124,9.704105986642974,9.708564929998666,7.217619552179236,8.171349949671718,9.254258263091646,10.426170917455748,9.260490051827713,8.413225362487326,11.286867102965287,10.406756459147106,12.90124211074267,13.677181617570193,15.050529425903928,16.87606189251509,18.23624215676026,22.047189412712,24.638597362674684,30.033787390204388,26.484186980158555,26.016891147867764,26.8497562186326,25.703919156424377,23.676902014410587,22.471212361597228,20.540110637481973,17.64703853341971,15.639256376183619,18.123313714660462,16.173509977738288,12.938807982190632,15.58506002555011,16.93885710430311,13.346870344766222,11.673283042914706,15.928,15.993050522023621,11.937126119799522,13.346870344766222,14.764021267933748,13.349033223421086,11.019384057196662,12.364359465819488,13.730307826119558,15.111542906004006,16.50422712519432,11.66028267238835,15.58506002555011,11.665229187632791,12.435856263241385,13.64188700290396,16.173509977738288,13.322605300766064,15.639256376183619,14.299862411925508,17.64703853341971,15.350351136048975,17.399074917937448
27.225898258827016,42.71255295577636,40.183227595602624,37.70669717702679,23.509879795524263,18.48883868716475,29.112317959928923,15.36022867668317,20.71463955756894,26.693740689532444,14.249797191539253,23.567871202126,20.72781495961405,17.905689179699284,12.364359465819488,39.202080812120165,39.192107879010535,37.7581491601482,33.4284660132648,29.1030500807046,16.18663362160273,14.5515250403523,24.658141393868274,30.544269315208705,20.72781495961405,15.58506002555011,21.51432102112451,18.123313714660462,22.642913968833604,24.06551360349494,19.43875924538395,26.556887336433086,29.633801797946887,27.733258030747127,32.73929457089752,36.771074773522734,40.85674974835859,32.25310527685668,46.08068603004951,39.008660282045064,18.95552966814697,15.050529425903928,13.288407617167678,14.435239104358471,11.63163071112559,10.406756459147106,11.286867102965287,7.217619552179236,8.432433160126442,6.128512462253789,7.792530012775055,4.085674974835859,11.673283042914706,7.382010633966874,5.968563059899761,11.584,11.584004316297538,10.237918587291071,3.234701995547658,11.937126119799522,7.792530012775055,12.364359465819488,7.2274195256675124,6.128512462253789,13.64188700290396,12.435856263241385,10.214187437089647,13.322605300766064,9.675931583057004,14.299862411925508,12.416326711229857,11.63163071112559,16.46005640938086,13.677181617570193,16.826450724974652,16.12655263842834,15.530465672348656,19.632708855377036,22.047189412712,27.98494068244562,24.539757802390795,20.22589874393719,11.618583734689869,11.618583734689869,10.087,8.766414318294567,9.11812107838013,7.349063137570666,7.765232836174328,4.323,2.0428374874179296,1.448,0.0,2.896,3.2253105276856675,3.2253105276856675,5.203378229573553,4.559060539190065,5.943096835825578,5.764,5.943096835825578,5.952795981721531,7.205,8.766414318294567,8.646,8.766414318294567,10.494493079706137,10.190401022530958,10.190401022530958,11.886193671651156,11.528,13.04958485929725,14.41,17.352520508560133,17.352520508560133,20.22589874393719,20.22589874393719,21.615,21.663446840242205,23.237167469379738,18.746489378014218,14.853032047363259,13.312734993231107,11.277008291209153,7.217619552179236,6.128512462253789,8.432433160126442,6.121462652013815,5.213085458727874,6.469403991095316,7.792530012775055,9.153538550746372,8.806692057747902,8.805061328576878,8.688,3.234701995547658,5.968563059899761,5.213085458727874,7.792530012775055,9.153538550746372,9.156691979093761,5.203378229573553,6.128512462253789,8.432433160126442,8.437564162719001,6.450621055371335,7.217619552179236,8.171349949671718,9.254258263091646,8.178406935338936,7.765232836174328,10.214187437089647,9.675931583057004,12.319298681337342,13.288407617167678,14.698126275141332,16.435465828506352,17.829290507476735,21.808141621880576,24.166024414454274,29.21992801154719,25.80248422148534,25.23967608746198,26.016891147867764,24.832653422459714,22.820129557038012,21.469154641019287,19.43875924538395,16.479702454838193,14.454839051335025,16.864866320252883,14.891106372597035,11.66028267238835,14.249797191539253,15.58506002555011,11.937126119799522,10.237918587291071,14.48,14.5515250403523,10.537761621900545,11.937126119799522,13.346870344766222,11.939544379916681,9.704105986642974,11.019384057196662,12.364359465819488,13.730307826119558,15.111542906004006,10.426170917455748,14.249797191539253,10.4317026414675,11.286867102965287,12.435856263241385,14.891106372597035,12.257024924507578,14.454839051335025,13.312734993231107,16.479702454838193,14.435239104358471,16.342699899343437
28.870478208716943,45.28582793766721,42.71255295577636,40.183227595602624,25.560834102196274,20.428374874179294,31.731318299118932,17.64703853341971,23.377590038325163,29.528042535867495,16.93885710430311,26.42007617324371,23.567871202126,20.72781495961405,15.111542906004006,42.09078269645268,42.08080617098489,40.64630192280719,36.31454149510909,31.986101044047242,19.04334266876485,17.435649027208594,27.549711885970783,33.4284660132648,23.567871202126,18.307077101492744,24.26248645543156,20.71463955756894,25.26863259062508,26.550916839160188,21.682258577002536,28.682463091582633,31.685398040737947,29.633801797946887,34.72823728610481,38.8775184907679,42.95808580465382,33.652901449949304,48.30217412291087,40.89790049623574,19.607971669706178,16.12655263842834,14.203599015742453,16.342699899343437,13.312734993231107,12.257024924507578,13.64188700290396,9.254258263091646,11.019384057196662,8.432433160126442,10.537761621900545,6.469403991095316,14.5515250403523,10.237918587291071,8.806692057747902,14.48,14.480003453038261,13.11142650515191,5.968563059899761,14.764021267933748,10.537761621900545,15.111542906004006,9.704105986642974,8.432433160126442,16.173509977738288,14.891106372597035,12.435856263241385,15.639256376183619,11.277008291209153,16.479702454838193,14.299862411925508,13.312734993231107,18.385537386761367,14.853032047363259,18.48883868716475,17.617792029650026,16.826450724974652,21.469154641019287,22.795302695950323,28.72439703457672,24.879174926030004,20.636390478957313,12.319298681337342,11.618583734689869,10.494493079706137,8.766414318294567,8.646,8.413225362487326,7.205,5.203378229573553,4.576769275373186,4.344,2.896,0.0,5.213085458727874,3.2253105276856675,7.2274195256675124,6.128512462253789,7.217619552179236,6.450621055371335,5.943096835825578,7.225608071297529,7.765232836174328,9.675931583057004,9.11812107838013,8.766414318294567,11.63163071112559,10.982618312588306,10.190401022530958,12.90124211074267,11.886193671651156,13.677181617570193,14.698126275141332,17.829290507476735,17.352520508560133,20.636390478957313,20.22589874393719,21.808141621880576,21.663446840242205,23.772387343302313,17.829290507476735,13.677181617570193,11.63163071112559,9.675931583057004,5.943096835825578,4.559060539190065,6.128512462253789,4.549579431112287,3.2253105276856675,4.085674974835859,5.213085458727874,6.469403991095316,5.968563059899761,5.966156635556931,5.792,1.441,3.234701995547658,3.2253105276856675,5.213085458727874,6.469403991095316,6.4738649970477455,4.323,4.559060539190065,6.128512462253789,6.135570470624553,5.764,5.943096835825578,6.450621055371335,7.217619552179236,6.459558189226257,7.205,8.413225362487326,8.766414318294567,11.618583734689869,12.969,14.41,15.917000502607268,17.352520508560133,21.615,23.461659617341653,27.747721221750805,24.638597362674684,23.8735569406823,24.52340272066664,23.26326142225118,21.29938461552352,19.632708855377036,17.389192534445066,14.299862411925508,12.257024924507578,14.454839051335025,12.435856263241385,9.254258263091646,11.66028267238835,12.938807982190632,9.153538550746372,7.382010633966874,11.584,11.673283042914706,7.792530012775055,9.153538550746372,10.537761621900545,9.156691979093761,7.2274195256675124,8.432433160126442,9.704105986642974,11.019384057196662,12.364359465819488,8.171349949671718,11.66028267238835,8.178406935338936,9.244419343582376,10.214187437089647,12.435856263241385,10.406756459147106,12.257024924507578,11.63163071112559,14.299862411925508,12.90124211074267,14.435239104358471
29.027794749171008,42.91875040119411,40.505994025576015,38.16052410541553,24.832653422459714,20.043746156844033,29.278006369969933,16.46005640938086,20.852341834911496,26.090242850537056,14.454839051335025,22.883846376865932,20.155768429906114,17.481796503792168,12.435856263241385,38.0866853375297,38.076800548365405,36.65601855084646,32.37326724320546,28.109319451029048,15.58506002555011,13.730307826119558,23.21277029998789,28.96,18.8790745800741,13.346870344766222,19.314018354552736,15.58506002555011,20.155768429906114,21.35627647788818,16.479702454838193,23.51976991809231,26.556887336433086,24.589153564122533,29.633801797946887,33.72723813181269,37.811241555918265,29.027794749171008,43.11340924816779,35.86594296822544,21.663446840242205,17.532828636589134,15.917000502607268,16.12655263842834,13.677181617570193,12.319298681337342,12.416326711229857,9.11812107838013,9.244419343582376,7.765232836174328,8.171349949671718,5.943096835825578,11.019384057196662,7.2274195256675124,6.128512462253789,10.537761621900545,10.53503108680748,8.806692057747902,2.0428374874179296,10.136,5.792,10.237918587291071,4.576769275373186,3.234701995547658,11.019384057196662,9.704105986642974,7.2274195256675124,10.426170917455748,6.450621055371335,11.286867102965287,9.244419343582376,8.413225362487326,13.312734993231107,10.494493079706137,13.612949129413508,12.90124211074267,12.319298681337342,16.46005640938086,18.95552966814697,24.879174926030004,27.379,23.056,14.41,14.698126275141332,13.04958485929725,11.886193671651156,12.319298681337342,10.087,10.982618312588306,7.349063137570666,4.323,2.882,3.2253105276856675,5.213085458727874,0.0,2.896,2.0428374874179296,1.441,2.882,3.2253105276856675,4.085674974835859,2.892,4.559060539190065,5.764,5.943096835825578,6.450621055371335,7.349063137570666,7.205,7.765232836174328,8.766414318294567,8.766414318294567,10.087,11.618583734689869,14.41,14.698126275141332,17.292,17.532828636589134,18.788879503578706,18.95552966814697,20.22589874393719,21.965236625176612,18.075827643568633,16.46005640938086,14.435239104358471,10.406756459147106,9.244419343582376,11.286867102965287,9.236627577205871,8.171349949671718,9.254258263091646,10.426170917455748,11.66028267238835,11.019384057196662,11.015464810892002,10.537761621900545,4.576769275373186,7.382010633966874,5.792,8.688,10.136,10.136004932911192,4.576769275373186,5.968563059899761,8.806692057747902,8.808333837906009,5.213085458727874,6.469403991095316,7.792530012775055,9.153538550746372,7.7962339626258,6.128512462253789,9.704105986642974,8.171349949671718,10.406756459147106,10.982618312588306,12.319298681337342,14.203599015742453,15.530465672348656,19.230070852703587,21.965236625176612,32.42738066819459,29.027794749171008,28.4565178649813,29.21992801154719,28.022853530645303,26.016891147867764,24.589153564122533,22.471212361597228,19.43875924538395,17.399074917937448,19.662043840862527,17.64703853341971,14.454839051335025,16.864866320252883,18.123313714660462,14.249797191539253,12.364359465819488,16.18663362160273,15.993050522023621,11.584,13.032,14.48,13.032003836709073,10.237918587291071,11.673283042914706,13.11142650515191,14.5515250403523,15.993050522023621,10.537761621900545,14.764021267933748,10.540500936862536,11.019384057196662,12.364359465819488,15.111542906004006,11.66028267238835,14.249797191539253,12.435856263241385,16.173509977738288,13.322605300766064,15.639256376183619
30.43815086367764,45.388063981624065,42.91875040119411,40.505994025576015,26.625469986462214,21.65285865653771,31.751603817760138,18.385537386761367,23.3205653447767,28.838575901039217,16.864866320252883,25.64877153003629,22.883846376865932,20.155768429906114,14.891106372597035,40.951674349164286,40.94177392346355,39.518614753050244,35.22676823099161,30.94947754001673,18.307077101492744,16.50422712519432,26.103803879894592,31.856,21.767748643348487,16.18663362160273,22.14603190190062,18.307077101492744,22.883846376865932,23.94798465424596,18.853348588513395,25.733406012418957,28.682463091582633,26.556887336433086,31.685398040737947,35.89553286970399,39.967815902298184,30.43815086367764,45.38776972930042,37.801345703559285,22.047189412712,18.23624215676026,16.435465828506352,17.617792029650026,14.853032047363259,13.612949129413508,14.299862411925508,10.406756459147106,11.286867102965287,9.244419343582376,10.426170917455748,7.217619552179236,13.730307826119558,9.704105986642974,8.432433160126442,13.346870344766222,13.344714609162686,11.673283042914706,4.576769275373186,13.032,8.688,13.11142650515191,7.382010633966874,5.968563059899761,13.730307826119558,12.364359465819488,9.704105986642974,12.938807982190632,8.171349949671718,13.64188700290396,11.286867102965287,10.214187437089647,15.36022867668317,11.63163071112559,15.350351136048975,14.435239104358471,13.612949129413508,18.385537386761367,19.607971669706178,25.544482946421134,27.53173545201973,23.237167469379738,14.698126275141332,14.41,13.04958485929725,11.528,11.618583734689869,10.494493079706137,10.190401022530958,7.349063137570666,5.203378229573553,4.085674974835859,3.2253105276856675,3.2253105276856675,2.896,0.0,4.576769275373186,3.234701995547658,4.085674974835859,3.2253105276856675,2.882,4.092735026849405,4.559060539190065,6.450621055371335,5.943096835825578,5.764,8.413225362487326,7.765232836174328,7.205,9.675931583057004,8.766414318294567,10.494493079706137,11.618583734689869,14.698126275141332,14.41,17.532828636589134,17.292,18.788879503578706,18.733,20.636390478957313,20.988986159412274,16.87606189251509,14.853032047363259,12.90124211074267,9.11812107838013,7.765232836174328,9.244419343582376,7.755955195847898,6.450621055371335,7.217619552179236,8.171349949671718,9.254258263091646,8.432433160126442,8.427310899687988,7.792530012775055,2.0428374874179296,4.576769275373186,2.896,5.792,7.24,7.240006906074054,2.0428374874179296,3.234701995547658,5.968563059899761,5.970985262081962,3.2253105276856675,4.085674974835859,5.213085458727874,6.469403991095316,5.218620507375488,4.559060539190065,7.2274195256675124,6.450621055371335,9.11812107838013,10.190401022530958,11.618583734689869,13.288407617167678,14.698126275141332,18.788879503578706,20.988986159412274,30.972246302133144,27.848129919260288,27.0978239901288,27.747721221750805,26.484186980158555,24.52340272066664,22.820129557038012,20.5204099617917,17.389192534445066,15.350351136048975,17.399074917937448,15.36022867668317,12.257024924507578,14.454839051335025,15.639256376183619,11.66028267238835,9.704105986642974,13.346870344766222,13.11142650515191,8.688,10.136,11.584,10.136004932911192,7.382010633966874,8.806692057747902,10.237918587291071,11.673283042914706,13.11142650515191,7.792530012775055,11.937126119799522,7.7962339626258,8.432433160126442,9.704105986642974,12.364359465819488,9.254258263091646,11.66028267238835,10.214187437089647,13.64188700290396,11.277008291209153,13.322605300766064
29.728752025606457,42.51828445504358,40.18591475878084,37.93131435898313,25.23967608746198,20.64961580756407,28.90967810267005,16.826450724974652,20.540110637481973,25.26863259062508,14.299862411925508,22.038768114393324,19.408211973285947,16.864866320252883,12.257024924507578,36.91005316983437,36.90024559538866,35.49103448759982,31.249935823934102,27.041525863012982,14.891106372597035,12.938807982190632,21.910370238770497,27.549711885970783,17.376,11.673283042914706,17.613384115495805,13.730307826119558,18.307077101492744,19.408211973285947,14.454839051335025,21.47904290232691,24.514049849015155,22.554016582418306,27.5922679749237,31.685398040737947,35.769192121153644,27.0978239901288,41.08022127496395,33.831024873627456,23.056,18.788879503578706,17.292,16.87606189251509,14.698126275141332,13.288407617167678,12.90124211074267,10.190401022530958,9.675931583057004,8.766414318294567,8.413225362487326,7.205,10.426170917455748,7.217619552179236,6.450621055371335,9.704105986642974,9.699655303153818,7.792530012775055,2.882,8.806692057747902,4.576769275373186,8.688,2.896,1.448,9.153538550746372,7.792530012775055,5.213085458727874,8.432433160126442,4.559060539190065,9.254258263091646,7.217619552179236,6.450621055371335,11.277008291209153,8.766414318294567,11.63163071112559,10.982618312588306,10.494493079706137,14.435239104358471,17.352520508560133,23.237167469379738,28.856352922710105,24.539757802390795,15.917000502607268,16.435465828506352,14.698126275141332,13.677181617570193,14.203599015742453,11.618583734689869,12.90124211074267,9.11812107838013,5.943096835825578,4.559060539190065,5.203378229573553,7.2274195256675124,2.0428374874179296,4.576769275373186,0.0,1.448,2.0428374874179296,3.234701995547658,4.576769275373186,2.049903656272655,4.085674974835859,4.559060539190065,5.203378229573553,6.128512462253789,5.764,5.943096835825578,7.217619552179236,7.205,7.765232836174328,8.766414318294567,10.494493079706137,13.04958485929725,13.677181617570193,15.917000502607268,16.435465828506352,17.532828636589134,17.829290507476735,18.733,23.8735569406823,20.043746156844033,18.48883868716475,16.46005640938086,12.416326711229857,11.277008291209153,13.322605300766064,11.269343192928327,10.214187437089647,11.286867102965287,12.435856263241385,13.64188700290396,12.938807982190632,12.934356265388704,12.364359465819488,6.469403991095316,9.153538550746372,7.382010633966874,10.237918587291071,11.673283042914706,11.672052818591938,5.792,7.24,10.136,10.136004932911192,5.968563059899761,7.382010633966874,8.806692057747902,10.237918587291071,8.808333837906009,6.469403991095316,10.537761621900545,8.432433160126442,10.214187437089647,10.406756459147106,11.63163071112559,13.612949129413508,14.853032047363259,18.23624215676026,21.29938461552352,34.422890291200126,30.972246302133144,30.43815086367764,31.220269377441316,30.033787390204388,28.022853530645303,26.625469986462214,24.514049849015155,21.47904290232691,19.43875924538395,21.682258577002536,19.662043840862527,16.479702454838193,18.853348588513395,20.091613797801312,16.173509977738288,14.249797191539253,17.905689179699284,17.613384115495805,13.11142650515191,14.5515250403523,15.993050522023621,14.550538168741388,11.584,13.032,14.48,15.928,17.376,11.673283042914706,15.993050522023621,11.674521703264764,11.937126119799522,13.346870344766222,16.18663362160273,12.364359465819488,15.111542906004006,12.938807982190632,16.93885710430311,13.64188700290396,16.173509977738288
30.32231298895254,43.70975873875307,41.34319079364823,39.04804057824157,26.016891147867764,21.29938461552352,30.082565050208068,17.617792029650026,21.682258577002536,26.602537942835454,15.36022867668317,23.377590038325163,20.71463955756894,18.123313714660462,13.322605300766064,38.33123959644404,38.32141788869509,36.91005316983437,32.66063013782802,28.439799032341984,16.173509977738288,14.249797191539253,23.346566085829412,28.99582868276056,18.824,13.11142650515191,19.04334266876485,15.111542906004006,19.686713082685998,20.71463955756894,15.639256376183619,22.573734205930574,25.560834102196274,23.509879795524263,28.599724823851016,32.75905494668611,36.83765943976354,27.747721221750805,42.2129868642341,34.77838506889013,23.10142506426822,18.95552966814697,17.352520508560133,17.426181480749015,15.050529425903928,13.677181617570193,13.612949129413508,10.494493079706137,10.406756459147106,9.11812107838013,9.244419343582376,7.349063137570666,11.66028267238835,8.171349949671718,7.217619552179236,11.019384057196662,11.015464810892002,9.153538550746372,3.2253105276856675,10.237918587291071,5.968563059899761,10.136,4.344,2.896,10.537761621900545,9.153538550746372,6.469403991095316,9.704105986642974,5.203378229573553,10.426170917455748,8.171349949671718,7.217619552179236,12.257024924507578,9.11812107838013,12.416326711229857,11.63163071112559,10.982618312588306,15.350351136048975,17.532828636589134,23.461659617341653,28.82,24.497,15.851,16.11338006130309,14.482568971007872,13.288407617167678,13.677181617570193,11.528,12.319298681337342,8.766414318294567,5.764,4.323,4.559060539190065,6.128512462253789,1.441,3.234701995547658,1.448,0.0,1.441,2.0428374874179296,3.234701995547658,1.451,3.2253105276856675,4.323,4.559060539190065,5.203378229573553,5.943096835825578,5.764,6.450621055371335,7.349063137570666,7.349063137570666,8.646,10.190401022530958,12.969,13.288407617167678,15.851,16.11338006130309,17.352520508560133,17.532828636589134,18.788879503578706,23.29569850852298,19.351863166114008,17.617792029650026,15.610134688720658,11.63163071112559,10.406756459147106,12.257024924507578,10.398449884477973,9.244419343582376,10.214187437089647,11.286867102965287,12.435856263241385,11.66028267238835,11.655342637606154,11.019384057196662,5.213085458727874,7.792530012775055,5.968563059899761,8.806692057747902,10.237918587291071,10.236515862343007,4.344,5.792,8.688,8.68800575506255,4.576769275373186,5.968563059899761,7.382010633966874,8.806692057747902,7.383969190076567,5.213085458727874,9.153538550746372,7.2274195256675124,9.244419343582376,9.675931583057004,10.982618312588306,12.90124211074267,14.203599015742453,17.829290507476735,20.64961580756407,33.652901449949304,30.32231298895254,29.706064094726518,30.43815086367764,29.21992801154719,27.225898258827016,25.703919156424377,23.509879795524263,20.428374874179294,18.385537386761367,20.540110637481973,18.508516526183293,15.36022867668317,17.64703853341971,18.853348588513395,14.891106372597035,12.938807982190632,16.50422712519432,16.18663362160273,11.673283042914706,13.11142650515191,14.5515250403523,13.110331231513564,10.136,11.584,13.032,14.48,15.928,10.237918587291071,14.5515250403523,10.239330886342135,10.537761621900545,11.937126119799522,14.764021267933748,11.019384057196662,13.730307826119558,11.66028267238835,15.58506002555011,12.435856263241385,14.891106372597035
31.629502430484106,44.53335653193008,42.2129868642341,39.967815902298184,27.225898258827016,22.577173693799672,30.93335974316401,18.81469364619047,22.573734205930574,27.181652635555476,16.342699899343437,23.94798465424596,21.35627647788818,18.853348588513395,14.299862411925508,38.62803670910547,38.61829048520921,37.21818528622802,33.00845425038864,28.838575901039217,16.864866320252883,14.891106372597035,23.567871202126,29.1030500807046,18.8790745800741,13.032,18.8790745800741,14.764021267933748,19.314018354552736,20.155768429906114,14.891106372597035,21.682258577002536,24.608884107167476,22.471212361597228,27.602160658180367,31.82668270492544,35.89553286970399,26.484186980158555,41.34319079364823,33.71734320791008,24.539757802390795,20.380802045061916,18.788879503578706,18.746489378014218,16.435465828506352,15.050529425903928,14.853032047363259,11.886193671651156,11.63163071112559,10.494493079706137,10.406756459147106,8.766414318294567,12.435856263241385,9.244419343582376,8.413225362487326,11.66028267238835,11.655342637606154,9.704105986642974,4.559060539190065,10.537761621900545,6.469403991095316,10.237918587291071,4.576769275373186,3.234701995547658,10.237918587291071,8.806692057747902,5.968563059899761,9.153538550746372,4.085674974835859,9.704105986642974,7.2274195256675124,6.128512462253789,11.286867102965287,7.765232836174328,11.277008291209153,10.406756459147106,9.675931583057004,14.299862411925508,16.11338006130309,22.047189412712,30.261,25.938,17.292,17.532828636589134,15.917000502607268,14.698126275141332,15.050529425903928,12.969,13.677181617570193,10.190401022530958,7.205,5.764,5.943096835825578,7.217619552179236,2.882,4.085674974835859,2.0428374874179296,1.441,0.0,1.448,2.896,0.01,2.0428374874179296,2.882,3.2253105276856675,4.085674974835859,4.559060539190065,4.323,5.203378229573553,5.943096835825578,5.943096835825578,7.205,8.766414318294567,11.528,11.886193671651156,14.41,14.698126275141332,15.917000502607268,16.11338006130309,17.352520508560133,24.638597362674684,20.64961580756407,18.81469364619047,16.826450724974652,12.90124211074267,11.63163071112559,13.312734993231107,11.62295973493843,10.406756459147106,11.277008291209153,12.257024924507578,13.322605300766064,12.435856263241385,12.430065204977808,11.66028267238835,6.128512462253789,8.432433160126442,6.469403991095316,9.153538550746372,10.537761621900545,10.53503108680748,4.576769275373186,5.968563059899761,8.806692057747902,8.805061328576878,4.344,5.792,7.24,8.688,7.240006906074054,4.576769275373186,8.806692057747902,6.469403991095316,8.171349949671718,8.413225362487326,9.675931583057004,11.63163071112559,12.90124211074267,16.435465828506352,19.351863166114008,34.89489213337677,31.629502430484106,30.972246302133144,31.675082083555836,30.43815086367764,28.4565178649813,26.8497562186326,24.589153564122533,21.469154641019287,19.428873461938032,21.47904290232691,19.43875924538395,16.342699899343437,18.508516526183293,19.662043840862527,15.639256376183619,13.64188700290396,16.93885710430311,16.50422712519432,11.937126119799522,13.346870344766222,14.764021267933748,13.344714609162686,10.237918587291071,11.673283042914706,13.11142650515191,14.5515250403523,15.993050522023621,10.136,14.48,10.136004932911192,10.237918587291071,11.673283042914706,14.5515250403523,10.537761621900545,13.346870344766222,11.019384057196662,15.111542906004006,11.66028267238835,14.249797191539253
32.25310527685668,45.71817743523904,43.36451715400507,41.08022127496395,28.022853530645303,23.26326142225118,32.0976227312865,19.632708855377036,23.70635096340219,28.499594383078506,17.399074917937448,25.26863259062508,22.642913968833604,20.091613797801312,15.36022867668317,40.040611034298664,40.030847005777936,38.62803670910547,34.40798936293721,30.223085812008012,18.123313714660462,16.173509977738288,24.992714638470147,30.544269315208705,20.323150961403595,14.48,20.323150961403595,16.18663362160273,20.72781495961405,21.51432102112451,16.173509977738288,22.85908871761952,25.733406012418957,23.51976991809231,28.682463091582633,32.95940490967639,37.017033052366585,27.225898258827016,42.51828445504358,34.72823728610481,24.667586525641294,20.636390478957313,18.95552966814697,19.351863166114008,16.87606189251509,15.530465672348656,15.610134688720658,12.319298681337342,12.416326711229857,10.982618312588306,11.277008291209153,9.11812107838013,13.64188700290396,10.214187437089647,9.244419343582376,12.938807982190632,12.934356265388704,11.019384057196662,5.203378229573553,11.937126119799522,7.792530012775055,11.673283042914706,5.968563059899761,4.576769275373186,11.673283042914706,10.237918587291071,7.382010633966874,10.537761621900545,5.213085458727874,11.019384057196662,8.432433160126442,7.2274195256675124,12.435856263241385,8.413225362487326,12.257024924507578,11.277008291209153,10.406756459147106,15.36022867668317,16.435465828506352,22.37756664608554,30.29562385890081,25.978386170045283,17.352520508560133,17.352520508560133,15.851,14.482568971007872,14.698126275141332,13.04958485929725,13.288407617167678,10.087,7.349063137570666,5.943096835825578,5.764,6.450621055371335,3.2253105276856675,3.2253105276856675,3.234701995547658,2.0428374874179296,1.448,0.0,1.448,1.448034529975028,1.441,3.2253105276856675,2.882,3.2253105276856675,5.203378229573553,4.559060539190065,4.559060539190065,6.450621055371335,5.764,7.349063137570666,8.646,11.618583734689869,11.618583734689869,14.482568971007872,14.482568971007872,15.851,15.917000502607268,17.532828636589134,24.166024414454274,20.083398342909998,18.075827643568633,16.12655263842834,12.319298681337342,10.982618312588306,12.416326711229857,10.973434512494254,9.675931583057004,10.406756459147106,11.277008291209153,12.257024924507578,11.286867102965287,11.280486204060534,10.426170917455748,5.203378229573553,7.2274195256675124,5.213085458727874,7.792530012775055,9.153538550746372,9.150394964153188,3.234701995547658,4.576769275373186,7.382010633966874,7.380065108113884,2.896,4.344,5.792,7.24,5.792008632590252,3.234701995547658,7.382010633966874,5.213085458727874,7.217619552179236,7.765232836174328,9.11812107838013,10.982618312588306,12.319298681337342,16.11338006130309,18.746489378014218,34.19691952500985,31.060931344697313,30.32231298895254,30.972246302133144,29.706064094726518,27.747721221750805,26.016891147867764,23.676902014410587,20.5204099617917,18.48883868716475,20.428374874179294,18.385537386761367,15.350351136048975,17.399074917937448,18.508516526183293,14.454839051335025,12.435856263241385,15.58506002555011,15.111542906004006,10.537761621900545,11.937126119799522,13.346870344766222,11.93471574860499,8.806692057747902,10.237918587291071,11.673283042914706,13.11142650515191,14.5515250403523,8.688,13.032,8.68800575506255,8.806692057747902,10.237918587291071,13.11142650515191,9.153538550746372,11.937126119799522,9.704105986642974,13.730307826119558,10.426170917455748,12.938807982190632
32.92861345395521,46.91776912855086,44.53335653193008,42.2129868642341,28.870478208716943,24.017145958668777,33.284161894210285,20.5204099617917,24.87171252648277,29.82959818703564,18.508516526183293,26.602537942835454,23.94798465424596,21.35627647788818,16.479702454838193,41.4556299192281,41.445849876676434,40.040611034298664,35.81137835939857,31.613284865701633,19.408211973285947,17.481796503792168,26.42007617324371,31.986101044047242,21.767748643348487,15.928,21.767748643348487,17.613384115495805,22.14603190190062,22.883846376865932,17.481796503792168,24.06551360349494,26.888893636592783,24.608884107167476,29.793984510300064,34.115984816505005,38.16052410541553,28.022853530645303,43.70975873875307,35.769192121153644,24.879174926030004,20.988986159412274,19.230070852703587,20.043746156844033,17.426181480749015,16.12655263842834,16.46005640938086,12.90124211074267,13.312734993231107,11.63163071112559,12.257024924507578,9.675931583057004,14.891106372597035,11.286867102965287,10.214187437089647,14.249797191539253,14.245755157238946,12.364359465819488,6.128512462253789,13.346870344766222,9.153538550746372,13.11142650515191,7.382010633966874,5.968563059899761,13.11142650515191,11.673283042914706,8.806692057747902,11.937126119799522,6.469403991095316,12.364359465819488,9.704105986642974,8.432433160126442,13.64188700290396,9.244419343582376,13.322605300766064,12.257024924507578,11.277008291209153,16.479702454838193,16.87606189251509,22.795302695950323,30.399258823201595,26.0991697185945,17.532828636589134,17.292,15.917000502607268,14.41,14.482568971007872,13.288407617167678,13.04958485929725,10.190401022530958,7.765232836174328,6.450621055371335,5.943096835825578,5.943096835825578,4.085674974835859,2.882,4.576769275373186,3.234701995547658,2.896,1.448,0.0,2.8960172651419054,2.0428374874179296,4.085674974835859,3.2253105276856675,2.882,6.128512462253789,5.203378229573553,4.323,7.217619552179236,5.943096835825578,7.765232836174328,8.766414318294567,11.886193671651156,11.528,14.698126275141332,14.41,15.917000502607268,15.851,17.829290507476735,23.772387343302313,19.607971669706178,17.426181480749015,15.530465672348656,11.886193671651156,10.494493079706137,11.63163071112559,10.484881735146086,9.11812107838013,9.675931583057004,10.406756459147106,11.277008291209153,10.214187437089647,10.207135984202425,9.254258263091646,4.559060539190065,6.128512462253789,4.085674974835859,6.469403991095316,7.792530012775055,7.788837140420898,2.0428374874179296,3.234701995547658,5.968563059899761,5.966156635556931,1.448,2.896,4.344,5.792,4.344011510113664,2.0428374874179296,5.968563059899761,4.085674974835859,6.450621055371335,7.349063137570666,8.766414318294567,10.494493079706137,11.886193671651156,15.917000502607268,18.23624215676026,33.54695993678116,30.550464742782555,29.728752025606457,30.32231298895254,29.027794749171008,27.0978239901288,25.23967608746198,22.820129557038012,19.632708855377036,17.617792029650026,19.428873461938032,17.389192534445066,14.435239104358471,16.342699899343437,17.399074917937448,13.322605300766064,11.286867102965287,14.249797191539253,13.730307826119558,9.153538550746372,10.537761621900545,11.937126119799522,10.53503108680748,7.382010633966874,8.806692057747902,10.237918587291071,11.673283042914706,13.11142650515191,7.24,11.584,7.240006906074054,7.382010633966874,8.806692057747902,11.673283042914706,7.792530012775055,10.537761621900545,8.432433160126442,12.364359465819488,9.254258263091646,11.66028267238835
31.638614445010074,44.53918167187179,42.2191321559314,39.97430634795305,27.234367185598423,22.58610971371564,30.939416688101925,18.823119215475423,22.58011904308744,27.185895239995315,16.349755349851566,23.952198416846834,21.361001498057153,18.85870072406898,14.306918081823213,38.630276209211864,38.620530550472765,37.22050961499587,33.011074990069616,28.84157554642256,16.869995139299835,14.895947401894247,23.569707528944857,29.10404205604438,18.87984049191094,13.032003836709073,18.878313934247412,14.762072483225381,19.311782543307597,20.152195934934735,14.886270486592672,21.676278670472936,24.602444126549706,22.464159565850668,27.595374847970447,31.82034493841951,35.88911060475029,26.475481865303227,41.337266298099586,33.71007850776975,24.549740385592674,20.390700625530254,18.798849778643373,18.755713902701757,16.44511042833097,15.060104116505968,14.861764397271275,11.895892568445632,11.64030381905902,10.504105149892588,10.415066010352502,8.776277115041434,12.441652663533088,9.252215356334935,8.421790842807722,11.665229187632791,11.66028267238835,9.708564929998666,4.568543859918607,10.540500936862536,6.4738649970477455,10.239330886342135,4.5799276195153995,3.2391691836024865,10.236515862343007,8.805061328576878,5.966156635556931,9.150394964153188,4.078627220033721,9.699655303153818,7.221442584414834,6.121462652013815,11.280486204060534,7.755955195847898,11.269343192928327,10.398449884477973,9.66699705182535,14.292810255509586,16.10354299525418,22.037385530048706,30.271,25.948,17.302,17.54269135566148,15.926959063173358,14.70793037786078,15.060104116505968,12.979,13.68666420279244,10.200299652461196,7.215,5.774,5.952795981721531,7.225608071297529,2.892,4.092735026849405,2.049903656272655,1.451,0.01,1.448034529975028,2.8960172651419054,0.0,2.0357959131504315,2.872,3.2163780872279304,4.078627220033721,4.549579431112287,4.313,5.195073146742017,5.933398688778633,5.933398688778633,7.195,8.756551832770706,11.518,11.876495274280204,14.4,14.688322436548022,15.90704199403522,16.10354299525418,17.342555405706506,24.647955290449552,20.658688075480494,18.823119215475423,16.835015414308355,12.910178465071658,11.64030381905902,13.320313547360664,11.63163071112559,10.415066010352502,11.284677044559139,12.264080886882637,13.329097193733714,12.441652663533088,12.435856263241385,11.665229187632791,6.135570470624553,8.437564162719001,6.4738649970477455,9.156691979093761,10.540500936862536,10.537761621900545,4.5799276195153995,5.970985262081962,8.808333837906009,8.806692057747902,4.344011510113664,5.792008632590252,7.240006906074054,8.68800575506255,7.24,4.57363061473049,8.805061328576878,6.464955374942661,8.16429911259993,8.404663050949752,9.66699705182535,11.62295973493843,12.892307318707541,16.425821653725574,19.34292811339586,34.90356453143432,31.638614445010074,30.9810865045111,31.683726185535694,30.44667285599528,28.46512689239238,26.857807226205193,24.596772816774156,21.47653885056901,19.436291415802554,21.485753047077498,19.445432394266785,16.349755349851566,18.51474666313315,19.66790858225653,15.644786991199336,13.647171172078117,16.942262540758836,16.50684927537657,11.939544379916681,13.349033223421086,14.76597656777228,13.346870344766222,10.239330886342135,11.674521703264764,13.112529313599266,14.552518716703306,15.99395463917539,10.136004932911192,14.480003453038261,10.136,10.236515862343007,11.672052818591938,14.550538168741388,10.53503108680748,13.344714609162686,11.015464810892002,15.10868521745026,11.655342637606154,14.245755157238946
33.54695993678116,46.55084902555484,44.24150929839532,42.00493276985455,29.21992801154719,24.52340272066664,32.95940490967639,20.81351291829421,24.608884107167476,29.112317959928923,18.385537386761367,25.877615964381263,23.3205653447767,20.852341834911496,16.342699899343437,40.376289886516325,40.36660705335538,38.97588322283409,34.798045706619796,30.6664176094959,18.853348588513395,16.864866320252883,25.281834427113868,30.713755761873212,20.475837174582143,14.5515250403523,20.272,15.993050522023621,20.475837174582143,21.07552324380109,15.58506002555011,22.073462800385446,24.87171252648277,22.573734205930574,27.762774789274935,32.0976227312865,36.13709762833756,26.016891147867764,41.70468366982299,33.72723813181269,26.0991697185945,22.047189412712,20.380802045061916,20.64961580756407,18.23624215676026,16.87606189251509,16.826450724974652,13.677181617570193,13.612949129413508,12.319298681337342,12.416326711229857,10.494493079706137,14.454839051335025,11.277008291209153,10.406756459147106,13.64188700290396,13.636608119323515,11.66028267238835,6.450621055371335,12.364359465819488,8.432433160126442,11.937126119799522,6.469403991095316,5.213085458727874,11.584,10.136,7.24,10.237918587291071,4.576769275373186,10.537761621900545,7.792530012775055,6.469403991095316,11.66028267238835,7.217619552179236,11.286867102965287,10.214187437089647,9.244419343582376,14.454839051335025,15.050529425903928,20.988986159412274,31.735051725182363,27.417263630785623,18.788879503578706,18.788879503578706,17.292,15.917000502607268,16.11338006130309,14.482568971007872,14.698126275141332,11.528,8.766414318294567,7.349063137570666,7.205,7.765232836174328,4.559060539190065,4.559060539190065,4.085674974835859,3.2253105276856675,2.0428374874179296,1.441,2.0428374874179296,2.0357959131504315,0.0,2.0428374874179296,1.441,2.0428374874179296,4.085674974835859,3.2253105276856675,3.2253105276856675,5.203378229573553,4.323,5.943096835825578,7.205,10.190401022530958,10.190401022530958,13.04958485929725,13.04958485929725,14.41,14.482568971007872,16.11338006130309,25.544482946421134,21.43380218253402,19.351863166114008,17.426181480749015,13.677181617570193,12.319298681337342,13.612949129413508,12.309941510827743,10.982618312588306,11.63163071112559,12.416326711229857,13.312734993231107,12.257024924507578,12.249973061194869,11.286867102965287,6.450621055371335,8.171349949671718,6.128512462253789,8.432433160126442,9.704105986642974,9.699655303153818,4.085674974835859,5.213085458727874,7.792530012775055,7.788837140420898,3.234701995547658,4.576769275373186,5.968563059899761,7.382010633966874,5.966156635556931,2.896,7.24,4.576769275373186,6.128512462253789,6.450621055371335,7.765232836174328,9.675931583057004,10.982618312588306,14.698126275141332,17.426181480749015,35.478415804542344,32.40242548020132,31.629502430484106,32.25310527685668,30.972246302133144,29.027794749171008,27.225898258827016,24.832653422459714,21.65285865653771,19.632708855377036,21.469154641019287,19.428873461938032,16.46005640938086,18.385537386761367,19.43875924538395,15.36022867668317,13.322605300766064,16.173509977738288,15.58506002555011,11.019384057196662,12.364359465819488,13.730307826119558,12.360866676734283,9.153538550746372,10.537761621900545,11.937126119799522,13.346870344766222,14.764021267933748,8.806692057747902,13.11142650515191,8.805061328576878,8.688,10.136,13.032,8.806692057747902,11.673283042914706,9.153538550746372,13.346870344766222,9.704105986642974,12.364359465819488
34.27608244826121,46.27129131545823,44.042579579311656,41.895570935362606,29.706064094726518,25.18566322334991,32.75905494668611,21.29938461552352,24.514049849015155,28.52359647730279,18.48883868716475,25.297299480379323,22.85908871761952,20.540110637481973,16.46005640938086,39.373426165371995,39.363864495244876,37.991246149606624,33.87771420860622,29.82959818703564,18.508516526183293,16.479702454838193,24.26248645543156,29.528042535867495,19.314018354552736,13.346870344766222,18.8790745800741,14.48,18.8790745800741,19.314018354552736,13.730307826119558,20.091613797801312,22.85908871761952,20.540110637481973,25.733406012418957,30.082565050208068,34.115984816505005,24.017145958668777,39.703458803988354,31.685398040737947,27.417263630785623,23.237167469379738,21.663446840242205,21.43380218253402,19.230070852703587,17.829290507476735,17.426181480749015,14.698126275141332,14.203599015742453,13.288407617167678,12.90124211074267,11.618583734689869,14.299862411925508,11.63163071112559,10.982618312588306,13.322605300766064,13.316117752558362,11.286867102965287,7.349063137570666,11.66028267238835,8.171349949671718,11.019384057196662,6.128512462253789,5.203378229573553,10.237918587291071,8.806692057747902,5.968563059899761,8.688,2.896,8.806692057747902,5.968563059899761,4.576769275373186,9.704105986642974,5.203378229573553,9.254258263091646,8.171349949671718,7.217619552179236,12.435856263241385,13.288407617167678,19.230070852703587,33.143,28.82,20.174,20.380802045061916,18.788879503578706,17.532828636589134,17.829290507476735,15.851,16.435465828506352,13.04958485929725,10.087,8.646,8.766414318294567,9.675931583057004,5.764,6.450621055371335,4.559060539190065,4.323,2.882,3.2253105276856675,4.085674974835859,2.872,2.0428374874179296,0.0,1.448,2.896,2.0428374874179296,1.441,3.234701995547658,3.2253105276856675,3.2253105276856675,4.323,5.943096835825578,8.646,9.11812107838013,11.528,11.886193671651156,13.04958485929725,13.288407617167678,14.482568971007872,27.354363235140386,23.29569850852298,21.29938461552352,19.351863166114008,15.530465672348656,14.203599015742453,15.610134688720658,14.194468817113234,12.90124211074267,13.612949129413508,14.435239104358471,15.350351136048975,14.299862411925508,14.292810255509586,13.322605300766064,8.413225362487326,10.214187437089647,8.171349949671718,10.426170917455748,11.66028267238835,11.655342637606154,6.128512462253789,7.2274195256675124,9.704105986642974,9.699655303153818,5.213085458727874,6.469403991095316,7.792530012775055,9.153538550746372,7.788837140420898,4.576769275373186,8.806692057747902,5.792,6.469403991095316,6.128512462253789,7.217619552179236,9.244419343582376,10.406756459147106,13.677181617570193,16.826450724974652,37.421702593548574,34.27608244826121,33.54695993678116,34.19691952500985,32.92861345395521,30.972246302133144,29.21992801154719,26.8497562186326,23.676902014410587,21.65285865653771,23.509879795524263,21.469154641019287,18.48883868716475,20.428374874179294,21.47904290232691,17.399074917937448,15.36022867668317,18.123313714660462,17.481796503792168,12.938807982190632,14.249797191539253,15.58506002555011,14.245755157238946,11.019384057196662,12.364359465819488,13.730307826119558,15.111542906004006,16.50422712519432,10.537761621900545,14.764021267933748,10.53503108680748,10.237918587291071,11.673283042914706,14.5515250403523,10.136,13.032,10.237918587291071,14.5515250403523,10.537761621900545,13.346870344766222
34.85236296149803,47.41270192680438,45.14746841186115,42.95808580465382,30.43815086367764,25.80248422148534,33.86060130889586,22.025311462042936,25.560834102196274,29.78221274519407,19.428873461938032,26.550916839160188,24.06551360349494,21.682258577002536,17.389192534445066,40.76017664338564,40.75058502647539,39.373426165371995,35.24274677149896,31.17012005110022,19.662043840862527,17.64703853341971,25.64877153003629,30.94947754001673,20.72781495961405,14.764021267933748,20.323150961403595,15.928,20.323150961403595,20.72781495961405,15.111542906004006,21.35627647788818,24.06551360349494,21.682258577002536,26.888893636592783,31.278512752367238,35.29407706683942,24.832653422459714,40.925661008711884,32.75905494668611,27.53173545201973,23.461659617341653,21.808141621880576,21.965236625176612,19.607971669706178,18.23624215676026,18.075827643568633,15.050529425903928,14.853032047363259,13.677181617570193,13.612949129413508,11.886193671651156,15.36022867668317,12.416326711229857,11.63163071112559,14.454839051335025,14.448859885817981,12.435856263241385,7.765232836174328,12.938807982190632,9.254258263091646,12.364359465819488,7.2274195256675124,6.128512462253789,11.673283042914706,10.237918587291071,7.382010633966874,10.136,4.344,10.237918587291071,7.382010633966874,5.968563059899761,11.019384057196662,6.128512462253789,10.426170917455748,9.254258263091646,8.171349949671718,13.64188700290396,13.677181617570193,19.607971669706178,33.174616094236875,28.856352922710105,20.22589874393719,20.22589874393719,18.733,17.352520508560133,17.532828636589134,15.917000502607268,16.11338006130309,12.969,10.190401022530958,8.766414318294567,8.646,9.11812107838013,5.943096835825578,5.943096835825578,5.203378229573553,4.559060539190065,3.2253105276856675,2.882,3.2253105276856675,3.2163780872279304,1.441,1.448,0.0,1.448,3.234701995547658,2.0428374874179296,2.0428374874179296,4.085674974835859,2.882,4.559060539190065,5.764,8.766414318294567,8.766414318294567,11.618583734689869,11.618583734689869,12.969,13.04958485929725,14.698126275141332,26.929490229114997,22.795302695950323,20.64961580756407,18.746489378014218,15.050529425903928,13.677181617570193,14.853032047363259,13.667699769895446,12.319298681337342,12.90124211074267,13.612949129413508,14.435239104358471,13.312734993231107,13.305159638275672,12.257024924507578,7.765232836174328,9.244419343582376,7.217619552179236,9.254258263091646,10.426170917455748,10.420645853304872,5.203378229573553,6.128512462253789,8.432433160126442,8.427310899687988,4.085674974835859,5.213085458727874,6.469403991095316,7.792530012775055,6.464955374942661,3.234701995547658,7.382010633966874,4.344,5.213085458727874,5.203378229573553,6.450621055371335,8.413225362487326,9.675931583057004,13.288407617167678,16.12655263842834,36.77172328025979,33.75212378503018,32.947854937764916,33.54695993678116,32.25310527685668,30.32231298895254,28.4565178649813,26.016891147867764,22.820129557038012,20.81351291829421,22.554016582418306,20.5204099617917,17.617792029650026,19.428873461938032,20.428374874179294,16.342699899343437,14.299862411925508,16.864866320252883,16.173509977738288,11.66028267238835,12.938807982190632,14.249797191539253,12.934356265388704,9.704105986642974,11.019384057196662,12.364359465819488,13.730307826119558,15.111542906004006,9.153538550746372,13.346870344766222,9.150394964153188,8.806692057747902,10.237918587291071,13.11142650515191,8.688,11.584,8.806692057747902,13.11142650515191,9.153538550746372,11.937126119799522
35.478415804542344,48.570460323122326,46.27129131545823,44.042579579311656,31.220269377441316,26.484186980158555,34.987403004510064,22.820129557038012,26.645210601532128,31.057338005695208,20.428374874179294,27.823414905435314,25.297299480379323,22.85908871761952,18.385537386761367,42.15104648760218,42.141427835326134,40.76017664338564,36.61415420298549,32.51985928628843,20.852341834911496,18.853348588513395,27.041525863012982,32.37326724320546,22.14603190190062,16.18663362160273,21.767748643348487,17.376,21.767748643348487,22.14603190190062,16.50422712519432,22.642913968833604,25.297299480379323,22.85908871761952,28.071523382246287,32.49497511923959,36.491598211095116,25.703919156424377,42.1621658006322,33.86060130889586,27.721471407556994,23.772387343302313,22.047189412712,22.577173693799672,20.083398342909998,18.746489378014218,18.81469364619047,15.530465672348656,15.610134688720658,14.203599015742453,14.435239104358471,12.319298681337342,16.479702454838193,13.312734993231107,12.416326711229857,15.639256376183619,15.633730201074853,13.64188700290396,8.413225362487326,14.249797191539253,10.426170917455748,13.730307826119558,8.432433160126442,7.2274195256675124,13.11142650515191,11.673283042914706,8.806692057747902,11.584,5.792,11.673283042914706,8.806692057747902,7.382010633966874,12.364359465819488,7.2274195256675124,11.66028267238835,10.426170917455748,9.254258263091646,14.891106372597035,14.203599015742453,20.083398342909998,33.26928410711598,28.965137942015744,20.380802045061916,20.174,18.788879503578706,17.292,17.352520508560133,16.11338006130309,15.917000502607268,13.04958485929725,10.494493079706137,9.11812107838013,8.766414318294567,8.766414318294567,6.450621055371335,5.764,6.128512462253789,5.203378229573553,4.085674974835859,3.2253105276856675,2.882,4.078627220033721,2.0428374874179296,2.896,1.448,0.0,4.576769275373186,3.234701995547658,1.441,5.213085458727874,3.2253105276856675,5.203378229573553,5.943096835825578,9.11812107838013,8.646,11.886193671651156,11.528,13.04958485929725,12.969,15.050529425903928,26.576815234335356,22.37756664608554,20.083398342909998,18.23624215676026,14.698126275141332,13.288407617167678,14.203599015742453,13.278648161616452,11.886193671651156,12.319298681337342,12.90124211074267,13.612949129413508,12.416326711229857,12.408204100513498,11.277008291209153,7.349063137570666,8.413225362487326,6.450621055371335,8.171349949671718,9.254258263091646,9.248033088176102,4.559060539190065,5.203378229573553,7.2274195256675124,7.221442584414834,3.2253105276856675,4.085674974835859,5.213085458727874,6.469403991095316,5.207563729806866,2.0428374874179296,5.968563059899761,2.896,4.085674974835859,4.559060539190065,5.943096835825578,7.765232836174328,9.11812107838013,13.04958485929725,15.530465672348656,36.1680639376785,33.28295810170725,32.40242548020132,32.947854937764916,31.629502430484106,29.728752025606457,27.747721221750805,25.23967608746198,22.025311462042936,20.043746156844033,21.65285865653771,19.632708855377036,16.826450724974652,18.48883868716475,19.428873461938032,15.350351136048975,13.312734993231107,15.639256376183619,14.891106372597035,10.426170917455748,11.66028267238835,12.938807982190632,11.655342637606154,8.432433160126442,9.704105986642974,11.019384057196662,12.364359465819488,13.730307826119558,7.792530012775055,11.937126119799522,7.788837140420898,7.382010633966874,8.806692057747902,11.673283042914706,7.24,10.136,7.382010633966874,11.673283042914706,7.792530012775055,10.537761621900545
35.10908009333198,46.08068603004951,43.93782945253441,41.885674412619885,30.32231298895254,25.9920055594023,32.68539979868687,21.965236625176612,24.589153564122533,28.071523382246287,18.81469364619047,24.87171252648277,22.573734205930574,20.428374874179294,16.826450724974652,38.45302278105065,38.443608844644125,37.09307839745847,33.05815217158999,29.112317959928923,18.385537386761367,16.342699899343437,23.377590038325163,28.439799032341984,18.307077101492744,12.364359465819488,17.613384115495805,13.11142650515191,17.376,17.613384115495805,11.937126119799522,18.123313714660462,20.852341834911496,18.508516526183293,23.70635096340219,28.071523382246287,32.0976227312865,22.025311462042936,37.70669717702679,29.64369538367307,28.82,24.539757802390795,23.056,22.37756664608554,20.380802045061916,18.95552966814697,18.23624215676026,15.917000502607268,15.050529425903928,14.482568971007872,13.677181617570193,12.969,14.435239104358471,12.319298681337342,11.886193671651156,13.312734993231107,13.305159638275672,11.277008291209153,8.646,11.286867102965287,8.413225362487326,10.426170917455748,6.450621055371335,5.943096835825578,9.153538550746372,7.792530012775055,5.213085458727874,7.382010633966874,2.0428374874179296,7.24,4.344,2.896,7.792530012775055,3.2253105276856675,7.2274195256675124,6.128512462253789,5.203378229573553,10.426170917455748,11.618583734689869,17.532828636589134,34.61429993514241,30.29562385890081,21.663446840242205,22.047189412712,20.380802045061916,19.230070852703587,19.607971669706178,17.352520508560133,18.23624215676026,14.698126275141332,11.618583734689869,10.190401022530958,10.494493079706137,11.63163071112559,7.349063137570666,8.413225362487326,5.764,5.943096835825578,4.559060539190065,5.203378229573553,6.128512462253789,4.549579431112287,4.085674974835859,2.0428374874179296,3.234701995547658,4.576769275373186,0.0,1.448,4.344,1.441,3.234701995547658,3.2253105276856675,5.203378229573553,7.349063137570666,8.413225362487326,10.190401022530958,10.982618312588306,11.886193671651156,12.319298681337342,12.969,29.195001918136605,25.18566322334991,23.26326142225118,21.29938461552352,17.426181480749015,16.12655263842834,17.617792029650026,16.11761768996895,14.853032047363259,15.610134688720658,16.46005640938086,17.389192534445066,16.342699899343437,16.335647523131733,15.36022867668317,10.406756459147106,12.257024924507578,10.214187437089647,12.435856263241385,13.64188700290396,13.636608119323515,8.171349949671718,9.254258263091646,11.66028267238835,11.655342637606154,7.2274195256675124,8.432433160126442,9.704105986642974,11.019384057196662,9.699655303153818,6.469403991095316,10.537761621900545,7.382010633966874,7.382010633966874,6.469403991095316,7.2274195256675124,9.254258263091646,10.214187437089647,12.90124211074267,16.46005640938086,39.3750686602576,36.1680639376785,35.478415804542344,36.15165528713727,34.89489213337677,32.92861345395521,31.220269377441316,28.870478208716943,25.703919156424377,23.676902014410587,25.550942546215392,23.509879795524263,20.5204099617917,22.471212361597228,23.51976991809231,19.43875924538395,17.399074917937448,20.091613797801312,19.408211973285947,14.891106372597035,16.173509977738288,17.481796503792168,16.16905764106245,12.938807982190632,14.249797191539253,15.58506002555011,16.93885710430311,18.307077101492744,12.364359465819488,16.50422712519432,12.360866676734283,11.937126119799522,13.346870344766222,16.18663362160273,11.673283042914706,14.5515250403523,11.584,15.928,11.673283042914706,14.5515250403523
35.61308008302568,47.182286093405864,44.99871705948959,42.89958723577652,30.972246302133144,26.511158122571707,33.72723813181269,22.577173693799672,25.550942546215392,29.278006369969933,19.632708855377036,26.065427293639363,23.70635096340219,21.47904290232691,17.617792029650026,39.81917710098992,39.80972249338093,38.45302278105065,34.394762639099575,30.415540517965486,19.43875924538395,17.399074917937448,24.728718931638976,29.842815299498806,19.686713082685998,13.730307826119558,19.04334266876485,14.5515250403523,18.824,19.04334266876485,13.346870344766222,19.408211973285947,22.073462800385446,19.662043840862527,24.87171252648277,29.278006369969933,33.284161894210285,22.820129557038012,38.93772838777321,30.72045735336634,28.856352922710105,24.667586525641294,23.10142506426822,22.795302695950323,20.636390478957313,19.230070852703587,18.746489378014218,16.11338006130309,15.530465672348656,14.698126275141332,14.203599015742453,13.04958485929725,15.350351136048975,12.90124211074267,12.319298681337342,14.299862411925508,14.292810255509586,12.257024924507578,8.766414318294567,12.435856263241385,9.244419343582376,11.66028267238835,7.217619552179236,6.450621055371335,10.537761621900545,9.153538550746372,6.469403991095316,8.806692057747902,3.234701995547658,8.688,5.792,4.344,9.153538550746372,4.085674974835859,8.432433160126442,7.2274195256675124,6.128512462253789,11.66028267238835,11.886193671651156,17.829290507476735,34.584,30.261,21.615,21.808141621880576,20.22589874393719,18.95552966814697,19.230070852703587,17.292,17.829290507476735,14.482568971007872,11.528,10.087,10.190401022530958,10.982618312588306,7.205,7.765232836174328,5.943096835825578,5.764,4.323,4.559060539190065,5.203378229573553,4.313,3.2253105276856675,1.441,2.0428374874179296,3.234701995547658,1.448,0.0,2.896,2.0428374874179296,2.0428374874179296,2.882,4.559060539190065,7.205,7.765232836174328,10.087,10.494493079706137,11.618583734689869,11.886193671651156,13.04958485929725,28.72439703457672,24.638597362674684,22.577173693799672,20.64961580756407,16.87606189251509,15.530465672348656,16.826450724974652,15.521187583429304,14.203599015742453,14.853032047363259,15.610134688720658,16.46005640938086,15.350351136048975,15.342842631012024,14.299862411925508,9.675931583057004,11.277008291209153,9.244419343582376,11.286867102965287,12.435856263241385,12.430065204977808,7.217619552179236,8.171349949671718,10.426170917455748,10.420645853304872,6.128512462253789,7.2274195256675124,8.432433160126442,9.704105986642974,8.427310899687988,5.213085458727874,9.153538550746372,5.968563059899761,5.968563059899761,5.213085458727874,6.128512462253789,8.171349949671718,9.244419343582376,12.319298681337342,15.610134688720658,38.703726332228015,35.61308008302568,34.85236296149803,35.478415804542344,34.19691952500985,32.25310527685668,30.43815086367764,28.022853530645303,24.832653422459714,22.820129557038012,24.589153564122533,22.554016582418306,19.632708855377036,21.469154641019287,22.471212361597228,18.385537386761367,16.342699899343437,18.853348588513395,18.123313714660462,13.64188700290396,14.891106372597035,16.173509977738288,14.886270486592672,11.66028267238835,12.938807982190632,14.249797191539253,15.58506002555011,16.93885710430311,11.019384057196662,15.111542906004006,11.015464810892002,10.537761621900545,11.937126119799522,14.764021267933748,10.237918587291071,13.11142650515191,10.136,14.48,10.237918587291071,13.11142650515191
36.77172328025979,49.439107364514584,47.182286093405864,44.99871705948959,32.42738066819459,27.747721221750805,35.89553286970399,24.017145958668777,27.602160658180367,31.751603817760138,21.469154641019287,28.52359647730279,26.065427293639363,23.70635096340219,19.428873461938032,42.56772130382363,42.55819682505357,41.19092347835867,37.09307839745847,33.05815217158999,21.682258577002536,19.662043840862527,27.460615652239117,32.66063013782802,22.471806691941794,16.50422712519432,21.910370238770497,17.435649027208594,21.72,21.910370238770497,16.18663362160273,22.038768114393324,24.589696704107595,22.073462800385446,27.28377400580792,31.751603817760138,35.7151473887481,24.589153564122533,41.44189035263715,32.95940490967639,29.145544016195682,25.17241094929129,23.461659617341653,23.8735569406823,21.43380218253402,20.083398342909998,20.043746156844033,16.87606189251509,16.826450724974652,15.530465672348656,15.610134688720658,13.677181617570193,17.399074917937448,14.435239104358471,13.612949129413508,16.479702454838193,16.47358348993928,14.454839051335025,9.675931583057004,14.891106372597035,11.286867102965287,14.249797191539253,9.254258263091646,8.171349949671718,13.346870344766222,11.937126119799522,9.153538550746372,11.673283042914706,5.968563059899761,11.584,8.688,7.24,11.937126119799522,6.469403991095316,11.019384057196662,9.704105986642974,8.432433160126442,14.249797191539253,12.90124211074267,18.746489378014218,34.705041017120266,30.399258823201595,21.808141621880576,21.615,20.22589874393719,18.733,18.788879503578706,17.532828636589134,17.352520508560133,14.482568971007872,11.886193671651156,10.494493079706137,10.190401022530958,10.190401022530958,7.765232836174328,7.205,7.217619552179236,6.450621055371335,5.203378229573553,4.559060539190065,4.323,5.195073146742017,3.2253105276856675,3.234701995547658,2.0428374874179296,1.441,4.344,2.896,0.0,4.576769275373186,2.0428374874179296,4.085674974835859,4.559060539190065,7.765232836174328,7.205,10.494493079706137,10.087,11.618583734689869,11.528,13.677181617570193,27.98494068244562,23.772387343302313,21.43380218253402,19.607971669706178,16.11338006130309,14.698126275141332,15.530465672348656,14.688322436548022,13.288407617167678,13.677181617570193,14.203599015742453,14.853032047363259,13.612949129413508,13.604481761537262,12.416326711229857,8.766414318294567,9.675931583057004,7.765232836174328,9.244419343582376,10.214187437089647,10.207135984202425,5.943096835825578,6.450621055371335,8.171349949671718,8.16429911259993,4.559060539190065,5.203378229573553,6.128512462253789,7.2274195256675124,6.121462652013815,3.2253105276856675,6.469403991095316,3.234701995547658,3.234701995547658,3.2253105276856675,4.559060539190065,6.450621055371335,7.765232836174328,11.618583734689869,14.203599015742453,37.492978756028435,34.658288258366134,33.75212378503018,34.27608244826121,32.947854937764916,31.060931344697313,29.027794749171008,26.484186980158555,23.26326142225118,21.29938461552352,22.820129557038012,20.81351291829421,18.075827643568633,19.632708855377036,20.5204099617917,16.46005640938086,14.435239104358471,16.479702454838193,15.639256376183619,11.286867102965287,12.435856263241385,13.64188700290396,12.430065204977808,9.254258263091646,10.426170917455748,11.66028267238835,12.938807982190632,14.249797191539253,8.432433160126442,12.364359465819488,8.427310899687988,7.792530012775055,9.153538550746372,11.937126119799522,7.382010633966874,10.237918587291071,7.24,11.584,7.382010633966874,10.237918587291071
36.47248431352052,47.03953983618462,44.942424723194456,42.938309282038574,31.629502430484106,27.354363235140386,33.71734320791008,23.29569850852298,25.703919156424377,28.90967810267005,20.043746156844033,25.733406012418957,23.51976991809231,21.469154641019287,18.075827643568633,38.96265006387528,38.95335929031025,37.62113241251517,33.64958490085725,29.78221274519407,19.428873461938032,17.389192534445066,23.94798465424596,28.838575901039217,18.810566206257587,12.938807982190632,17.905689179699284,13.346870344766222,17.435649027208594,17.435649027208594,11.673283042914706,17.481796503792168,20.091613797801312,17.64703853341971,22.85908871761952,27.28377400580792,31.278512752367238,20.81351291829421,36.95578472986333,28.682463091582633,30.261,25.978386170045283,24.497,23.772387343302313,21.808141621880576,20.380802045061916,19.607971669706178,17.352520508560133,16.435465828506352,15.917000502607268,15.050529425903928,14.41,15.610134688720658,13.677181617570193,13.288407617167678,14.435239104358471,14.427254347241544,12.416326711229857,10.087,12.257024924507578,9.675931583057004,11.286867102965287,7.765232836174328,7.349063137570666,9.704105986642974,8.432433160126442,6.128512462253789,7.792530012775055,3.2253105276856675,7.382010633966874,4.576769275373186,3.234701995547658,7.382010633966874,2.0428374874179296,6.469403991095316,5.213085458727874,4.085674974835859,9.704105986642974,10.190401022530958,16.11338006130309,36.054088935930686,31.735051725182363,23.10142506426822,23.461659617341653,21.808141621880576,20.636390478957313,20.988986159412274,18.788879503578706,19.607971669706178,16.11338006130309,13.04958485929725,11.618583734689869,11.886193671651156,12.90124211074267,8.766414318294567,9.675931583057004,7.205,7.349063137570666,5.943096835825578,6.450621055371335,7.217619552179236,5.933398688778633,5.203378229573553,3.2253105276856675,4.085674974835859,5.213085458727874,1.441,2.0428374874179296,4.576769275373186,0.0,2.896,2.0428374874179296,4.085674974835859,5.943096835825578,7.217619552179236,8.766414318294567,9.675931583057004,10.494493079706137,10.982618312588306,11.528,30.550464742782555,26.511158122571707,24.52340272066664,22.577173693799672,18.746489378014218,17.426181480749015,18.81469364619047,17.41708589288116,16.12655263842834,16.826450724974652,17.617792029650026,18.48883868716475,17.389192534445066,17.381735730357885,16.342699899343437,11.63163071112559,13.312734993231107,11.277008291209153,13.322605300766064,14.454839051335025,14.448859885817981,9.244419343582376,10.214187437089647,12.435856263241385,12.430065204977808,8.171349949671718,9.254258263091646,10.426170917455748,11.66028267238835,10.420645853304872,7.2274195256675124,11.019384057196662,7.792530012775055,7.24,5.968563059899761,6.469403991095316,8.432433160126442,9.254258263091646,11.63163071112559,15.350351136048975,40.64656936323163,37.492978756028435,36.77172328025979,37.421702593548574,36.15165528713727,34.19691952500985,32.42738066819459,30.033787390204388,26.8497562186326,24.832653422459714,26.625469986462214,24.589153564122533,21.65285865653771,23.509879795524263,24.514049849015155,20.428374874179294,18.385537386761367,20.852341834911496,20.091613797801312,15.639256376183619,16.864866320252883,18.123313714660462,16.859741872282623,13.64188700290396,14.891106372597035,16.173509977738288,17.481796503792168,18.810566206257587,12.938807982190632,16.93885710430311,12.934356265388704,12.364359465819488,13.730307826119558,16.50422712519432,11.937126119799522,14.764021267933748,11.673283042914706,15.993050522023621,11.584,14.48
37.492978756028435,49.21776821433495,47.03953983618462,44.942424723194456,32.92861345395521,28.407198031484906,35.769192121153644,24.52340272066664,27.5922679749237,31.278512752367238,21.65285865653771,28.071523382246287,25.733406012418957,23.51976991809231,19.632708855377036,41.66707712331164,41.65769431929712,40.31153685981223,36.28780120095457,32.347019955476576,21.47904290232691,19.43875924538395,26.602537942835454,31.613284865701633,21.51432102112451,15.58506002555011,20.72781495961405,16.18663362160273,20.323150961403595,20.323150961403595,14.5515250403523,20.155768429906114,22.642913968833604,20.091613797801312,25.297299480379323,29.78221274519407,33.729732640505766,22.554016582418306,39.47944772916663,30.93335974316401,30.399258823201595,26.299242954883702,24.667586525641294,24.638597362674684,22.37756664608554,20.988986159412274,20.64961580756407,17.829290507476735,17.426181480749015,16.435465828506352,16.12655263842834,14.698126275141332,17.389192534445066,14.853032047363259,14.203599015742453,16.342699899343437,16.335647523131733,14.299862411925508,10.494493079706137,14.454839051335025,11.277008291209153,13.64188700290396,9.244419343582376,8.413225362487326,12.364359465819488,11.019384057196662,8.432433160126442,10.537761621900545,5.213085458727874,10.237918587291071,7.382010633966874,5.968563059899761,10.237918587291071,4.576769275373186,9.153538550746372,7.792530012775055,6.469403991095316,12.364359465819488,10.982618312588306,16.87606189251509,36.054088935930686,31.735051725182363,23.10142506426822,23.10142506426822,21.615,20.22589874393719,20.380802045061916,18.788879503578706,18.95552966814697,15.851,13.04958485929725,11.618583734689869,11.528,11.886193671651156,8.766414318294567,8.766414318294567,7.765232836174328,7.349063137570666,5.943096835825578,5.764,5.943096835825578,5.933398688778633,4.323,3.2253105276856675,2.882,3.2253105276856675,3.234701995547658,2.0428374874179296,2.0428374874179296,2.896,0.0,2.0428374874179296,2.882,5.943096835825578,5.943096835825578,8.766414318294567,8.766414318294567,10.087,10.190401022530958,11.886193671651156,29.71548417912789,25.544482946421134,23.29569850852298,21.43380218253402,17.829290507476735,16.435465828506352,17.426181480749015,16.425821653725574,15.050529425903928,15.530465672348656,16.12655263842834,16.826450724974652,15.610134688720658,15.601827617301762,14.435239104358471,10.494493079706137,11.63163071112559,9.675931583057004,11.277008291209153,12.257024924507578,12.249973061194869,7.765232836174328,8.413225362487326,10.214187437089647,10.207135984202425,6.450621055371335,7.217619552179236,8.171349949671718,9.254258263091646,8.16429911259993,5.203378229573553,8.432433160126442,5.213085458727874,4.344,3.234701995547658,4.085674974835859,6.128512462253789,7.217619552179236,10.494493079706137,13.612949129413508,39.389107745669996,36.47248431352052,35.61308008302568,36.1680639376785,34.85236296149803,32.947854937764916,30.972246302133144,28.4565178649813,25.23967608746198,23.26326142225118,24.832653422459714,22.820129557038012,20.043746156844033,21.65285865653771,22.554016582418306,18.48883868716475,16.46005640938086,18.508516526183293,17.64703853341971,13.322605300766064,14.454839051335025,15.639256376183619,14.448859885817981,11.286867102965287,12.435856263241385,13.64188700290396,14.891106372597035,16.173509977738288,10.426170917455748,14.249797191539253,10.420645853304872,9.704105986642974,11.019384057196662,13.730307826119558,9.153538550746372,11.937126119799522,8.806692057747902,13.11142650515191,8.688,11.584
38.3097069813905,49.08053024367198,46.98526221061238,44.97893854905872,33.54695993678116,29.195001918136605,35.759296693307604,25.18566322334991,27.733258030747127,30.93335974316401,22.025311462042936,27.762774789274935,25.560834102196274,23.509879795524263,20.043746156844033,40.84882011759948,40.83960387907796,39.518276796945486,35.581721951024235,31.751603817760138,21.469154641019287,19.428873461938032,25.877615964381263,30.6664176094959,20.71463955756894,14.891106372597035,19.686713082685998,15.111542906004006,19.04334266876485,18.824,13.032,18.307077101492744,20.71463955756894,18.123313714660462,23.3205653447767,27.823414905435314,31.751603817760138,20.5204099617917,37.52558700406964,28.90967810267005,31.735051725182363,27.53173545201973,25.978386170045283,25.544482946421134,23.461659617341653,22.047189412712,21.43380218253402,18.95552966814697,18.23624215676026,17.532828636589134,16.87606189251509,15.917000502607268,17.617792029650026,15.530465672348656,15.050529425903928,16.46005640938086,16.45217848796931,14.435239104358471,11.618583734689869,14.299862411925508,11.63163071112559,13.322605300766064,9.675931583057004,9.11812107838013,11.66028267238835,10.426170917455748,8.171349949671718,9.704105986642974,5.203378229573553,9.153538550746372,6.469403991095316,5.213085458727874,8.688,2.896,7.382010633966874,5.968563059899761,4.576769275373186,10.537761621900545,9.11812107838013,15.050529425903928,37.466,33.143,24.497,24.667586525641294,23.10142506426822,21.808141621880576,22.047189412712,20.174,20.636390478957313,17.352520508560133,14.41,12.969,13.04958485929725,13.677181617570193,10.087,10.494493079706137,8.766414318294567,8.646,7.205,7.349063137570666,7.765232836174328,7.195,5.943096835825578,4.323,4.559060539190065,5.203378229573553,3.2253105276856675,2.882,4.085674974835859,2.0428374874179296,2.0428374874179296,0.0,2.0428374874179296,4.323,5.203378229573553,7.205,7.765232836174328,8.766414318294567,9.11812107838013,10.190401022530958,31.483479239118413,27.354363235140386,25.18566322334991,23.29569850852298,19.607971669706178,18.23624215676026,19.351863166114008,18.226760216780164,16.87606189251509,17.426181480749015,18.075827643568633,18.81469364619047,17.617792029650026,17.609613737955755,16.46005640938086,12.319298681337342,13.612949129413508,11.63163071112559,13.312734993231107,14.299862411925508,14.292810255509586,9.675931583057004,10.406756459147106,12.257024924507578,12.249973061194869,8.413225362487326,9.244419343582376,10.214187437089647,11.286867102965287,10.207135984202425,7.217619552179236,10.426170917455748,7.2274195256675124,5.968563059899761,4.344,4.576769275373186,6.469403991095316,7.2274195256675124,9.675931583057004,13.312734993231107,41.29923161512814,38.3097069813905,37.492978756028435,38.07563840567877,36.77172328025979,34.85236296149803,32.92861345395521,30.43815086367764,27.225898258827016,25.23967608746198,26.8497562186326,24.832653422459714,22.025311462042936,23.676902014410587,24.589153564122533,20.5204099617917,18.48883868716475,20.540110637481973,19.662043840862527,15.36022867668317,16.479702454838193,17.64703853341971,16.47358348993928,13.322605300766064,14.454839051335025,15.639256376183619,16.864866320252883,18.123313714660462,12.435856263241385,16.173509977738288,12.430065204977808,11.66028267238835,12.938807982190632,15.58506002555011,11.019384057196662,13.730307826119558,10.537761621900545,14.764021267933748,10.237918587291071,13.11142650515191
40.166796685819996,51.12166820439255,49.02809969803031,47.019759591048526,35.478415804542344,31.060931344697313,37.801345703559285,27.0978239901288,29.76444375425148,32.95940490967639,24.017145958668777,29.793984510300064,27.602160658180367,25.550942546215392,22.025311462042936,42.74939157461776,42.74024637271058,41.42927911513788,37.52558700406964,33.729732640505766,23.509879795524263,21.469154641019287,27.823414905435314,32.51985928628843,22.642913968833604,16.864866320252883,21.51432102112451,16.93885710430311,20.72781495961405,20.323150961403595,14.5515250403523,19.314018354552736,21.51432102112451,18.810566206257587,23.94798465424596,28.499594383078506,32.347019955476576,20.428374874179294,38.196278679997086,29.278006369969933,33.26928410711598,29.145544016195682,27.53173545201973,27.354363235140386,25.17241094929129,23.772387343302313,23.29569850852298,20.636390478957313,20.083398342909998,19.230070852703587,18.746489378014218,17.532828636589134,19.632708855377036,17.426181480749015,16.87606189251509,18.48883868716475,18.481045857851225,16.46005640938086,13.288407617167678,16.342699899343437,13.612949129413508,15.36022867668317,11.63163071112559,10.982618312588306,13.64188700290396,12.435856263241385,10.214187437089647,11.66028267238835,7.217619552179236,11.019384057196662,8.432433160126442,7.2274195256675124,10.237918587291071,4.576769275373186,8.688,7.24,5.792,11.673283042914706,8.413225362487326,14.203599015742453,38.93393575019099,34.61429993514241,25.978386170045283,25.978386170045283,24.497,23.10142506426822,23.237167469379738,21.663446840242205,21.808141621880576,18.733,15.917000502607268,14.482568971007872,14.41,14.698126275141332,11.618583734689869,11.618583734689869,10.494493079706137,10.190401022530958,8.766414318294567,8.646,8.766414318294567,8.756551832770706,7.205,5.943096835825578,5.764,5.943096835825578,5.203378229573553,4.559060539190065,4.559060539190065,4.085674974835859,2.882,2.0428374874179296,0.0,3.2253105276856675,3.2253105276856675,5.943096835825578,5.943096835825578,7.205,7.349063137570666,9.11812107838013,32.51821649475875,28.320085469503795,25.9920055594023,24.166024414454274,20.636390478957313,19.230070852703587,20.083398342909998,19.2203294716818,17.829290507476735,18.23624215676026,18.746489378014218,19.351863166114008,18.075827643568633,18.067059113203786,16.826450724974652,13.288407617167678,14.203599015742453,12.319298681337342,13.612949129413508,14.435239104358471,14.427254347241544,10.494493079706137,10.982618312588306,12.416326711229857,12.408204100513498,9.11812107838013,9.675931583057004,10.406756459147106,11.277008291209153,10.398449884477973,7.765232836174328,10.214187437089647,7.217619552179236,5.213085458727874,3.234701995547658,2.896,4.576769275373186,5.213085458727874,7.765232836174328,11.277008291209153,42.04112073910495,39.215943339412355,38.3097069813905,38.826164180871636,37.492978756028435,35.61308008302568,33.54695993678116,30.972246302133144,27.747721221750805,25.80248422148534,27.225898258827016,25.23967608746198,22.577173693799672,24.017145958668777,24.832653422459714,20.81351291829421,18.81469364619047,20.428374874179294,19.43875924538395,15.350351136048975,16.342699899343437,17.399074917937448,16.335647523131733,13.312734993231107,14.299862411925508,15.36022867668317,16.479702454838193,17.64703853341971,12.257024924507578,15.639256376183619,12.249973061194869,11.286867102965287,12.435856263241385,14.891106372597035,10.426170917455748,12.938807982190632,9.704105986642974,13.730307826119558,9.153538550746372,11.937126119799522
42.400402450920204,52.097419859336604,50.128410826596124,48.25295452094099,37.492978756028435,33.28295810170725,39.008660282045064,29.195001918136605,31.220269377441316,33.72723813181269,25.80248422148534,30.642562311268946,28.66271447368515,26.8497562186326,23.8735569406823,42.71255295577636,42.703738946373306,41.44189035263715,37.70669717702679,34.115984816505005,24.832653422459714,22.820129557038012,28.071523382246287,32.347019955476576,22.85908871761952,17.399074917937448,21.35627647788818,16.864866320252883,20.155768429906114,19.314018354552736,13.730307826119558,17.435649027208594,19.314018354552736,16.50422712519432,21.51432102112451,26.090242850537056,29.82959818703564,17.399074917937448,35.74005283991617,26.550916839160188,36.054088935930686,31.834001005214535,30.29562385890081,29.71548417912789,27.721471407556994,26.299242954883702,25.544482946421134,23.237167469379738,22.37756664608554,21.808141621880576,20.988986159412274,20.22589874393719,21.29938461552352,19.607971669706178,19.230070852703587,20.043746156844033,20.035119665227857,18.075827643568633,15.917000502607268,17.617792029650026,15.530465672348656,16.46005640938086,13.677181617570193,13.288407617167678,14.299862411925508,13.312734993231107,11.63163071112559,12.257024924507578,9.11812107838013,11.286867102965287,9.244419343582376,8.413225362487326,9.704105986642974,5.203378229573553,7.792530012775055,6.469403991095316,5.213085458727874,10.237918587291071,5.203378229573553,10.982618312588306,41.789,37.466,28.82,28.965137942015744,27.417263630785623,26.0991697185945,26.299242954883702,24.497,24.879174926030004,21.663446840242205,18.733,17.292,17.352520508560133,17.829290507476735,14.41,14.698126275141332,13.04958485929725,12.969,11.528,11.618583734689869,11.886193671651156,11.518,10.190401022530958,8.646,8.766414318294567,9.11812107838013,7.349063137570666,7.205,7.765232836174328,5.943096835825578,5.943096835825578,4.323,3.2253105276856675,0.0,2.896,2.882,4.085674974835859,4.559060539190065,5.203378229573553,5.943096835825578,35.65858101495347,31.483479239118413,29.195001918136605,27.354363235140386,23.772387343302313,22.37756664608554,23.29569850852298,22.36790756865738,20.988986159412274,21.43380218253402,21.965236625176612,22.577173693799672,21.29938461552352,21.290590057581777,20.043746156844033,16.435465828506352,17.426181480749015,15.530465672348656,16.826450724974652,17.617792029650026,17.609613737955755,13.677181617570193,14.203599015742453,15.610134688720658,15.601827617301762,12.319298681337342,12.90124211074267,13.612949129413508,14.435239104358471,13.604481761537262,10.982618312588306,13.312734993231107,10.406756459147106,8.171349949671718,6.128512462253789,5.213085458727874,5.968563059899761,5.792,6.128512462253789,10.426170917455748,45.2575507180846,42.400402450920204,41.5141548029103,42.04112073910495,40.71120656526898,38.826164180871636,36.77172328025979,34.19691952500985,30.972246302133144,29.027794749171008,30.43815086367764,28.4565178649813,25.80248422148534,27.225898258827016,28.022853530645303,24.017145958668777,22.025311462042936,23.509879795524263,22.471212361597228,18.48883868716475,19.428873461938032,20.428374874179294,19.421457823757724,16.46005640938086,17.389192534445066,18.385537386761367,19.43875924538395,20.540110637481973,15.350351136048975,18.508516526183293,15.342842631012024,14.299862411925508,15.36022867668317,17.64703853341971,13.322605300766064,15.639256376183619,12.435856263241385,16.173509977738288,11.66028267238835,14.249797191539253
43.37813144892251,54.14977721099137,52.097419859336604,50.128410826596124,38.703726332228015,34.27608244826121,40.89790049623574,30.32231298895254,32.92011281876172,35.89553286970399,27.225898258827016,32.75905494668611,30.642562311268946,28.66271447368515,25.23967608746198,45.28582793766721,45.27687524553787,43.99417565996663,40.183227595602624,36.491598211095116,26.625469986462214,24.589153564122533,30.50551256740329,34.963593007584336,25.297299480379323,19.662043840862527,23.94798465424596,19.408211973285947,22.883846376865932,22.14603190190062,16.50422712519432,20.323150961403595,22.14603190190062,19.314018354552736,24.26248645543156,28.838575901039217,32.51985928628843,19.662043840862527,38.45302278105065,29.112317959928923,36.28596093532594,32.22676012260618,30.571203067592876,30.550464742782555,28.320085469503795,26.929490229114997,26.511158122571707,23.772387343302313,23.29569850852298,22.37756664608554,21.965236625176612,20.636390478957313,22.820129557038012,20.64961580756407,20.083398342909998,21.65285865653771,21.644873480803714,19.632708855377036,16.435465828506352,19.428873461938032,16.826450724974652,18.385537386761367,14.853032047363259,14.203599015742453,16.479702454838193,15.36022867668317,13.312734993231107,14.454839051335025,10.406756459147106,13.64188700290396,11.286867102965287,10.214187437089647,12.364359465819488,7.2274195256675124,10.537761621900545,9.153538550746372,7.792530012775055,13.11142650515191,7.2274195256675124,12.416326711229857,41.889226980215334,37.57775900715741,28.965137942015744,28.82,27.417263630785623,25.938,25.978386170045283,24.667586525641294,24.539757802390795,21.663446840242205,18.95552966814697,17.532828636589134,17.352520508560133,17.352520508560133,14.698126275141332,14.41,13.677181617570193,13.288407617167678,11.886193671651156,11.618583734689869,11.528,11.876495274280204,10.190401022530958,9.11812107838013,8.766414318294567,8.646,8.413225362487326,7.765232836174328,7.205,7.217619552179236,5.943096835825578,5.203378229573553,3.2253105276856675,2.896,0.0,4.085674974835859,2.882,4.559060539190065,4.323,7.217619552179236,35.06565727317827,30.81031296497976,28.320085469503795,26.576815234335356,23.237167469379738,21.808141621880576,22.37756664608554,21.798230226328005,20.380802045061916,20.636390478957313,20.988986159412274,21.43380218253402,20.083398342909998,20.07407106194456,18.746489378014218,15.917000502607268,16.435465828506352,14.698126275141332,15.530465672348656,16.12655263842834,16.11761768996895,13.04958485929725,13.288407617167678,14.203599015742453,14.194468817113234,11.618583734689869,11.886193671651156,12.319298681337342,12.90124211074267,12.309941510827743,10.190401022530958,11.63163071112559,9.11812107838013,6.450621055371335,4.559060539190065,3.2253105276856675,3.234701995547658,2.896,4.559060539190065,8.171349949671718,44.226586133229866,41.60167785077904,40.594872890551095,41.031544852710574,39.667797770987995,37.84163951257926,35.61308008302568,32.947854937764916,29.728752025606457,27.848129919260288,29.027794749171008,27.0978239901288,24.638597362674684,25.80248422148534,26.484186980158555,22.577173693799672,20.64961580756407,21.65285865653771,20.5204099617917,16.826450724974652,17.617792029650026,18.48883868716475,17.609613737955755,14.853032047363259,15.610134688720658,16.46005640938086,17.389192534445066,18.385537386761367,13.612949129413508,16.342699899343437,13.604481761537262,12.416326711229857,13.312734993231107,15.36022867668317,11.277008291209153,13.322605300766064,10.214187437089647,13.64188700290396,9.254258263091646,11.66028267238835
45.15158827771178,54.2070207998927,52.31746859319553,50.523336865254656,40.166796685819996,36.038750699767604,41.284451128723994,31.91342377433045,33.652901449949304,35.759296693307604,28.407198031484906,32.73929457089752,30.89410922813603,29.21992801154719,26.511158122571707,44.14692560077089,44.138398022583466,42.91875040119411,39.324087681725054,35.89553286970399,27.225898258827016,25.23967608746198,29.793984510300064,33.729732640505766,24.608884107167476,19.428873461938032,22.85908871761952,18.508516526183293,21.35627647788818,20.155768429906114,14.891106372597035,17.435649027208594,18.8790745800741,15.993050522023621,20.72781495961405,25.281834427113868,28.838575901039217,15.639256376183619,34.798045706619796,25.26863259062508,38.93393575019099,34.705041017120266,33.174616094236875,32.51821649475875,30.571203067592876,29.145544016195682,28.320085469503795,26.0991697185945,25.17241094929129,24.667586525641294,23.772387343302313,23.10142506426822,23.8735569406823,22.37756664608554,22.047189412712,22.577173693799672,22.56823856662278,20.64961580756407,18.788879503578706,20.043746156844033,18.23624215676026,18.81469364619047,16.435465828506352,16.11338006130309,16.46005640938086,15.610134688720658,14.203599015742453,14.435239104358471,11.886193671651156,13.312734993231107,11.63163071112559,10.982618312588306,11.286867102965287,7.765232836174328,9.254258263091646,8.171349949671718,7.217619552179236,11.019384057196662,3.234701995547658,8.413225362487326,44.671,40.348,31.702,31.834001005214535,30.29562385890081,28.965137942015744,29.145544016195682,27.379,27.721471407556994,24.539757802390795,21.615,20.174,20.22589874393719,20.636390478957313,17.292,17.532828636589134,15.917000502607268,15.851,14.41,14.482568971007872,14.698126275141332,14.4,13.04958485929725,11.528,11.618583734689869,11.886193671651156,10.190401022530958,10.087,10.494493079706137,8.766414318294567,8.766414318294567,7.205,5.943096835825578,2.882,4.085674974835859,0.0,2.896,2.0428374874179296,3.234701995547658,3.2253105276856675,38.460141705407175,34.26280480345998,31.91342377433045,30.101058851807856,26.576815234335356,25.17241094929129,25.9920055594023,25.16267936846154,23.772387343302313,24.166024414454274,24.638597362674684,25.18566322334991,23.8735569406823,23.864503367973114,22.577173693799672,19.230070852703587,20.083398342909998,18.23624215676026,19.351863166114008,20.043746156844033,20.035119665227857,16.435465828506352,16.87606189251509,18.075827643568633,18.067059113203786,15.050529425903928,15.530465672348656,16.12655263842834,16.826450724974652,16.11761768996895,13.677181617570193,15.610134688720658,12.90124211074267,10.406756459147106,8.413225362487326,7.217619552179236,7.2274195256675124,6.469403991095316,4.576769275373186,9.153538550746372,47.931447057229555,45.15158827771178,44.226586133229866,44.72160221861466,43.37813144892251,41.5141548029103,39.389107745669996,36.77172328025979,33.54695993678116,31.629502430484106,32.92861345395521,30.972246302133144,28.407198031484906,29.706064094726518,30.43815086367764,26.484186980158555,24.52340272066664,25.703919156424377,24.589153564122533,20.81351291829421,21.65285865653771,22.554016582418306,21.644873480803714,18.81469364619047,19.632708855377036,20.5204099617917,21.469154641019287,22.471212361597228,17.617792029650026,20.428374874179294,17.609613737955755,16.46005640938086,17.389192534445066,19.43875924538395,15.350351136048975,17.399074917937448,14.299862411925508,17.64703853341971,13.322605300766064,15.639256376183619
46.070967908217426,56.182366628685195,54.2070207998927,52.31746859319553,41.29923161512814,36.95789604401203,43.07398975019612,32.947854937764916,35.23558405930005,37.811241555918265,29.706064094726518,34.72823728610481,32.73929457089752,30.89410922813603,27.747721221750805,46.6411306895534,46.63243819488747,45.388063981624065,41.70468366982299,38.16052410541553,28.870478208716943,26.8497562186326,32.0976227312865,36.246627429320924,26.888893636592783,21.47904290232691,25.297299480379323,20.852341834911496,23.94798465424596,22.883846376865932,17.481796503792168,20.323150961403595,21.767748643348487,18.8790745800741,23.567871202126,28.109319451029048,31.613284865701633,18.123313714660462,37.579084195866194,27.947802507531787,39.14875457789175,35.06565727317827,33.4264683297533,33.28295810170725,31.115040109246205,29.71548417912789,29.195001918136605,26.576815234335356,25.9920055594023,25.17241094929129,24.638597362674684,23.461659617341653,25.23967608746198,23.29569850852298,22.795302695950323,24.017145958668777,24.008746739469764,22.025311462042936,19.230070852703587,21.65285865653771,19.351863166114008,20.5204099617917,17.426181480749015,16.87606189251509,18.385537386761367,17.389192534445066,15.610134688720658,16.342699899343437,12.90124211074267,15.36022867668317,13.312734993231107,12.416326711229857,13.64188700290396,9.244419343582376,11.66028267238835,10.426170917455748,9.254258263091646,13.730307826119558,5.968563059899761,10.214187437089647,44.764774734159,40.45179748787438,31.834001005214535,31.702,30.29562385890081,28.82,28.856352922710105,27.53173545201973,27.417263630785623,24.539757802390795,21.808141621880576,20.380802045061916,20.22589874393719,20.22589874393719,17.532828636589134,17.292,16.435465828506352,16.11338006130309,14.698126275141332,14.482568971007872,14.41,14.688322436548022,13.04958485929725,11.886193671651156,11.618583734689869,11.528,10.982618312588306,10.494493079706137,10.087,9.675931583057004,8.766414318294567,7.765232836174328,5.943096835825578,4.085674974835859,2.882,2.896,0.0,2.0428374874179296,1.441,5.213085458727874,37.91105933629394,33.645292583064276,31.115040109246205,29.396252550282664,26.0991697185945,24.667586525641294,25.17241094929129,24.657655707710738,23.237167469379738,23.461659617341653,23.772387343302313,24.166024414454274,22.795302695950323,22.78582070060238,21.43380218253402,18.788879503578706,19.230070852703587,17.532828636589134,18.23624215676026,18.746489378014218,18.7372656489681,15.917000502607268,16.11338006130309,16.87606189251509,16.86666964756232,14.482568971007872,14.698126275141332,15.050529425903928,15.530465672348656,15.040955288810615,13.04958485929725,14.203599015742453,11.886193671651156,9.11812107838013,7.349063137570666,5.943096835825578,5.203378229573553,4.085674974835859,2.0428374874179296,6.469403991095316,46.95922317287627,44.402380521769324,43.364842637786666,43.77389113387111,42.400402450920204,40.594872890551095,38.3097069813905,35.61308008302568,32.40242548020132,30.550464742782555,31.629502430484106,29.728752025606457,27.354363235140386,28.407198031484906,29.027794749171008,25.18566322334991,23.29569850852298,24.017145958668777,22.820129557038012,19.351863166114008,20.043746156844033,20.81351291829421,20.035119665227857,17.426181480749015,18.075827643568633,18.81469364619047,19.632708855377036,20.5204099617917,16.12655263842834,18.48883868716475,16.11761768996895,14.853032047363259,15.610134688720658,17.389192534445066,13.612949129413508,15.350351136048975,12.416326711229857,15.36022867668317,11.277008291209153,13.322605300766064
46.95922317287627,56.246710348250595,54.35091558566424,52.54641050538086,42.04112073910495,37.84163951257926,43.30571731307542,33.75212378503018,35.63805686341499,37.801345703559285,30.32231298895254,34.77838506889013,32.92011281876172,31.220269377441316,28.407198031484906,46.13675568351117,46.12828205125355,44.9163101000071,41.34319079364823,37.93131435898313,29.21992801154719,27.225898258827016,31.82668270492544,35.7151473887481,26.645210601532128,21.469154641019287,24.87171252648277,20.540110637481973,23.3205653447767,22.038768114393324,16.864866320252883,19.04334266876485,20.272,17.376,21.910370238770497,26.42007617324371,29.842815299498806,16.173509977738288,35.81137835939857,26.090242850537056,40.45179748787438,36.28596093532594,34.705041017120266,34.26280480345998,32.22676012260618,30.81031296497976,30.101058851807856,27.721471407556994,26.929490229114997,26.299242954883702,25.544482946421134,24.667586525641294,25.80248422148534,24.166024414454274,23.772387343302313,24.52340272066664,24.514589146057496,22.577173693799672,20.380802045061916,22.025311462042936,20.083398342909998,20.81351291829421,18.23624215676026,17.829290507476735,18.48883868716475,17.617792029650026,16.12655263842834,16.46005640938086,13.677181617570193,15.350351136048975,13.612949129413508,12.90124211074267,13.322605300766064,9.675931583057004,11.286867102965287,10.214187437089647,9.244419343582376,12.938807982190632,4.344,8.171349949671718,46.13472930450552,41.81407926763425,33.174616094236875,33.174616094236875,31.702,30.29562385890081,30.399258823201595,28.856352922710105,28.965137942015744,25.938,23.10142506426822,21.663446840242205,21.615,21.808141621880576,18.788879503578706,18.788879503578706,17.532828636589134,17.352520508560133,15.917000502607268,15.851,15.917000502607268,15.90704199403522,14.41,13.04958485929725,12.969,13.04958485929725,11.886193671651156,11.618583734689869,11.618583734689869,10.494493079706137,10.087,8.766414318294567,7.205,4.559060539190065,4.559060539190065,2.0428374874179296,2.0428374874179296,0.0,1.448,3.234701995547658,39.57489417547443,35.333704249625455,32.870931657012704,31.115040109246205,27.721471407556994,26.299242954883702,26.929490229114997,26.289380365463163,24.879174926030004,25.17241094929129,25.544482946421134,25.9920055594023,24.638597362674684,24.629239939551525,23.29569850852298,20.380802045061916,20.988986159412274,19.230070852703587,20.083398342909998,20.64961580756407,20.64054439689031,17.532828636589134,17.829290507476735,18.746489378014218,18.7372656489681,16.11338006130309,16.435465828506352,16.87606189251509,17.426181480749015,16.86666964756232,14.698126275141332,16.12655263842834,13.677181617570193,10.982618312588306,9.11812107838013,7.765232836174328,7.217619552179236,6.128512462253789,2.896,7.382010633966874,48.7854253645492,46.14853515551712,45.15158827771178,45.590605391900645,44.226586133229866,42.400402450920204,40.166796685819996,37.492978756028435,34.27608244826121,32.40242548020132,33.54695993678116,31.629502430484106,29.195001918136605,30.32231298895254,30.972246302133144,27.0978239901288,25.18566322334991,26.016891147867764,24.832653422459714,21.29938461552352,22.025311462042936,22.820129557038012,22.016806875657515,19.351863166114008,20.043746156844033,20.81351291829421,21.65285865653771,22.554016582418306,18.075827643568633,20.5204099617917,18.067059113203786,16.826450724974652,17.617792029650026,19.428873461938032,15.610134688720658,17.389192534445066,14.435239104358471,17.399074917937448,13.312734993231107,15.36022867668317
47.425725350277986,57.22602324991664,55.28797808746491,53.4366628542614,42.61079704722736,38.3097069813905,44.19234322821093,34.27608244826121,36.42364760701487,38.81391226094066,30.972246302133144,35.759296693307604,33.831024873627456,32.04875691817079,29.027794749171008,47.37002158538668,47.36146286803228,46.13675568351117,42.51828445504358,39.04804057824157,30.033787390204388,28.022853530645303,32.95940490967639,36.95578472986333,27.762774789274935,22.471212361597228,26.065427293639363,21.682258577002536,24.589696704107595,23.377590038325163,18.123313714660462,20.475837174582143,21.72,18.824,23.346566085829412,27.849568632206854,31.249935823934102,17.481796503792168,37.21818528622802,27.460615652239117,40.581171003311376,36.48764022240956,34.85575120406961,34.658288258366134,32.51821649475875,31.115040109246205,30.550464742782555,27.98494068244562,27.354363235140386,26.576815234335356,25.9920055594023,24.879174926030004,26.484186980158555,24.638597362674684,24.166024414454274,25.23967608746198,25.23111271822945,23.26326142225118,20.636390478957313,22.820129557038012,20.64961580756407,21.65285865653771,18.746489378014218,18.23624215676026,19.428873461938032,18.48883868716475,16.826450724974652,17.389192534445066,14.203599015742453,16.342699899343437,14.435239104358471,13.612949129413508,14.454839051335025,10.406756459147106,12.435856263241385,11.286867102965287,10.214187437089647,14.249797191539253,5.792,9.254258263091646,46.20285012853644,41.889226980215334,33.26928410711598,33.143,31.735051725182363,30.261,30.29562385890081,28.965137942015744,28.856352922710105,25.978386170045283,23.237167469379738,21.808141621880576,21.663446840242205,21.663446840242205,18.95552966814697,18.733,17.829290507476735,17.532828636589134,16.11338006130309,15.917000502607268,15.851,16.10354299525418,14.482568971007872,13.288407617167678,13.04958485929725,12.969,12.319298681337342,11.886193671651156,11.528,10.982618312588306,10.190401022530958,9.11812107838013,7.349063137570666,5.203378229573553,4.323,3.234701995547658,1.441,1.448,0.0,4.576769275373186,39.335758706296744,35.06565727317827,32.51821649475875,30.81031296497976,27.53173545201973,26.0991697185945,26.576815234335356,26.089231495005752,24.667586525641294,24.879174926030004,25.17241094929129,25.544482946421134,24.166024414454274,24.156483932890566,22.795302695950323,20.22589874393719,20.636390478957313,18.95552966814697,19.607971669706178,20.083398342909998,20.07407106194456,17.352520508560133,17.532828636589134,18.23624215676026,18.226760216780164,15.917000502607268,16.11338006130309,16.435465828506352,16.87606189251509,16.425821653725574,14.482568971007872,15.530465672348656,13.288407617167678,10.494493079706137,8.766414318294567,7.349063137570666,6.450621055371335,5.203378229573553,1.448,5.968563059899761,48.33204882890855,45.8065141328174,44.75513329217108,45.15158827771178,43.77389113387111,41.97797231882455,39.667797770987995,36.95789604401203,33.75212378503018,31.91342377433045,32.947854937764916,31.060931344697313,28.72439703457672,29.728752025606457,30.32231298895254,26.511158122571707,24.638597362674684,25.23967608746198,24.017145958668777,20.64961580756407,21.29938461552352,22.025311462042936,21.290590057581777,18.746489378014218,19.351863166114008,20.043746156844033,20.81351291829421,21.65285865653771,17.426181480749015,19.632708855377036,17.41708589288116,16.12655263842834,16.826450724974652,18.48883868716475,14.853032047363259,16.46005640938086,13.612949129413508,16.342699899343437,12.416326711229857,14.299862411925508
47.544774686604626,55.466516061494254,53.6995124372652,52.03378229573553,42.400402450920204,38.460141705407175,42.83172713071468,34.26280480345998,35.478415804542344,36.9776773743295,30.550464742782555,34.067046026915804,32.42738066819459,30.972246302133144,28.72439703457672,44.53335653193008,44.52522817459783,43.36451715400507,39.967815902298184,36.771074773522734,29.027794749171008,27.0978239901288,30.642562311268946,34.115984816505005,25.550942546215392,20.81351291829421,23.51976991809231,19.428873461938032,21.682258577002536,20.091613797801312,15.36022867668317,16.50422712519432,17.435649027208594,14.5515250403523,18.8790745800741,23.346566085829412,26.693740689532444,12.938807982190632,32.66063013782802,22.883846376865932,41.789,37.49397098201256,36.025,35.06565727317827,33.26928410711598,31.834001005214535,30.81031296497976,28.856352922710105,27.721471407556994,27.417263630785623,26.299242954883702,25.938,25.9920055594023,24.879174926030004,24.667586525641294,24.638597362674684,24.629239939551525,22.795302695950323,21.615,21.965236625176612,20.636390478957313,20.64961580756407,18.95552966814697,18.788879503578706,18.075827643568633,17.426181480749015,16.435465828506352,16.12655263842834,14.482568971007872,14.853032047363259,13.677181617570193,13.288407617167678,12.416326711229857,10.190401022530958,10.406756459147106,9.675931583057004,9.11812107838013,11.286867102965287,2.0428374874179296,5.203378229573553,47.57504086177961,43.254243768675465,34.61429993514241,34.85575120406961,33.26928410711598,31.998236513908076,32.22676012260618,30.29562385890081,30.81031296497976,27.53173545201973,24.539757802390795,23.10142506426822,23.237167469379738,23.772387343302313,20.22589874393719,20.636390478957313,18.733,18.788879503578706,17.352520508560133,17.532828636589134,17.829290507476735,17.342555405706506,16.11338006130309,14.482568971007872,14.698126275141332,15.050529425903928,12.969,13.04958485929725,13.677181617570193,11.528,11.886193671651156,10.190401022530958,9.11812107838013,5.943096835825578,7.217619552179236,3.2253105276856675,5.213085458727874,3.234701995547658,4.576769275373186,0.0,41.60167785077904,37.42377748170272,35.10908009333198,33.28295810170725,29.71548417912789,28.320085469503795,29.195001918136605,28.310417888120266,26.929490229114997,27.354363235140386,27.848129919260288,28.407198031484906,27.0978239901288,27.08878411815488,25.80248422148534,22.37756664608554,23.29569850852298,21.43380218253402,22.577173693799672,23.26326142225118,23.254589912531245,19.607971669706178,20.083398342909998,21.29938461552352,21.290590057581777,18.23624215676026,18.746489378014218,19.351863166114008,20.043746156844033,19.34292811339586,16.87606189251509,18.81469364619047,16.12655263842834,13.612949129413508,11.63163071112559,10.406756459147106,10.214187437089647,9.254258263091646,5.968563059899761,10.136,51.14323792056972,48.33204882890855,47.425725350277986,47.931447057229555,46.59139701704596,44.72160221861466,42.61079704722736,39.9965748658557,36.77172328025979,34.85236296149803,36.15165528713727,34.19691952500985,31.629502430484106,32.92861345395521,33.652901449949304,29.706064094726518,27.747721221750805,28.870478208716943,27.733258030747127,24.017145958668777,24.832653422459714,25.703919156424377,24.824530126469664,22.025311462042936,22.820129557038012,23.676902014410587,24.589153564122533,25.550942546215392,20.81351291829421,23.509879795524263,20.8052055985996,19.632708855377036,20.5204099617917,22.471212361597228,18.48883868716475,20.428374874179294,17.389192534445066,20.540110637481973,16.342699899343437,18.508516526183293
22.471806691941794,44.98042316386096,42.09078269645268,39.202080812120165,23.168,19.04334266876485,33.583399842779464,20.155768429906114,27.460615652239117,35.24274677149896,23.3205653447767,33.05815217158999,30.415540517965486,27.823414905435314,22.85908871761952,48.52497291086312,48.51542410409292,47.14425356286809,43.02864204224902,38.96265006387528,27.28377400580792,26.888893636592783,36.95578472986333,42.71255295577636,34.987403004510064,31.67550372133015,36.83765943976354,34.77838506889013,38.81391226094066,40.89790049623574,37.24898013368957,44.46496059820586,47.651493082588715,46.04022268625555,50.842916133911906,54.57095670775802,58.62385644087226,50.97131491339025,63.439860285155106,57.23716052530908,10.237918587291071,11.937126119799522,11.019384057196662,16.93885710430311,14.891106372597035,15.639256376183619,18.853348588513395,16.342699899343437,19.43875924538395,17.389192534445066,20.428374874179294,17.617792029650026,24.608884107167476,21.469154641019287,20.5204099617917,25.560834102196274,25.567600200253445,25.550942546215392,21.29938461552352,27.5922679749237,24.832653422459714,28.66271447368515,25.23967608746198,24.52340272066664,30.89410922813603,30.033787390204388,28.4565178649813,31.220269377441316,28.407198031484906,32.42738066819459,30.972246302133144,30.32231298895254,34.89489213337677,32.40242548020132,35.478415804542344,34.85236296149803,34.27608244826121,38.115632291751375,40.594872890551095,46.53312008666516,11.286867102965287,9.153538550746372,10.426170917455748,8.171349949671718,10.214187437089647,10.406756459147106,9.675931583057004,13.312734993231107,10.982618312588306,14.853032047363259,18.075827643568633,19.351863166114008,18.746489378014218,17.829290507476735,21.965236625176612,20.988986159412274,23.8735569406823,23.29569850852298,24.638597362674684,24.166024414454274,23.772387343302313,24.647955290449552,25.544482946421134,27.354363235140386,26.929490229114997,26.576815234335356,29.195001918136605,28.72439703457672,27.98494068244562,30.550464742782555,29.71548417912789,31.483479239118413,32.51821649475875,35.65858101495347,35.06565727317827,38.460141705407175,37.91105933629394,39.57489417547443,39.335758706296744,41.60167785077904,0.0,4.323,7.349063137570666,8.646,11.886193671651156,13.288407617167678,12.969,13.298167430138635,14.698126275141332,14.482568971007872,14.41,14.482568971007872,15.917000502607268,15.926959063173358,17.352520508560133,19.230070852703587,18.788879503578706,20.380802045061916,20.174,20.22589874393719,20.235873097052174,22.047189412712,21.808141621880576,21.615,21.625,23.461659617341653,23.237167469379738,23.10142506426822,23.056,23.11140540945098,24.879174926030004,24.497,26.0991697185945,28.965137942015744,30.571203067592876,31.998236513908076,33.26928410711598,34.705041017120266,39.14875457789175,40.348,11.286867102965287,7.217619552179236,7.2274195256675124,8.432433160126442,7.792530012775055,5.968563059899761,7.382010633966874,8.432433160126442,9.244419343582376,9.675931583057004,11.277008291209153,11.63163071112559,11.886193671651156,12.90124211074267,13.612949129413508,15.050529425903928,16.11338006130309,18.746489378014218,20.083398342909998,20.380802045061916,20.636390478957313,20.988986159412274,20.646166520688535,21.663446840242205,21.808141621880576,22.047189412712,22.37756664608554,22.795302695950323,23.10142506426822,23.772387343302313,23.11140540945098,24.539757802390795,24.667586525641294,25.17241094929129,25.978386170045283,26.299242954883702,27.417263630785623,27.98494068244562,28.856352922710105,29.145544016195682
23.94798465424596,45.46256227930846,42.60563447479688,39.754361282757394,23.567871202126,18.8790745800741,33.304,19.04334266876485,26.42007617324371,34.07445437567563,21.51432102112451,31.613284865701633,28.838575901039217,26.090242850537056,20.71463955756894,47.42122378218428,47.41145267759679,46.00739193868742,41.77994141929833,37.579084195866194,25.26863259062508,24.589696704107595,34.963593007584336,40.84882011759948,32.49497511923959,28.682463091582633,34.115984816505005,31.685398040737947,35.89553286970399,37.811241555918265,33.831024873627456,41.0408199235834,44.19234322821093,42.44997658421026,47.35380402882117,51.21436385429384,55.28797808746491,47.09648522979183,60.26741212297074,53.6995124372652,11.66028267238835,11.673283042914706,10.136,15.993050522023621,13.346870344766222,13.730307826119558,16.93885710430311,13.64188700290396,16.864866320252883,14.454839051335025,17.64703853341971,14.299862411925508,22.073462800385446,18.508516526183293,17.399074917937448,22.85908871761952,22.86476365502167,22.573734205930574,17.617792029650026,24.608884107167476,21.469154641019287,25.560834102196274,21.65285865653771,20.81351291829421,27.5922679749237,26.625469986462214,24.832653422459714,27.733258030747127,24.52340272066664,28.870478208716943,27.225898258827016,26.484186980158555,31.220269377441316,28.407198031484906,31.675082083555836,30.972246302133144,30.32231298895254,34.422890291200126,36.47248431352052,42.400402450920204,14.435239104358471,11.286867102965287,8.806692057747902,5.968563059899761,7.792530012775055,7.2274195256675124,6.128512462253789,10.426170917455748,7.217619552179236,11.277008291209153,14.435239104358471,15.610134688720658,14.853032047363259,13.677181617570193,18.075827643568633,16.87606189251509,20.043746156844033,19.351863166114008,20.64961580756407,20.083398342909998,19.607971669706178,20.658688075480494,21.43380218253402,23.29569850852298,22.795302695950323,22.37756664608554,25.18566322334991,24.638597362674684,23.772387343302313,26.511158122571707,25.544482946421134,27.354363235140386,28.320085469503795,31.483479239118413,30.81031296497976,34.26280480345998,33.645292583064276,35.333704249625455,35.06565727317827,37.42377748170272,4.323,0.0,3.2253105276856675,4.323,7.765232836174328,9.11812107838013,8.646,9.12760384766999,10.494493079706137,10.190401022530958,10.087,10.190401022530958,11.618583734689869,11.62850583695085,13.04958485929725,15.050529425903928,14.482568971007872,16.11338006130309,15.851,15.917000502607268,15.926959063173358,17.829290507476735,17.532828636589134,17.292,17.302,19.230070852703587,18.95552966814697,18.788879503578706,18.733,18.798849778643373,20.636390478957313,20.174,21.808141621880576,24.667586525641294,26.299242954883702,27.721471407556994,28.965137942015744,30.399258823201595,34.85575120406961,36.025,14.435239104358471,10.982618312588306,10.406756459147106,11.277008291209153,10.214187437089647,8.171349949671718,7.792530012775055,7.24,6.469403991095316,6.128512462253789,8.432433160126442,8.171349949671718,7.765232836174328,9.244419343582376,10.214187437089647,10.982618312588306,11.886193671651156,14.853032047363259,16.12655263842834,16.11338006130309,16.435465828506352,16.87606189251509,16.44511042833097,17.352520508560133,17.532828636589134,17.829290507476735,18.23624215676026,18.746489378014218,18.788879503578706,19.607971669706178,18.798849778643373,20.22589874393719,20.380802045061916,20.988986159412274,21.663446840242205,22.047189412712,23.10142506426822,23.772387343302313,24.539757802390795,24.879174926030004
26.550916839160188,47.42122378218428,44.59575281346868,41.77994141929833,25.64877153003629,20.72781495961405,34.87129805441719,20.272,27.549711885970783,35.01984912874411,22.14603190190062,32.37326724320546,29.528042535867495,26.693740689532444,21.07552324380109,48.32414180303671,48.314253600775004,46.89282376867488,42.60563447479688,38.33123959644404,25.64877153003629,24.728718931638976,35.24274677149896,41.19092347835867,32.347019955476576,28.071523382246287,33.729732640505766,30.93335974316401,35.29407706683942,37.017033052366585,32.68539979868687,39.84347555121165,42.938309282038574,41.0408199235834,46.05105340814691,50.05499104984437,54.13987950670005,45.28256698774927,59.28739076734614,52.31746859319553,14.454839051335025,13.730307826119558,11.937126119799522,17.435649027208594,14.48,14.5515250403523,17.613384115495805,13.730307826119558,16.93885710430311,14.249797191539253,17.481796503792168,13.64188700290396,22.038768114393324,18.123313714660462,16.864866320252883,22.642913968833604,22.64737055377511,22.073462800385446,16.342699899343437,24.06551360349494,20.540110637481973,24.87171252648277,20.428374874179294,19.428873461938032,26.645210601532128,25.560834102196274,23.509879795524263,26.556887336433086,22.820129557038012,27.5922679749237,25.703919156424377,24.832653422459714,29.76444375425148,26.484186980158555,30.033787390204388,29.21992801154719,28.4565178649813,32.92011281876172,34.27608244826121,40.166796685819996,17.617792029650026,14.299862411925508,10.237918587291071,7.382010633966874,8.688,7.382010633966874,5.968563059899761,10.537761621900545,6.469403991095316,10.426170917455748,13.322605300766064,14.299862411925508,13.312734993231107,11.63163071112559,16.46005640938086,14.853032047363259,18.48883868716475,17.617792029650026,18.81469364619047,18.075827643568633,17.426181480749015,18.823119215475423,19.351863166114008,21.29938461552352,20.64961580756407,20.083398342909998,23.26326142225118,22.577173693799672,21.43380218253402,24.52340272066664,23.29569850852298,25.18566322334991,25.9920055594023,29.195001918136605,28.320085469503795,31.91342377433045,31.115040109246205,32.870931657012704,32.51821649475875,35.10908009333198,7.349063137570666,3.2253105276856675,0.0,2.0428374874179296,6.128512462253789,7.217619552179236,5.943096835825578,7.225608071297529,8.413225362487326,7.765232836174328,7.349063137570666,7.205,8.646,8.656,10.087,12.90124211074267,11.886193671651156,13.677181617570193,13.04958485929725,12.969,12.979,15.530465672348656,15.050529425903928,14.482568971007872,14.49251889769339,16.87606189251509,16.435465828506352,16.11338006130309,15.917000502607268,16.12321732781643,18.23624215676026,17.352520508560133,19.230070852703587,22.047189412712,23.772387343302313,25.17241094929129,26.299242954883702,27.721471407556994,32.22676012260618,33.174616094236875,16.12655263842834,13.288407617167678,12.319298681337342,12.90124211074267,11.63163071112559,9.675931583057004,8.171349949671718,6.469403991095316,4.344,3.234701995547658,5.968563059899761,5.213085458727874,4.559060539190065,6.128512462253789,7.2274195256675124,7.765232836174328,8.766414318294567,11.63163071112559,12.90124211074267,13.04958485929725,13.288407617167678,13.677181617570193,13.298167430138635,14.41,14.482568971007872,14.698126275141332,15.050529425903928,15.530465672348656,15.851,16.435465828506352,15.861,17.292,17.352520508560133,17.829290507476735,18.733,18.95552966814697,20.174,20.636390478957313,21.615,21.808141621880576
26.065427293639363,46.344658030888525,43.54564097587725,40.76017664338564,24.728718931638976,19.686713082685998,33.583399842779464,18.8790745800741,26.064,33.4284660132648,20.475837174582143,30.713755761873212,27.849568632206854,24.992714638470147,19.314018354552736,46.693132171658824,46.6832086729265,45.25656018744686,40.951674349164286,36.65601855084646,23.874252239599045,22.883846376865932,33.41485156333932,39.373426165371995,30.415540517965486,26.065427293639363,31.751603817760138,28.90967810267005,33.284161894210285,34.987403004510064,30.642562311268946,37.801345703559285,40.89790049623574,39.008660282045064,44.012953195621854,48.01259701370048,52.097419859336604,43.306576359717006,57.24580956716395,50.28478283735548,14.299862411925508,12.938807982190632,11.019384057196662,16.18663362160273,13.11142650515191,13.032,15.993050522023621,11.937126119799522,15.111542906004006,12.364359465819488,15.58506002555011,11.66028267238835,20.155768429906114,16.173509977738288,14.891106372597035,20.71463955756894,20.71881541015316,20.091613797801312,14.299862411925508,22.073462800385446,18.508516526183293,22.85908871761952,18.385537386761367,17.389192534445066,24.608884107167476,23.51976991809231,21.469154641019287,24.514049849015155,20.81351291829421,25.550942546215392,23.676902014410587,22.820129557038012,27.733258030747127,24.52340272066664,28.022853530645303,27.225898258827016,26.484186980158555,30.89410922813603,32.40242548020132,38.3097069813905,18.075827643568633,14.435239104358471,9.153538550746372,6.469403991095316,7.382010633966874,5.792,4.344,8.806692057747902,4.576769275373186,8.432433160126442,11.286867102965287,12.257024924507578,11.277008291209153,9.675931583057004,14.435239104358471,12.90124211074267,16.46005640938086,15.610134688720658,16.826450724974652,16.12655263842834,15.530465672348656,16.835015414308355,17.426181480749015,19.351863166114008,18.746489378014218,18.23624215676026,21.29938461552352,20.64961580756407,19.607971669706178,22.577173693799672,21.43380218253402,23.29569850852298,24.166024414454274,27.354363235140386,26.576815234335356,30.101058851807856,29.396252550282664,31.115040109246205,30.81031296497976,33.28295810170725,8.646,4.323,2.0428374874179296,0.0,4.085674974835859,5.203378229573553,4.323,5.211689265487727,6.450621055371335,5.943096835825578,5.764,5.943096835825578,7.349063137570666,7.358867372089268,8.766414318294567,10.982618312588306,10.190401022530958,11.886193671651156,11.528,11.618583734689869,11.62850583695085,13.677181617570193,13.288407617167678,12.969,12.979,15.050529425903928,14.698126275141332,14.482568971007872,14.41,14.49251889769339,16.435465828506352,15.851,17.532828636589134,20.380802045061916,22.047189412712,23.461659617341653,24.667586525641294,26.0991697185945,30.571203067592876,31.702,18.075827643568633,15.050529425903928,14.203599015742453,14.853032047363259,13.612949129413508,11.63163071112559,10.214187437089647,8.432433160126442,5.968563059899761,4.344,7.24,5.968563059899761,4.085674974835859,6.469403991095316,7.792530012775055,7.217619552179236,7.765232836174328,11.277008291209153,12.416326711229857,11.886193671651156,12.319298681337342,12.90124211074267,12.328656861150773,13.04958485929725,13.288407617167678,13.677181617570193,14.203599015742453,14.853032047363259,14.482568971007872,15.530465672348656,14.49251889769339,15.917000502607268,16.11338006130309,16.87606189251509,17.352520508560133,17.829290507476735,18.788879503578706,19.607971669706178,20.22589874393719,20.636390478957313
25.560834102196274,44.395677312098755,41.66707712331164,38.96265006387528,23.3205653447767,18.123313714660462,31.249935823934102,16.50422712519432,23.346566085829412,30.408,17.376,27.549711885970783,24.658141393868274,21.767748643348487,15.993050522023621,43.53549728669697,43.52551922723036,42.09078269645268,37.7581491601482,33.4284660132648,20.475837174582143,19.314018354552736,29.842815299498806,35.81137835939857,26.602537942835454,22.073462800385446,27.823414905435314,24.87171252648277,29.278006369969933,30.93335974316401,26.556887336433086,33.71734320791008,36.817890990658334,34.94807635621738,39.93820497969331,43.92793266248709,48.01259701370048,39.3750686602576,53.16293672287114,46.22209671791188,14.853032047363259,12.257024924507578,10.214187437089647,14.249797191539253,11.019384057196662,10.537761621900545,13.11142650515191,8.688,11.673283042914706,8.806692057747902,11.937126119799522,7.792530012775055,16.50422712519432,12.364359465819488,11.019384057196662,16.93885710430311,16.942262540758836,16.173509977738288,10.214187437089647,18.123313714660462,14.454839051335025,18.853348588513395,14.299862411925508,13.312734993231107,20.540110637481973,19.43875924538395,17.389192534445066,20.428374874179294,16.826450724974652,21.469154641019287,19.632708855377036,18.81469364619047,23.676902014410587,20.64961580756407,24.017145958668777,23.26326142225118,22.577173693799672,26.8497562186326,28.72439703457672,34.658288258366134,19.607971669706178,15.530465672348656,8.171349949671718,6.450621055371335,6.128512462253789,4.085674974835859,3.2253105276856675,5.968563059899761,2.0428374874179296,4.576769275373186,7.2274195256675124,8.171349949671718,7.217619552179236,5.943096835825578,10.406756459147106,9.11812107838013,12.416326711229857,11.63163071112559,12.90124211074267,12.319298681337342,11.886193671651156,12.910178465071658,13.677181617570193,15.530465672348656,15.050529425903928,14.698126275141332,17.426181480749015,16.87606189251509,16.11338006130309,18.746489378014218,17.829290507476735,19.607971669706178,20.636390478957313,23.772387343302313,23.237167469379738,26.576815234335356,26.0991697185945,27.721471407556994,27.53173545201973,29.71548417912789,11.886193671651156,7.765232836174328,6.128512462253789,4.085674974835859,0.0,1.441,3.234701995547658,1.451,2.882,3.2253105276856675,4.085674974835859,5.213085458727874,6.128512462253789,6.135570470624553,7.217619552179236,7.349063137570666,7.349063137570666,8.646,9.11812107838013,9.675931583057004,9.684868197347862,10.190401022530958,10.087,10.494493079706137,10.504105149892588,11.618583734689869,11.528,11.618583734689869,11.886193671651156,11.62850583695085,13.04958485929725,13.288407617167678,14.41,17.292,18.788879503578706,20.22589874393719,21.615,23.056,27.417263630785623,28.965137942015744,22.025311462042936,18.746489378014218,18.075827643568633,18.81469364619047,17.617792029650026,15.610134688720658,14.299862411925508,12.435856263241385,9.704105986642974,7.792530012775055,10.537761621900545,8.806692057747902,5.792,8.688,10.136,7.792530012775055,7.2274195256675124,11.66028267238835,12.435856263241385,10.406756459147106,11.277008291209153,12.257024924507578,11.284677044559139,10.982618312588306,11.63163071112559,12.416326711229857,13.312734993231107,14.299862411925508,12.319298681337342,14.435239104358471,12.328656861150773,13.677181617570193,14.203599015742453,15.610134688720658,15.050529425903928,16.12655263842834,16.435465828506352,18.075827643568633,17.829290507476735,18.746489378014218
26.556887336433086,44.88409813062974,42.187100125512295,39.518276796945486,24.06551360349494,18.853348588513395,31.613284865701633,16.93885710430311,23.567871202126,30.442124515217397,17.435649027208594,27.512,24.616,21.72,15.928,43.46389399260035,43.45389949129997,42.016717446749695,37.67556748079583,33.33516007161207,20.323150961403595,19.04334266876485,29.528042535867495,35.49103448759982,26.090242850537056,21.35627647788818,27.181652635555476,24.06551360349494,28.52359647730279,30.082565050208068,25.560834102196274,32.68539979868687,35.759296693307604,33.831024873627456,38.857746923876064,42.89958723577652,46.98526221061238,38.115632291751375,52.19722475381234,45.10803316483661,16.12655263842834,13.312734993231107,11.277008291209153,14.891106372597035,11.66028267238835,11.019384057196662,13.346870344766222,8.806692057747902,11.584,8.688,11.673283042914706,7.382010633966874,16.18663362160273,11.937126119799522,10.537761621900545,16.50422712519432,16.50684927537657,15.58506002555011,9.254258263091646,17.481796503792168,13.64188700290396,18.123313714660462,13.322605300766064,12.257024924507578,19.662043840862527,18.508516526183293,16.342699899343437,19.43875924538395,15.610134688720658,20.428374874179294,18.48883868716475,17.617792029650026,22.554016582418306,19.351863166114008,22.820129557038012,22.025311462042936,21.29938461552352,25.703919156424377,27.354363235140386,33.28295810170725,20.988986159412274,16.87606189251509,9.244419343582376,7.765232836174328,7.217619552179236,5.203378229573553,4.559060539190065,6.469403991095316,3.2253105276856675,4.344,6.469403991095316,7.2274195256675124,6.128512462253789,4.559060539190065,9.244419343582376,7.765232836174328,11.277008291209153,10.406756459147106,11.63163071112559,10.982618312588306,10.494493079706137,11.64030381905902,12.319298681337342,14.203599015742453,13.677181617570193,13.288407617167678,16.12655263842834,15.530465672348656,14.698126275141332,17.426181480749015,16.435465828506352,18.23624215676026,19.230070852703587,22.37756664608554,21.808141621880576,25.17241094929129,24.667586525641294,26.299242954883702,26.0991697185945,28.320085469503795,13.288407617167678,9.11812107838013,7.217619552179236,5.203378229573553,1.441,0.0,2.896,0.01,1.441,2.0428374874179296,3.234701995547658,4.576769275373186,5.213085458727874,5.218620507375488,6.128512462253789,5.943096835825578,5.943096835825578,7.205,7.765232836174328,8.413225362487326,8.421790842807722,8.766414318294567,8.646,9.11812107838013,9.12760384766999,10.190401022530958,10.087,10.190401022530958,10.494493079706137,10.200299652461196,11.618583734689869,11.886193671651156,12.969,15.851,17.352520508560133,18.788879503578706,20.174,21.615,25.978386170045283,27.53173545201973,23.26326142225118,20.083398342909998,19.351863166114008,20.043746156844033,18.81469364619047,16.826450724974652,15.350351136048975,13.322605300766064,10.426170917455748,8.432433160126442,11.019384057196662,9.153538550746372,5.968563059899761,8.806692057747902,10.237918587291071,7.382010633966874,6.469403991095316,11.019384057196662,11.66028267238835,9.244419343582376,10.214187437089647,11.286867102965287,10.221243808852229,9.675931583057004,10.406756459147106,11.277008291209153,12.257024924507578,13.322605300766064,10.982618312588306,13.312734993231107,10.991803537181694,12.319298681337342,12.90124211074267,14.435239104358471,13.677181617570193,14.853032047363259,15.050529425903928,16.826450724974652,16.435465828506352,17.426181480749015
28.682463091582633,47.60448240449632,44.88409813062974,42.187100125512295,26.550916839160188,21.35627647788818,34.40798936293721,19.686713082685998,26.42007617324371,33.33516007161207,20.323150961403595,30.408,27.512,24.616,18.824,46.35840136372263,46.34840619697726,44.91112362210503,40.5695996652666,36.22866932416922,23.21277029998789,21.910370238770497,32.37326724320546,38.33123959644404,28.838575901039217,23.94798465424596,29.82959818703564,26.550916839160188,31.057338005695208,32.49497511923959,27.762774789274935,34.798149835874895,37.811241555918265,35.759296693307604,40.85674974835859,44.99871705948959,49.08053024367198,39.6259618053619,54.40019411730072,47.019759591048526,17.617792029650026,15.36022867668317,13.322605300766064,17.481796503792168,14.249797191539253,13.730307826119558,16.18663362160273,11.673283042914706,14.48,11.584,14.5515250403523,10.237918587291071,19.04334266876485,14.764021267933748,13.346870344766222,19.314018354552736,19.3162590839945,18.307077101492744,11.66028267238835,20.155768429906114,16.173509977738288,20.71463955756894,15.639256376183619,14.454839051335025,22.073462800385446,20.852341834911496,18.508516526183293,21.682258577002536,17.389192534445066,22.573734205930574,20.428374874179294,19.428873461938032,24.514049849015155,20.81351291829421,24.589153564122533,23.676902014410587,22.820129557038012,27.5922679749237,28.407198031484906,34.27608244826121,21.965236625176612,18.075827643568633,11.286867102965287,9.244419343582376,9.254258263091646,7.2274195256675124,6.128512462253789,9.153538550746372,5.213085458727874,7.24,9.153538550746372,9.704105986642974,8.432433160126442,6.128512462253789,11.286867102965287,9.244419343582376,13.322605300766064,12.257024924507578,13.312734993231107,12.416326711229857,11.63163071112559,13.320313547360664,13.612949129413508,15.610134688720658,14.853032047363259,14.203599015742453,17.617792029650026,16.826450724974652,15.530465672348656,18.81469364619047,17.426181480749015,19.351863166114008,20.083398342909998,23.29569850852298,22.37756664608554,25.9920055594023,25.17241094929129,26.929490229114997,26.576815234335356,29.195001918136605,12.969,8.646,5.943096835825578,4.323,3.234701995547658,2.896,0.0,2.8960172651419054,3.234701995547658,2.0428374874179296,1.441,2.0428374874179296,3.2253105276856675,3.2342492173609627,4.559060539190065,7.217619552179236,5.943096835825578,7.765232836174328,7.205,7.349063137570666,7.358867372089268,9.675931583057004,9.11812107838013,8.646,8.656,10.982618312588306,10.494493079706137,10.190401022530958,10.087,10.200299652461196,12.319298681337342,11.528,13.288407617167678,16.11338006130309,17.829290507476735,19.230070852703587,20.380802045061916,21.808141621880576,26.299242954883702,27.379,21.965236625176612,19.230070852703587,18.23624215676026,18.746489378014218,17.426181480749015,15.530465672348656,13.612949129413508,11.277008291209153,8.171349949671718,6.128512462253789,8.432433160126442,6.469403991095316,3.234701995547658,5.968563059899761,7.382010633966874,4.576769275373186,4.085674974835859,8.432433160126442,9.254258263091646,7.765232836174328,8.413225362487326,9.244419343582376,8.421790842807722,8.766414318294567,9.11812107838013,9.675931583057004,10.406756459147106,11.277008291209153,10.190401022530958,11.63163071112559,10.200299652461196,11.618583734689869,11.886193671651156,12.90124211074267,13.04958485929725,13.677181617570193,14.482568971007872,15.530465672348656,15.917000502607268,16.435465828506352
26.5639421961425,44.887630645869464,42.19085845298718,39.522288913978656,24.070904116796278,18.85870072406898,31.61602125505358,16.942262540758836,23.569707528944857,30.44259951121126,17.436478342830586,27.512001817388715,24.616002031199137,21.72000230202566,15.928003139125758,43.46356360217142,43.453569024879876,42.01637567663351,37.675186329997096,33.33472929243614,20.32244436577451,19.041831844651924,29.526092122053672,35.48900574825956,26.086930674190093,21.351555095589642,27.177413048338504,24.060126038738865,28.51854582547995,30.07681798329072,25.55407012591145,32.67834665340338,35.75204385765938,33.823358555885605,38.85033070644316,42.89253390742962,46.97820883132945,38.10693722932873,52.19059965166141,45.100366694739854,16.13548883672261,13.320313547360664,11.284677044559139,14.895947401894247,11.665229187632791,11.02331098173321,13.349033223421086,8.808333837906009,11.584004316297538,8.68800575506255,11.672052818591938,7.380065108113884,16.18485613158177,11.93471574860499,10.53503108680748,16.501610618360864,16.50422712519432,15.581364381850518,9.248033088176102,17.477677448677213,13.636608119323515,18.118545195462026,13.316117752558362,12.249973061194869,19.656182437085793,18.502289696143016,16.335647523131733,19.4320889510109,15.601827617301762,20.42132219029904,18.481045857851225,17.609613737955755,22.54635056943806,19.34292811339586,22.81192129128978,22.016806875657515,21.290590057581777,25.69607129504431,27.34488120288695,33.273433246360376,20.998598048441234,16.885454835449355,9.252215356334935,7.774512267660268,7.225608071297529,5.211689265487727,4.568543859918607,6.4738649970477455,3.2342492173609627,4.344011510113664,6.464955374942661,7.221442584414834,6.121462652013815,4.549579431112287,9.236627577205871,7.755955195847898,11.269343192928327,10.398449884477973,11.62295973493843,10.973434512494254,10.484881735146086,11.63163071112559,12.309941510827743,14.194468817113234,13.667699769895446,13.278648161616452,16.11761768996895,15.521187583429304,14.688322436548022,17.41708589288116,16.425821653725574,18.226760216780164,19.2203294716818,22.36790756865738,21.798230226328005,25.16267936846154,24.657655707710738,26.289380365463163,26.089231495005752,28.310417888120266,13.298167430138635,9.12760384766999,7.225608071297529,5.211689265487727,1.451,0.01,2.8960172651419054,0.0,1.431,2.0357959131504315,3.2302595870920343,4.57363061473049,5.207563729806866,5.213085458727874,6.121462652013815,5.933398688778633,5.933398688778633,7.195,7.755955195847898,8.404663050949752,8.413225362487326,8.756551832770706,8.636,9.10863941541216,9.11812107838013,10.180502590736863,10.077,10.180502590736863,10.484881735146086,10.190401022530958,11.608661766112405,11.876495274280204,12.959,15.841,17.342555405706506,18.778909260124777,20.164,21.605,25.96840172209295,27.52179094826498,23.27193399784384,20.092726270966814,19.360799260361127,20.05237392430133,18.823119215475423,16.835015414308355,15.357862481478339,13.329097193733714,10.4317026414675,8.437564162719001,11.02331098173321,9.156691979093761,5.970985262081962,8.808333837906009,10.239330886342135,7.380065108113884,6.464955374942661,11.015464810892002,11.655342637606154,9.236627577205871,10.207135984202425,11.280486204060534,10.214187437089647,9.66699705182535,10.398449884477973,11.269343192928327,12.249973061194869,13.316117752558362,10.973434512494254,13.305159638275672,10.982618312588306,12.309941510827743,12.892307318707541,14.427254347241544,13.667699769895446,14.844301297130828,15.040955288810615,16.817887620031236,16.425821653725574,17.41708589288116
27.5922679749237,45.4130083566372,42.74939157461776,40.11799177426507,24.87171252648277,19.662043840862527,32.0373849276123,17.481796503792168,23.874252239599045,30.544269315208705,17.613384115495805,27.549711885970783,24.658141393868274,21.767748643348487,15.993050522023621,43.44,43.43,41.992,37.648,33.304,20.272,18.8790745800741,29.280879921887593,35.22676823099161,25.64877153003629,20.71463955756894,26.602537942835454,23.3205653447767,27.823414905435314,29.278006369969933,24.608884107167476,31.685398040737947,34.72823728610481,32.73929457089752,37.801345703559285,41.895570935362606,45.98013940822712,36.86949660627332,51.2538356125666,44.012953195621854,17.426181480749015,14.435239104358471,12.416326711229857,15.639256376183619,12.435856263241385,11.66028267238835,13.730307826119558,9.153538550746372,11.673283042914706,8.806692057747902,11.584,7.24,15.993050522023621,11.673283042914706,10.237918587291071,16.18663362160273,16.188417093712406,15.111542906004006,8.432433160126442,16.93885710430311,12.938807982190632,17.481796503792168,12.435856263241385,11.286867102965287,18.853348588513395,17.64703853341971,15.36022867668317,18.508516526183293,14.435239104358471,19.43875924538395,17.389192534445066,16.46005640938086,21.469154641019287,18.075827643568633,21.65285865653771,20.81351291829421,20.043746156844033,24.589153564122533,25.9920055594023,31.91342377433045,22.37756664608554,18.23624215676026,10.406756459147106,9.11812107838013,8.413225362487326,6.450621055371335,5.943096835825578,7.2274195256675124,4.559060539190065,4.576769275373186,5.968563059899761,6.469403991095316,5.213085458727874,3.2253105276856675,8.171349949671718,6.450621055371335,10.214187437089647,9.244419343582376,10.406756459147106,9.675931583057004,9.11812107838013,10.415066010352502,10.982618312588306,12.90124211074267,12.319298681337342,11.886193671651156,14.853032047363259,14.203599015742453,13.288407617167678,16.12655263842834,15.050529425903928,16.87606189251509,17.829290507476735,20.988986159412274,20.380802045061916,23.772387343302313,23.237167469379738,24.879174926030004,24.667586525641294,26.929490229114997,14.698126275141332,10.494493079706137,8.413225362487326,6.450621055371335,2.882,1.441,3.234701995547658,1.431,0.0,1.448,2.896,4.344,4.576769275373186,4.5799276195153995,5.213085458727874,4.559060539190065,4.559060539190065,5.764,6.450621055371335,7.217619552179236,7.225608071297529,7.349063137570666,7.205,7.765232836174328,7.774512267660268,8.766414318294567,8.646,8.766414318294567,9.11812107838013,8.776277115041434,10.190401022530958,10.494493079706137,11.528,14.41,15.917000502607268,17.352520508560133,18.733,20.174,24.539757802390795,26.0991697185945,24.52340272066664,21.43380218253402,20.64961580756407,21.29938461552352,20.043746156844033,18.075827643568633,16.46005640938086,14.299862411925508,11.286867102965287,9.254258263091646,11.66028267238835,9.704105986642974,6.469403991095316,9.153538550746372,10.537761621900545,7.24,5.968563059899761,10.537761621900545,11.019384057196662,8.171349949671718,9.254258263091646,10.426170917455748,9.260490051827713,8.413225362487326,9.244419343582376,10.214187437089647,11.286867102965287,12.435856263241385,9.675931583057004,12.257024924507578,9.684868197347862,10.982618312588306,11.63163071112559,13.312734993231107,12.319298681337342,13.612949129413508,13.677181617570193,15.610134688720658,15.050529425903928,16.12655263842834
28.599724823851016,46.755180076650326,44.07753622878665,41.42927911513788,26.065427293639363,20.852341834911496,33.41485156333932,18.810566206257587,25.281834427113868,31.986101044047242,19.04334266876485,28.99582868276056,26.103803879894592,23.21277029998789,17.435649027208594,44.888,44.878,43.44,39.096,34.752,21.72,20.323150961403595,30.713755761873212,36.65601855084646,27.041525863012982,22.038768114393324,27.947802507531787,24.589696704107595,29.112317959928923,30.50551256740329,25.733406012418957,32.75905494668611,35.769192121153644,33.71734320791008,38.81391226094066,42.95808580465382,47.03953983618462,37.62938729238094,52.366729752773374,44.97893854905872,18.075827643568633,15.350351136048975,13.312734993231107,16.864866320252883,13.64188700290396,12.938807982190632,15.111542906004006,10.537761621900545,13.11142650515191,10.237918587291071,13.032,8.688,17.435649027208594,13.11142650515191,11.673283042914706,17.613384115495805,17.615023133677685,16.50422712519432,9.704105986642974,18.307077101492744,14.249797191539253,18.810566206257587,13.64188700290396,12.435856263241385,20.091613797801312,18.853348588513395,16.479702454838193,19.662043840862527,15.350351136048975,20.540110637481973,18.385537386761367,17.389192534445066,22.471212361597228,18.81469364619047,22.554016582418306,21.65285865653771,20.81351291829421,25.550942546215392,26.511158122571707,32.40242548020132,22.795302695950323,18.746489378014218,11.277008291209153,9.675931583057004,9.244419343582376,7.217619552179236,6.450621055371335,8.432433160126442,5.203378229573553,5.968563059899761,7.382010633966874,7.792530012775055,6.469403991095316,4.085674974835859,9.254258263091646,7.217619552179236,11.286867102965287,10.214187437089647,11.277008291209153,10.406756459147106,9.675931583057004,11.284677044559139,11.63163071112559,13.612949129413508,12.90124211074267,12.319298681337342,15.610134688720658,14.853032047363259,13.677181617570193,16.826450724974652,15.530465672348656,17.426181480749015,18.23624215676026,21.43380218253402,20.636390478957313,24.166024414454274,23.461659617341653,25.17241094929129,24.879174926030004,27.354363235140386,14.482568971007872,10.190401022530958,7.765232836174328,5.943096835825578,3.2253105276856675,2.0428374874179296,2.0428374874179296,2.0357959131504315,1.448,0.0,1.448,2.896,3.234701995547658,3.2391691836024865,4.085674974835859,5.203378229573553,4.323,5.943096835825578,5.943096835825578,6.450621055371335,6.459558189226257,7.765232836174328,7.349063137570666,7.349063137570666,7.358867372089268,9.11812107838013,8.766414318294567,8.646,8.766414318294567,8.656,10.494493079706137,10.190401022530958,11.618583734689869,14.482568971007872,16.11338006130309,17.532828636589134,18.788879503578706,20.22589874393719,24.667586525641294,25.978386170045283,23.8735569406823,20.988986159412274,20.083398342909998,20.64961580756407,19.351863166114008,17.426181480749015,15.610134688720658,13.312734993231107,10.214187437089647,8.171349949671718,10.426170917455748,8.432433160126442,5.213085458727874,7.792530012775055,9.153538550746372,5.792,4.576769275373186,9.153538550746372,9.704105986642974,7.217619552179236,8.171349949671718,9.254258263091646,8.178406935338936,7.765232836174328,8.413225362487326,9.244419343582376,10.214187437089647,11.286867102965287,9.11812107838013,11.277008291209153,9.12760384766999,10.494493079706137,10.982618312588306,12.416326711229857,11.886193671651156,12.90124211074267,13.288407617167678,14.853032047363259,14.698126275141332,15.530465672348656
29.64369538367307,48.10349060099485,45.4130083566372,42.74939157461776,27.28377400580792,22.073462800385446,34.798045706619796,20.155768429906114,26.693740689532444,33.4284660132648,20.475837174582143,30.442124515217397,27.549711885970783,24.658141393868274,18.8790745800741,46.336,46.326,44.888,40.544,36.2,23.168,21.767748643348487,32.14798695097409,38.0866853375297,28.439799032341984,23.377590038325163,29.302861856822105,25.877615964381263,30.415540517965486,31.751603817760138,26.888893636592783,33.86060130889586,36.83765943976354,34.72823728610481,39.85337176450695,44.042579579311656,48.119193717268374,38.42883297733617,53.49566817042292,45.970242385699905,18.81469364619047,16.342699899343437,14.299862411925508,18.123313714660462,14.891106372597035,14.249797191539253,16.50422712519432,11.937126119799522,14.5515250403523,11.673283042914706,14.48,10.136,18.8790745800741,14.5515250403523,13.11142650515191,19.04334266876485,19.044858623786105,17.905689179699284,11.019384057196662,19.686713082685998,15.58506002555011,20.155768429906114,14.891106372597035,13.64188700290396,21.35627647788818,20.091613797801312,17.64703853341971,20.852341834911496,16.342699899343437,21.682258577002536,19.43875924538395,18.385537386761367,23.51976991809231,19.632708855377036,23.509879795524263,22.554016582418306,21.65285865653771,26.556887336433086,27.0978239901288,32.947854937764916,23.29569850852298,19.351863166114008,12.257024924507578,10.406756459147106,10.214187437089647,8.171349949671718,7.217619552179236,9.704105986642974,6.128512462253789,7.382010633966874,8.806692057747902,9.153538550746372,7.792530012775055,5.213085458727874,10.426170917455748,8.171349949671718,12.435856263241385,11.286867102965287,12.257024924507578,11.277008291209153,10.406756459147106,12.264080886882637,12.416326711229857,14.435239104358471,13.612949129413508,12.90124211074267,16.46005640938086,15.610134688720658,14.203599015742453,17.617792029650026,16.12655263842834,18.075827643568633,18.746489378014218,21.965236625176612,20.988986159412274,24.638597362674684,23.772387343302313,25.544482946421134,25.17241094929129,27.848129919260288,14.41,10.087,7.349063137570666,5.764,4.085674974835859,3.234701995547658,1.441,3.2302595870920343,2.896,1.448,0.0,1.448,2.0428374874179296,2.049903656272655,3.2253105276856675,6.128512462253789,4.559060539190065,6.450621055371335,5.764,5.943096835825578,5.952795981721531,8.413225362487326,7.765232836174328,7.205,7.215,9.675931583057004,9.11812107838013,8.766414318294567,8.646,8.776277115041434,10.982618312588306,10.087,11.886193671651156,14.698126275141332,16.435465828506352,17.829290507476735,18.95552966814697,20.380802045061916,24.879174926030004,25.938,23.29569850852298,20.636390478957313,19.607971669706178,20.083398342909998,18.746489378014218,16.87606189251509,14.853032047363259,12.416326711229857,9.244419343582376,7.217619552179236,9.254258263091646,7.2274195256675124,4.085674974835859,6.469403991095316,7.792530012775055,4.344,3.234701995547658,7.792530012775055,8.432433160126442,6.450621055371335,7.217619552179236,8.171349949671718,7.225608071297529,7.349063137570666,7.765232836174328,8.413225362487326,9.244419343582376,10.214187437089647,8.766414318294567,10.406756459147106,8.776277115041434,10.190401022530958,10.494493079706137,11.63163071112559,11.618583734689869,12.319298681337342,13.04958485929725,14.203599015742453,14.482568971007872,15.050529425903928
30.72045735336634,49.45743786327795,46.755180076650326,44.07753622878665,28.52359647730279,23.3205653447767,36.18631057458055,21.51432102112451,28.109319451029048,34.87129805441719,21.910370238770497,31.88857502303921,28.99582868276056,26.103803879894592,20.323150961403595,47.784,47.774,46.336,41.992,37.648,24.616,23.21277029998789,33.583399842779464,39.518614753050244,29.842815299498806,24.728718931638976,30.6664176094959,27.181652635555476,31.731318299118932,33.014175758301164,28.071523382246287,34.987403004510064,37.93131435898313,35.769192121153644,40.91767472621092,45.14746841186115,49.21776821433495,39.26541771075407,54.639656377030775,46.98526221061238,19.632708855377036,17.399074917937448,15.36022867668317,19.408211973285947,16.173509977738288,15.58506002555011,17.905689179699284,13.346870344766222,15.993050522023621,13.11142650515191,15.928,11.584,20.323150961403595,15.993050522023621,14.5515250403523,20.475837174582143,20.477247080601437,19.314018354552736,12.364359465819488,21.07552324380109,16.93885710430311,21.51432102112451,16.173509977738288,14.891106372597035,22.642913968833604,21.35627647788818,18.853348588513395,22.073462800385446,17.399074917937448,22.85908871761952,20.540110637481973,19.43875924538395,24.608884107167476,20.5204099617917,24.514049849015155,23.509879795524263,22.554016582418306,27.602160658180367,27.747721221750805,33.54695993678116,23.8735569406823,20.043746156844033,13.322605300766064,11.277008291209153,11.286867102965287,9.254258263091646,8.171349949671718,11.019384057196662,7.2274195256675124,8.806692057747902,10.237918587291071,10.537761621900545,9.153538550746372,6.469403991095316,11.66028267238835,9.254258263091646,13.64188700290396,12.435856263241385,13.322605300766064,12.257024924507578,11.277008291209153,13.329097193733714,13.312734993231107,15.350351136048975,14.435239104358471,13.612949129413508,17.389192534445066,16.46005640938086,14.853032047363259,18.48883868716475,16.826450724974652,18.81469364619047,19.351863166114008,22.577173693799672,21.43380218253402,25.18566322334991,24.166024414454274,25.9920055594023,25.544482946421134,28.407198031484906,14.482568971007872,10.190401022530958,7.205,5.943096835825578,5.213085458727874,4.576769275373186,2.0428374874179296,4.57363061473049,4.344,2.896,1.448,0.0,1.441,1.451,2.882,7.2274195256675124,5.203378229573553,7.217619552179236,5.943096835825578,5.764,5.774,9.244419343582376,8.413225362487326,7.349063137570666,7.358867372089268,10.406756459147106,9.675931583057004,9.11812107838013,8.766414318294567,9.12760384766999,11.63163071112559,10.190401022530958,12.319298681337342,15.050529425903928,16.87606189251509,18.23624215676026,19.230070852703587,20.636390478957313,25.17241094929129,25.978386170045283,22.795302695950323,20.380802045061916,19.230070852703587,19.607971669706178,18.23624215676026,16.435465828506352,14.203599015742453,11.63163071112559,8.413225362487326,6.450621055371335,8.171349949671718,6.128512462253789,3.2253105276856675,5.213085458727874,6.469403991095316,2.896,2.0428374874179296,6.469403991095316,7.2274195256675124,5.943096835825578,6.450621055371335,7.217619552179236,6.459558189226257,7.205,7.349063137570666,7.765232836174328,8.413225362487326,9.244419343582376,8.646,9.675931583057004,8.656,10.087,10.190401022530958,10.982618312588306,11.528,11.886193671651156,12.969,13.677181617570193,14.41,14.698126275141332
31.685398040737947,49.97949764653502,47.30707017983676,44.66252595857068,29.278006369969933,24.06551360349494,36.61415420298549,22.038768114393324,28.439799032341984,35.01984912874411,22.14603190190062,31.986101044047242,29.1030500807046,26.22285301030382,20.475837174582143,47.80572284779303,47.79572739272832,46.35840136372263,42.016717446749695,37.67556748079583,24.658141393868274,23.168,33.4284660132648,39.33427951545573,29.528042535867495,24.26248645543156,30.223085812008012,26.602537942835454,31.17012005110022,32.347019955476576,27.28377400580792,34.115984816505005,37.017033052366585,34.798149835874895,39.967815902298184,44.24150929839532,48.30217412291087,38.11147261652323,53.77778727318557,45.98013940822712,20.81351291829421,18.385537386761367,16.342699899343437,20.091613797801312,16.864866320252883,16.173509977738288,18.307077101492744,13.730307826119558,16.18663362160273,13.346870344766222,15.993050522023621,11.673283042914706,20.272,15.928,14.48,20.323150961403595,20.323862452791793,19.04334266876485,11.937126119799522,20.72781495961405,16.50422712519432,21.07552324380109,15.58506002555011,14.249797191539253,22.038768114393324,20.71463955756894,18.123313714660462,21.35627647788818,16.479702454838193,22.073462800385446,19.662043840862527,18.508516526183293,23.70635096340219,19.428873461938032,23.51976991809231,22.471212361597228,21.469154641019287,26.645210601532128,26.484186980158555,32.25310527685668,25.18566322334991,21.29938461552352,14.299862411925508,12.416326711229857,12.257024924507578,10.214187437089647,9.244419343582376,11.66028267238835,8.171349949671718,9.153538550746372,10.136,10.237918587291071,8.806692057747902,5.968563059899761,11.019384057196662,8.432433160126442,12.938807982190632,11.66028267238835,12.435856263241385,11.286867102965287,10.214187437089647,12.441652663533088,12.257024924507578,14.299862411925508,13.312734993231107,12.416326711229857,16.342699899343437,15.350351136048975,13.612949129413508,17.389192534445066,15.610134688720658,17.617792029650026,18.075827643568633,21.29938461552352,20.083398342909998,23.8735569406823,22.795302695950323,24.638597362674684,24.166024414454274,27.0978239901288,15.917000502607268,11.618583734689869,8.646,7.349063137570666,6.128512462253789,5.213085458727874,3.2253105276856675,5.207563729806866,4.576769275373186,3.234701995547658,2.0428374874179296,1.441,0.0,0.01,1.441,6.469403991095316,4.085674974835859,6.128512462253789,4.559060539190065,4.323,4.333,8.171349949671718,7.217619552179236,5.943096835825578,5.952795981721531,9.244419343582376,8.413225362487326,7.765232836174328,7.349063137570666,7.774512267660268,10.406756459147106,8.766414318294567,10.982618312588306,13.677181617570193,15.530465672348656,16.87606189251509,17.829290507476735,19.230070852703587,23.772387343302313,24.539757802390795,24.166024414454274,21.808141621880576,20.636390478957313,20.988986159412274,19.607971669706178,17.829290507476735,15.530465672348656,12.90124211074267,9.675931583057004,7.765232836174328,9.244419343582376,7.217619552179236,4.559060539190065,6.128512462253789,7.2274195256675124,3.234701995547658,1.448,5.968563059899761,6.469403991095316,4.559060539190065,5.203378229573553,6.128512462253789,5.211689265487727,5.764,5.943096835825578,6.450621055371335,7.217619552179236,8.171349949671718,7.205,8.413225362487326,7.215,8.646,8.766414318294567,9.675931583057004,10.087,10.494493079706137,11.528,12.319298681337342,12.969,13.288407617167678
31.692220638510015,49.98324664325038,47.31103094416777,44.66672122509106,29.28342153847463,24.070904116796278,36.61730394226205,22.042693120397065,28.442334099015152,35.021084977481785,22.147986116123516,31.9870036108417,29.10404205604438,26.223953935285962,20.477247080601437,47.8060253210827,47.79602992927341,46.35871328024538,42.01706159407152,37.675951281951725,24.65872780578917,23.16800215814907,33.42760535844589,39.33318172993382,29.526092122053672,24.259518729768732,30.220226604047824,26.598747808872506,31.166423022220563,32.34256637930886,27.278493800061618,34.110072412705314,37.01080539518155,34.791525002506,39.96132690489644,44.23532146373529,48.295909816463755,38.10353297267853,53.77189288094664,45.97324526287001,20.821821726256328,18.39259266661446,16.349755349851566,20.09663616130819,16.869995139299835,16.177967270334058,18.31022807067132,13.733459615115194,16.188417093712406,13.349033223421086,15.99395463917539,11.674521703264764,20.272002466456044,15.928003139125758,14.480003453038261,20.32244436577451,20.323150961403595,19.041831844651924,11.93471574860499,20.725731663803813,16.501610618360864,21.072790512886517,15.581364381850518,14.245755157238946,22.03484694750567,20.710467691483938,18.118545195462026,21.351555095589642,16.47358348993928,22.068241887381966,19.656182437085793,18.502289696143016,23.700273753693224,19.421457823757724,23.513031642049054,22.464159565850668,21.461772550281115,26.638721966340654,26.475481865303227,32.244170015678804,25.194817959255033,21.308180236707216,14.306918081823213,12.424452060352602,12.264080886882637,10.221243808852229,9.252215356334935,11.665229187632791,8.178406935338936,9.156691979093761,10.136004932911192,10.236515862343007,8.805061328576878,5.966156635556931,11.015464810892002,8.427310899687988,12.934356265388704,11.655342637606154,12.430065204977808,11.280486204060534,10.207135984202425,12.435856263241385,12.249973061194869,14.292810255509586,13.305159638275672,12.408204100513498,16.335647523131733,15.342842631012024,13.604481761537262,17.381735730357885,15.601827617301762,17.609613737955755,18.067059113203786,21.290590057581777,20.07407106194456,23.864503367973114,22.78582070060238,24.629239939551525,24.156483932890566,27.08878411815488,15.926959063173358,11.62850583695085,8.656,7.358867372089268,6.135570470624553,5.218620507375488,3.2342492173609627,5.213085458727874,4.5799276195153995,3.2391691836024865,2.049903656272655,1.451,0.01,0.0,1.431,6.464955374942661,4.078627220033721,6.121462652013815,4.549579431112287,4.313,4.323,8.16429911259993,7.20963605184062,5.933398688778633,5.943096835825578,9.236627577205871,8.404663050949752,7.755955195847898,7.339259431305042,7.765232836174328,10.398449884477973,8.756551832770706,10.973434512494254,13.667699769895446,15.521187583429304,16.86666964756232,17.819592026755274,19.2203294716818,23.7626888209226,24.529775233377087,24.175565267434802,21.81805309829454,20.646166520688535,20.998598048441234,19.61752565947092,17.838989321147093,15.539744656846842,12.910178465071658,9.684868197347862,7.774512267660268,9.252215356334935,7.225608071297529,4.568543859918607,6.135570470624553,7.233405352944075,3.2391691836024865,1.448034529975028,5.966156635556931,6.464955374942661,4.549579431112287,5.195073146742017,6.121462652013815,5.203378229573553,5.754,5.933398688778633,6.441687046108341,7.20963605184062,8.16429911259993,7.195,8.404663050949752,7.205,8.636,8.756551832770706,9.66699705182535,10.077,10.484881735146086,11.518,12.309941510827743,12.959,13.278648161616452
32.68539979868687,50.53726518125016,47.89596930849192,45.28582793766721,30.082565050208068,24.87171252648277,37.09307839745847,22.642913968833604,28.838575901039217,35.22676823099161,22.471806691941794,32.14798695097409,29.280879921887593,26.42007617324371,20.72781495961405,47.87083224678677,47.86085038943625,46.42554059997578,42.09078269645268,37.7581491601482,24.784135651662336,23.21277029998789,33.33516007161207,39.202080812120165,29.280879921887593,23.874252239599045,29.842815299498806,26.090242850537056,30.6664176094959,31.731318299118932,26.550916839160188,33.284161894210285,36.13709762833756,33.86060130889586,39.04804057824157,43.36451715400507,47.41270192680438,36.9776773743295,52.941115600259124,44.99871705948959,22.025311462042936,19.428873461938032,17.389192534445066,20.852341834911496,17.64703853341971,16.864866320252883,18.810566206257587,14.249797191539253,16.50422712519432,13.730307826119558,16.18663362160273,11.937126119799522,20.323150961403595,15.993050522023621,14.5515250403523,20.272,20.272002466456044,18.8790745800741,11.673283042914706,20.475837174582143,16.18663362160273,20.72781495961405,15.111542906004006,13.730307826119558,21.51432102112451,20.155768429906114,17.481796503792168,20.71463955756894,15.639256376183619,21.35627647788818,18.853348588513395,17.64703853341971,22.85908871761952,18.385537386761367,22.573734205930574,21.47904290232691,20.428374874179294,25.733406012418957,25.23967608746198,30.972246302133144,26.511158122571707,22.577173693799672,15.350351136048975,13.612949129413508,13.312734993231107,11.277008291209153,10.406756459147106,12.435856263241385,9.244419343582376,9.704105986642974,10.237918587291071,10.136,8.688,5.792,10.537761621900545,7.792530012775055,12.364359465819488,11.019384057196662,11.66028267238835,10.426170917455748,9.254258263091646,11.665229187632791,11.286867102965287,13.322605300766064,12.257024924507578,11.277008291209153,15.36022867668317,14.299862411925508,12.416326711229857,16.342699899343437,14.435239104358471,16.46005640938086,16.826450724974652,20.043746156844033,18.746489378014218,22.577173693799672,21.43380218253402,23.29569850852298,22.795302695950323,25.80248422148534,17.352520508560133,13.04958485929725,10.087,8.766414318294567,7.217619552179236,6.128512462253789,4.559060539190065,6.121462652013815,5.213085458727874,4.085674974835859,3.2253105276856675,2.882,1.441,1.431,0.0,5.968563059899761,3.234701995547658,5.213085458727874,3.2253105276856675,2.882,2.892,7.2274195256675124,6.128512462253789,4.559060539190065,4.568543859918607,8.171349949671718,7.217619552179236,6.450621055371335,5.943096835825578,6.459558189226257,9.244419343582376,7.349063137570666,9.675931583057004,12.319298681337342,14.203599015742453,15.530465672348656,16.435465828506352,17.829290507476735,22.37756664608554,23.10142506426822,25.544482946421134,23.237167469379738,22.047189412712,22.37756664608554,20.988986159412274,19.230070852703587,16.87606189251509,14.203599015742453,10.982618312588306,9.11812107838013,10.406756459147106,8.413225362487326,5.943096835825578,7.217619552179236,8.171349949671718,4.085674974835859,2.0428374874179296,5.792,5.968563059899761,3.2253105276856675,4.085674974835859,5.213085458727874,4.092735026849405,4.323,4.559060539190065,5.203378229573553,6.128512462253789,7.2274195256675124,5.764,7.217619552179236,5.774,7.205,7.349063137570666,8.413225362487326,8.646,9.11812107838013,10.087,10.982618312588306,11.528,11.886193671651156
30.033787390204388,45.94588296028274,43.41175104738347,40.925661008711884,26.556887336433086,21.469154641019287,32.347019955476576,18.508516526183293,23.94798465424596,29.842815299498806,17.481796503792168,26.693740689532444,23.874252239599045,21.07552324380109,15.58506002555011,42.2139360045945,42.203988591127256,40.77381837650234,36.45721230428898,32.14798695097409,19.314018354552736,17.613384115495805,27.512,33.33516007161207,23.346566085829412,17.905689179699284,23.874252239599045,20.155768429906114,24.728718931638976,25.877615964381263,20.852341834911496,27.762774789274935,30.72045735336634,28.599724823851016,33.72723813181269,37.93131435898313,42.00493276985455,32.42738066819459,47.41270192680438,39.84347555121165,20.988986159412274,17.426181480749015,15.530465672348656,17.389192534445066,14.435239104358471,13.312734993231107,14.454839051335025,10.214187437089647,11.66028267238835,9.254258263091646,11.019384057196662,7.2274195256675124,14.764021267933748,10.537761621900545,9.153538550746372,14.5515250403523,14.550538168741388,13.032,5.792,14.5515250403523,10.237918587291071,14.764021267933748,9.153538550746372,7.792530012775055,15.58506002555011,14.249797191539253,11.66028267238835,14.891106372597035,10.214187437089647,15.639256376183619,13.322605300766064,12.257024924507578,17.399074917937448,13.612949129413508,17.389192534445066,16.46005640938086,15.610134688720658,20.428374874179294,21.43380218253402,27.354363235140386,26.299242954883702,22.047189412712,13.677181617570193,13.04958485929725,11.886193671651156,10.190401022530958,10.087,9.675931583057004,8.646,6.450621055371335,5.213085458727874,4.576769275373186,3.234701995547658,1.441,4.576769275373186,2.0428374874179296,6.469403991095316,5.213085458727874,6.128512462253789,5.203378229573553,4.559060539190065,6.135570470624553,6.450621055371335,8.413225362487326,7.765232836174328,7.349063137570666,10.406756459147106,9.675931583057004,8.766414318294567,11.63163071112559,10.494493079706137,12.319298681337342,13.288407617167678,16.435465828506352,15.917000502607268,19.230070852703587,18.788879503578706,20.380802045061916,20.22589874393719,22.37756664608554,19.230070852703587,15.050529425903928,12.90124211074267,10.982618312588306,7.349063137570666,5.943096835825578,7.217619552179236,5.933398688778633,4.559060539190065,5.203378229573553,6.128512462253789,7.2274195256675124,6.469403991095316,6.464955374942661,5.968563059899761,0.0,2.896,2.0428374874179296,4.576769275373186,5.968563059899761,5.970985262081962,2.882,3.2253105276856675,5.213085458727874,5.218620507375488,4.323,4.559060539190065,5.203378229573553,6.128512462253789,5.211689265487727,5.764,7.217619552179236,7.349063137570666,10.190401022530958,11.528,12.969,14.482568971007872,15.917000502607268,20.174,22.047189412712,29.027794749171008,25.9920055594023,25.18566322334991,25.80248422148534,24.52340272066664,22.577173693799672,20.81351291829421,18.48883868716475,15.350351136048975,13.312734993231107,15.36022867668317,13.322605300766064,10.214187437089647,12.435856263241385,13.64188700290396,9.704105986642974,7.792530012775055,11.673283042914706,11.584,7.382010633966874,8.806692057747902,10.237918587291071,8.808333837906009,6.469403991095316,7.792530012775055,9.153538550746372,10.537761621900545,11.937126119799522,7.2274195256675124,11.019384057196662,7.233405352944075,8.171349949671718,9.254258263091646,11.66028267238835,9.244419343582376,11.286867102965287,10.406756459147106,13.322605300766064,11.63163071112559,13.312734993231107
31.797122401248828,48.520529933214874,45.94588296028274,43.41175104738347,28.682463091582633,23.51976991809231,34.963593007584336,20.852341834911496,26.602537942835454,32.66063013782802,20.155768429906114,29.528042535867495,26.693740689532444,23.874252239599045,18.307077101492744,45.09568574708672,45.0857318117384,43.6545751210569,39.33427951545573,35.01984912874411,22.14603190190062,20.475837174582143,30.408,36.22866932416922,26.22285301030382,20.72781495961405,26.693740689532444,22.883846376865932,27.460615652239117,28.499594383078506,23.3205653447767,30.082565050208068,32.95940490967639,30.72045735336634,35.89553286970399,40.18591475878084,44.24150929839532,34.067046026915804,49.74342505296554,41.895570935362606,21.965236625176612,18.81469364619047,16.826450724974652,19.43875924538395,16.342699899343437,15.36022867668317,16.864866320252883,12.435856263241385,14.249797191539253,11.66028267238835,13.730307826119558,9.704105986642974,17.613384115495805,13.346870344766222,11.937126119799522,17.435649027208594,17.43482540778657,15.928,8.688,17.435649027208594,13.11142650515191,17.613384115495805,11.937126119799522,10.537761621900545,18.307077101492744,16.93885710430311,14.249797191539253,17.481796503792168,12.435856263241385,18.123313714660462,15.639256376183619,14.454839051335025,19.662043840862527,15.350351136048975,19.43875924538395,18.385537386761367,17.389192534445066,22.573734205930574,22.577173693799672,28.407198031484906,26.929490229114997,22.795302695950323,14.853032047363259,13.677181617570193,12.90124211074267,10.982618312588306,10.494493079706137,11.277008291209153,9.11812107838013,8.171349949671718,7.792530012775055,7.382010633966874,5.968563059899761,3.234701995547658,7.382010633966874,4.576769275373186,9.153538550746372,7.792530012775055,8.432433160126442,7.2274195256675124,6.128512462253789,8.437564162719001,8.171349949671718,10.214187437089647,9.244419343582376,8.413225362487326,12.257024924507578,11.277008291209153,9.675931583057004,13.312734993231107,11.63163071112559,13.612949129413508,14.203599015742453,17.426181480749015,16.435465828506352,20.083398342909998,19.230070852703587,20.988986159412274,20.636390478957313,23.29569850852298,18.788879503578706,14.482568971007872,11.886193671651156,10.190401022530958,7.349063137570666,5.943096835825578,5.943096835825578,5.933398688778633,4.559060539190065,4.323,4.559060539190065,5.203378229573553,4.085674974835859,4.078627220033721,3.234701995547658,2.896,0.0,2.0428374874179296,2.0428374874179296,3.234701995547658,3.2391691836024865,4.085674974835859,3.2253105276856675,3.2253105276856675,3.2342492173609627,5.203378229573553,4.559060539190065,4.323,4.559060539190065,4.333,6.450621055371335,5.943096835825578,7.349063137570666,10.190401022530958,11.886193671651156,13.288407617167678,14.482568971007872,15.917000502607268,20.380802045061916,21.663446840242205,27.848129919260288,25.17241094929129,24.166024414454274,24.638597362674684,23.29569850852298,21.43380218253402,19.351863166114008,16.826450724974652,13.612949129413508,11.63163071112559,13.312734993231107,11.277008291209153,8.413225362487326,10.214187437089647,11.286867102965287,7.2274195256675124,5.213085458727874,8.806692057747902,8.688,4.576769275373186,5.968563059899761,7.382010633966874,5.970985262081962,4.085674974835859,5.213085458727874,6.469403991095316,7.792530012775055,9.153538550746372,5.203378229573553,8.432433160126442,5.211689265487727,6.450621055371335,7.217619552179236,9.254258263091646,7.765232836174328,9.244419343582376,9.11812107838013,11.277008291209153,10.494493079706137,11.63163071112559
32.04875691817079,47.90518969798575,45.388063981624065,42.91875040119411,28.599724823851016,23.509879795524263,34.291408034666645,20.540110637481973,25.877615964381263,31.613284865701633,19.408211973285947,28.439799032341984,25.64877153003629,22.883846376865932,17.481796503792168,43.820740477540994,43.810827383193754,42.38574949201677,38.0866853375297,33.79911407122974,21.07552324380109,19.314018354552736,28.99582868276056,34.752,24.658141393868274,19.04334266876485,24.992714638470147,21.07552324380109,25.64877153003629,26.602537942835454,21.35627647788818,28.071523382246287,30.93335974316401,28.682463091582633,33.86060130889586,38.16052410541553,42.2129868642341,32.04875691817079,47.72951766988643,39.85337176450695,22.795302695950323,19.351863166114008,17.426181480749015,19.428873461938032,16.46005640938086,15.350351136048975,16.479702454838193,12.257024924507578,13.64188700290396,11.286867102965287,12.938807982190632,9.254258263091646,16.50422712519432,12.364359465819488,11.019384057196662,16.18663362160273,16.18485613158177,14.5515250403523,7.382010633966874,15.928,11.584,15.993050522023621,10.237918587291071,8.806692057747902,16.50422712519432,15.111542906004006,12.364359465819488,15.58506002555011,10.426170917455748,16.173509977738288,13.64188700290396,12.435856263241385,17.64703853341971,13.312734993231107,17.399074917937448,16.342699899343437,15.350351136048975,20.540110637481973,20.64961580756407,26.511158122571707,27.98494068244562,23.772387343302313,15.530465672348656,14.698126275141332,13.677181617570193,11.886193671651156,11.618583734689869,11.63163071112559,10.190401022530958,8.413225362487326,7.2274195256675124,6.469403991095316,5.213085458727874,3.2253105276856675,5.792,2.896,7.382010633966874,5.968563059899761,6.469403991095316,5.213085458727874,4.085674974835859,6.4738649970477455,6.128512462253789,8.171349949671718,7.217619552179236,6.450621055371335,10.214187437089647,9.244419343582376,7.765232836174328,11.277008291209153,9.675931583057004,11.63163071112559,12.319298681337342,15.530465672348656,14.698126275141332,18.23624215676026,17.532828636589134,19.230070852703587,18.95552966814697,21.43380218253402,20.380802045061916,16.11338006130309,13.677181617570193,11.886193671651156,8.646,7.205,7.765232836174328,7.195,5.764,5.943096835825578,6.450621055371335,7.217619552179236,6.128512462253789,6.121462652013815,5.213085458727874,2.0428374874179296,2.0428374874179296,0.0,2.896,4.344,4.344011510113664,2.0428374874179296,1.441,3.234701995547658,3.2391691836024865,3.2253105276856675,2.882,3.2253105276856675,4.085674974835859,3.2342492173609627,4.559060539190065,5.203378229573553,5.764,8.646,10.190401022530958,11.618583734689869,12.969,14.41,18.788879503578706,20.380802045061916,29.728752025606457,26.929490229114997,25.9920055594023,26.511158122571707,25.18566322334991,23.29569850852298,21.29938461552352,18.81469364619047,15.610134688720658,13.612949129413508,15.350351136048975,13.312734993231107,10.406756459147106,12.257024924507578,13.322605300766064,9.254258263091646,7.2274195256675124,10.537761621900545,10.237918587291071,5.792,7.24,8.688,7.240006906074054,4.576769275373186,5.968563059899761,7.382010633966874,8.806692057747902,10.237918587291071,5.213085458727874,9.153538550746372,5.218620507375488,6.128512462253789,7.2274195256675124,9.704105986642974,7.217619552179236,9.254258263091646,8.413225362487326,11.286867102965287,9.675931583057004,11.277008291209153
33.831024873627456,50.462973356709774,47.90518969798575,45.388063981624065,30.72045735336634,25.560834102196274,36.88374461737853,22.85908871761952,28.499594383078506,34.40798936293721,22.038768114393324,31.249935823934102,28.439799032341984,25.64877153003629,20.155768429906114,46.693132171658824,46.6832086729265,45.25656018744686,40.951674349164286,36.65601855084646,23.874252239599045,22.14603190190062,31.88857502303921,37.648,27.549711885970783,21.910370238770497,27.849568632206854,23.874252239599045,28.439799032341984,29.302861856822105,23.94798465424596,30.50551256740329,33.284161894210285,30.93335974316401,36.13709762833756,40.505994025576015,44.53335653193008,33.831024873627456,50.12921009750702,42.00493276985455,23.8735569406823,20.81351291829421,18.81469364619047,21.47904290232691,18.385537386761367,17.399074917937448,18.853348588513395,14.454839051335025,16.173509977738288,13.64188700290396,15.58506002555011,11.66028267238835,19.314018354552736,15.111542906004006,13.730307826119558,19.04334266876485,19.041831844651924,17.435649027208594,10.237918587291071,18.824,14.48,18.8790745800741,13.11142650515191,11.673283042914706,19.314018354552736,17.905689179699284,15.111542906004006,18.307077101492744,12.938807982190632,18.810566206257587,16.173509977738288,14.891106372597035,20.091613797801312,15.36022867668317,19.662043840862527,18.508516526183293,17.399074917937448,22.85908871761952,22.025311462042936,27.747721221750805,28.72439703457672,24.638597362674684,16.826450724974652,15.530465672348656,14.853032047363259,12.90124211074267,12.319298681337342,13.312734993231107,10.982618312588306,10.214187437089647,9.704105986642974,9.153538550746372,7.792530012775055,5.213085458727874,8.688,5.792,10.237918587291071,8.806692057747902,9.153538550746372,7.792530012775055,6.469403991095316,9.156691979093761,8.432433160126442,10.426170917455748,9.254258263091646,8.171349949671718,12.435856263241385,11.286867102965287,9.244419343582376,13.322605300766064,11.277008291209153,13.312734993231107,13.612949129413508,16.826450724974652,15.530465672348656,19.351863166114008,18.23624215676026,20.083398342909998,19.607971669706178,22.577173693799672,20.174,15.851,13.04958485929725,11.528,9.11812107838013,7.765232836174328,7.205,7.755955195847898,6.450621055371335,5.943096835825578,5.764,5.943096835825578,4.559060539190065,4.549579431112287,3.2253105276856675,4.576769275373186,2.0428374874179296,2.896,0.0,1.448,1.448034529975028,4.576769275373186,3.234701995547658,1.441,1.451,5.213085458727874,4.085674974835859,3.2253105276856675,2.882,3.2342492173609627,6.128512462253789,4.323,6.450621055371335,9.11812107838013,10.982618312588306,12.319298681337342,13.288407617167678,14.698126275141332,19.230070852703587,20.174,28.72439703457672,26.299242954883702,25.17241094929129,25.544482946421134,24.166024414454274,22.37756664608554,20.083398342909998,17.426181480749015,14.203599015742453,12.319298681337342,13.612949129413508,11.63163071112559,9.11812107838013,10.406756459147106,11.277008291209153,7.217619552179236,5.203378229573553,7.792530012775055,7.382010633966874,2.896,4.344,5.792,4.344011510113664,2.0428374874179296,3.234701995547658,4.576769275373186,5.968563059899761,7.382010633966874,3.2253105276856675,6.469403991095316,3.2342492173609627,4.559060539190065,5.203378229573553,7.2274195256675124,5.943096835825578,7.217619552179236,7.349063137570666,9.244419343582376,8.766414318294567,9.675931583057004
34.77838506889013,51.75523192876253,49.17939340821519,46.6411306895534,31.82668270492544,26.645210601532128,38.196278679997086,24.06551360349494,29.82959818703564,35.81137835939857,23.377590038325163,32.66063013782802,29.842815299498806,27.041525863012982,21.51432102112451,48.130389069692754,48.12046105348535,46.693132171658824,42.38574949201677,38.0866853375297,25.281834427113868,23.567871202126,33.33516007161207,39.096,28.99582868276056,23.346566085829412,29.280879921887593,25.281834427113868,29.842815299498806,30.6664176094959,25.26863259062508,31.751603817760138,34.49067829138766,32.0976227312865,37.30756878972416,41.70468366982299,45.71817743523904,34.77838506889013,51.348254507821395,43.11340924816779,24.52340272066664,21.65285865653771,19.632708855377036,22.573734205930574,19.43875924538395,18.508516526183293,20.091613797801312,15.639256376183619,17.481796503792168,14.891106372597035,16.93885710430311,12.938807982190632,20.72781495961405,16.50422712519432,15.111542906004006,20.475837174582143,20.47443205561512,18.8790745800741,11.673283042914706,20.272,15.928,20.323150961403595,14.5515250403523,13.11142650515191,20.72781495961405,19.314018354552736,16.50422712519432,19.686713082685998,14.249797191539253,20.155768429906114,17.481796503792168,16.173509977738288,21.35627647788818,16.479702454838193,20.852341834911496,19.662043840862527,18.508516526183293,24.06551360349494,22.820129557038012,28.4565178649813,29.195001918136605,25.18566322334991,17.617792029650026,16.12655263842834,15.610134688720658,13.612949129413508,12.90124211074267,14.299862411925508,11.63163071112559,11.286867102965287,11.019384057196662,10.537761621900545,9.153538550746372,6.469403991095316,10.136,7.24,11.673283042914706,10.237918587291071,10.537761621900545,9.153538550746372,7.792530012775055,10.540500936862536,9.704105986642974,11.66028267238835,10.426170917455748,9.254258263091646,13.64188700290396,12.435856263241385,10.214187437089647,14.454839051335025,12.257024924507578,14.299862411925508,14.435239104358471,17.617792029650026,16.12655263842834,20.043746156844033,18.746489378014218,20.64961580756407,20.083398342909998,23.26326142225118,20.22589874393719,15.917000502607268,12.969,11.618583734689869,9.675931583057004,8.413225362487326,7.349063137570666,8.404663050949752,7.217619552179236,6.450621055371335,5.943096835825578,5.764,4.323,4.313,2.882,5.968563059899761,3.234701995547658,4.344,1.448,0.0,0.01,5.968563059899761,4.576769275373186,2.0428374874179296,2.049903656272655,6.469403991095316,5.213085458727874,4.085674974835859,3.2253105276856675,4.092735026849405,7.2274195256675124,4.559060539190065,7.217619552179236,9.675931583057004,11.63163071112559,12.90124211074267,13.677181617570193,15.050529425903928,19.607971669706178,20.22589874393719,28.320085469503795,26.0991697185945,24.879174926030004,25.17241094929129,23.772387343302313,22.047189412712,19.607971669706178,16.87606189251509,13.677181617570193,11.886193671651156,12.90124211074267,10.982618312588306,8.766414318294567,9.675931583057004,10.406756459147106,6.450621055371335,4.559060539190065,6.469403991095316,5.968563059899761,1.448,2.896,4.344,2.8960172651419054,1.441,2.0428374874179296,3.234701995547658,4.576769275373186,5.968563059899761,2.882,5.213085458727874,2.892,4.323,4.559060539190065,6.128512462253789,5.764,6.450621055371335,7.205,8.413225362487326,8.646,9.11812107838013
34.785843787379946,51.75968751837669,49.18408234378273,46.64607477591228,31.833022351011536,26.651701409103325,38.2004296441807,24.070904116796278,29.83346423062531,35.81379399058413,23.381290298013923,32.66283761402245,29.845231193609475,27.04419200124123,21.517672016275366,48.131587673792765,48.12165990487028,46.69436766891699,42.38711054082361,38.08820000997684,25.284116199701344,23.569707528944857,33.33559384501797,39.09600127890319,28.995333434882244,23.345333752165548,29.279405202291937,25.279556404335896,29.840402560957518,30.66312979785332,25.26464234854711,31.746612811448088,34.485247990988846,32.09178750085449,37.301775949678316,41.69915610656887,45.71250472244985,34.770927626395014,51.342923183239186,43.107059479857824,24.532217205136597,21.6608455051967,19.640783512884614,22.58011904308744,19.445432394266785,18.51474666313315,20.09663616130819,15.644786991199336,17.48592030749311,14.895947401894247,16.942262540758836,12.94326589389247,20.729902870008825,16.50684927537657,15.114406670458488,20.477247080601437,20.475837174582143,18.87984049191094,11.674521703264764,20.272002466456044,15.928003139125758,20.32244436577451,14.550538168741388,13.110331231513564,20.725731663803813,19.311782543307597,16.501610618360864,19.683787542035706,14.245755157238946,20.152195934934735,17.477677448677213,16.16905764106245,21.351555095589642,16.47358348993928,20.846815104470995,19.656182437085793,18.502289696143016,24.060126038738865,22.81192129128978,28.44790974746651,29.204380099567256,25.194817959255033,17.625972200136935,16.13548883672261,15.61844374449644,13.621418575170503,12.910178465071658,14.306918081823213,11.64030381905902,11.293253251388636,11.02331098173321,10.540500936862536,9.156691979093761,6.4738649970477455,10.136004932911192,7.240006906074054,11.672052818591938,10.236515862343007,10.53503108680748,9.150394964153188,7.788837140420898,10.537761621900545,9.699655303153818,11.655342637606154,10.420645853304872,9.248033088176102,13.636608119323515,12.430065204977808,10.207135984202425,14.448859885817981,12.249973061194869,14.292810255509586,14.427254347241544,17.609613737955755,16.11761768996895,20.035119665227857,18.7372656489681,20.64054439689031,20.07407106194456,23.254589912531245,20.235873097052174,15.926959063173358,12.979,11.62850583695085,9.684868197347862,8.421790842807722,7.358867372089268,8.413225362487326,7.225608071297529,6.459558189226257,5.952795981721531,5.774,4.333,4.323,2.892,5.970985262081962,3.2391691836024865,4.344011510113664,1.448034529975028,0.01,0.0,5.966156635556931,4.57363061473049,2.0357959131504315,2.0428374874179296,6.464955374942661,5.207563729806866,4.078627220033721,3.2163780872279304,4.085674974835859,7.221442584414834,4.549579431112287,7.20963605184062,9.66699705182535,11.62295973493843,12.892307318707541,13.667699769895446,15.040955288810615,19.598418124940597,20.21592441616262,28.329753281664846,26.10910798935881,24.889021374895396,25.182142740442085,23.78208611539366,22.05699347145934,19.61752565947092,16.885454835449355,13.68666420279244,11.895892568445632,12.910178465071658,10.991803537181694,8.776277115041434,9.684868197347862,10.415066010352502,6.459558189226257,4.568543859918607,6.4738649970477455,5.970985262081962,1.448034529975028,2.8960172651419054,4.344011510113664,2.896,1.431,2.0357959131504315,3.2302595870920343,4.57363061473049,5.966156635556931,2.872,5.207563729806866,2.882,4.313,4.549579431112287,6.121462652013815,5.754,6.441687046108341,7.195,8.404663050949752,8.636,9.10863941541216
32.42738066819459,47.37002158538668,44.9163101000071,42.51828445504358,28.66271447368515,23.676902014410587,33.729732640505766,20.428374874179294,25.297299480379323,30.6664176094959,18.853348588513395,27.460615652239117,24.728718931638976,22.038768114393324,16.864866320252883,42.60563447479688,42.59577853496752,41.17921758605911,36.91005316983437,32.66063013782802,20.155768429906114,18.307077101492744,27.662539073628075,33.33516007161207,23.168,17.435649027208594,23.346566085829412,19.314018354552736,23.874252239599045,24.728718931638976,19.408211973285947,26.065427293639363,28.90967810267005,26.645210601532128,31.82668270492544,36.13709762833756,40.18591475878084,30.033787390204388,45.71817743523904,37.811241555918265,23.772387343302313,20.083398342909998,18.23624215676026,19.632708855377036,16.826450724974652,15.610134688720658,16.342699899343437,12.416326711229857,13.322605300766064,11.277008291209153,12.435856263241385,9.244419343582376,15.58506002555011,11.66028267238835,10.426170917455748,15.111542906004006,15.10868521745026,13.346870344766222,6.469403991095316,14.5515250403523,10.237918587291071,14.48,8.688,7.24,14.764021267933748,13.346870344766222,10.537761621900545,13.730307826119558,8.432433160126442,14.249797191539253,11.66028267238835,10.426170917455748,15.639256376183619,11.277008291209153,15.36022867668317,14.299862411925508,13.312734993231107,18.508516526183293,18.746489378014218,24.638597362674684,29.145544016195682,24.879174926030004,16.435465828506352,15.917000502607268,14.698126275141332,13.04958485929725,12.969,12.319298681337342,11.528,9.11812107838013,7.217619552179236,6.128512462253789,5.203378229573553,4.323,4.576769275373186,2.0428374874179296,5.792,4.344,4.576769275373186,3.234701995547658,2.0428374874179296,4.5799276195153995,4.085674974835859,6.128512462253789,5.203378229573553,4.559060539190065,8.171349949671718,7.217619552179236,5.943096835825578,9.244419343582376,7.765232836174328,9.675931583057004,10.494493079706137,13.677181617570193,13.04958485929725,16.435465828506352,15.917000502607268,17.532828636589134,17.352520508560133,19.607971669706178,22.047189412712,17.829290507476735,15.530465672348656,13.677181617570193,10.190401022530958,8.766414318294567,9.675931583057004,8.756551832770706,7.349063137570666,7.765232836174328,8.413225362487326,9.244419343582376,8.171349949671718,8.16429911259993,7.2274195256675124,2.882,4.085674974835859,2.0428374874179296,4.576769275373186,5.968563059899761,5.966156635556931,0.0,1.448,4.344,4.344011510113664,1.441,2.0428374874179296,3.234701995547658,4.576769275373186,3.2391691836024865,2.882,5.213085458727874,4.559060539190065,7.349063137570666,8.646,10.087,11.618583734689869,13.04958485929725,17.292,19.230070852703587,31.629502430484106,28.72439703457672,27.848129919260288,28.407198031484906,27.0978239901288,25.18566322334991,23.26326142225118,20.81351291829421,17.617792029650026,15.610134688720658,17.389192534445066,15.350351136048975,12.416326711229857,14.299862411925508,15.36022867668317,11.286867102965287,9.254258263091646,12.364359465819488,11.937126119799522,7.382010633966874,8.806692057747902,10.237918587291071,8.805061328576878,5.792,7.24,8.688,10.136,11.584,5.968563059899761,10.237918587291071,5.970985262081962,6.469403991095316,7.792530012775055,10.537761621900545,7.2274195256675124,9.704105986642974,8.171349949671718,11.66028267238835,9.244419343582376,11.286867102965287
33.22578241366184,48.61513214010633,46.13675568351117,43.70975873875307,29.633801797946887,24.589153564122533,34.98084801716505,21.47904290232691,26.550916839160188,32.0373849276123,20.091613797801312,28.838575901039217,26.090242850537056,23.377590038325163,18.123313714660462,44.03346028873952,44.023595093994764,42.60563447479688,38.33123959644404,34.07445437567563,21.51432102112451,19.686713082685998,29.1030500807046,34.781862874205,24.616,18.8790745800741,24.784135651662336,20.72781495961405,25.281834427113868,26.090242850537056,20.71463955756894,27.28377400580792,30.082565050208068,27.762774789274935,32.95940490967639,37.30756878972416,41.34319079364823,30.89410922813603,46.91776912855086,38.8775184907679,24.166024414454274,20.64961580756407,18.746489378014218,20.5204099617917,17.617792029650026,16.46005640938086,17.399074917937448,13.312734993231107,14.454839051335025,12.257024924507578,13.64188700290396,10.214187437089647,16.93885710430311,12.938807982190632,11.66028267238835,16.50422712519432,16.501610618360864,14.764021267933748,7.792530012775055,15.993050522023621,11.673283042914706,15.928,10.136,8.688,16.18663362160273,14.764021267933748,11.937126119799522,15.111542906004006,9.704105986642974,15.58506002555011,12.938807982190632,11.66028267238835,16.864866320252883,12.257024924507578,16.479702454838193,15.36022867668317,14.299862411925508,19.662043840862527,19.351863166114008,25.18566322334991,29.396252550282664,25.17241094929129,16.87606189251509,16.11338006130309,15.050529425903928,13.288407617167678,13.04958485929725,12.90124211074267,11.618583734689869,9.675931583057004,8.171349949671718,7.2274195256675124,6.128512462253789,4.559060539190065,5.968563059899761,3.234701995547658,7.24,5.792,5.968563059899761,4.576769275373186,3.234701995547658,5.970985262081962,5.213085458727874,7.2274195256675124,6.128512462253789,5.203378229573553,9.254258263091646,8.171349949671718,6.450621055371335,10.214187437089647,8.413225362487326,10.406756459147106,10.982618312588306,14.203599015742453,13.288407617167678,16.87606189251509,16.11338006130309,17.829290507476735,17.532828636589134,20.083398342909998,21.808141621880576,17.532828636589134,15.050529425903928,13.288407617167678,10.087,8.646,9.11812107838013,8.636,7.205,7.349063137570666,7.765232836174328,8.413225362487326,7.217619552179236,7.20963605184062,6.128512462253789,3.2253105276856675,3.2253105276856675,1.441,3.234701995547658,4.576769275373186,4.57363061473049,1.448,0.0,2.896,2.8960172651419054,2.0428374874179296,1.441,2.0428374874179296,3.234701995547658,2.049903656272655,3.2253105276856675,4.085674974835859,4.323,7.205,8.766414318294567,10.190401022530958,11.528,12.969,17.352520508560133,18.95552966814697,31.060931344697313,28.320085469503795,27.354363235140386,27.848129919260288,26.511158122571707,24.638597362674684,22.577173693799672,20.043746156844033,16.826450724974652,14.853032047363259,16.46005640938086,14.435239104358471,11.63163071112559,13.312734993231107,14.299862411925508,10.214187437089647,8.171349949671718,11.019384057196662,10.537761621900545,5.968563059899761,7.382010633966874,8.806692057747902,7.380065108113884,4.344,5.792,7.24,8.688,10.136,4.576769275373186,8.806692057747902,4.5799276195153995,5.213085458727874,6.469403991095316,9.153538550746372,6.128512462253789,8.432433160126442,7.217619552179236,10.426170917455748,8.413225362487326,10.214187437089647
34.94807635621738,51.13741832552754,48.61513214010633,46.13675568351117,31.685398040737947,26.556887336433086,37.52558700406964,23.70635096340219,29.112317959928923,34.798045706619796,22.642913968833604,31.613284865701633,28.838575901039217,26.090242850537056,20.71463955756894,46.89282376867488,46.88294253777167,45.46256227930846,41.17921758605911,36.91005316983437,24.26248645543156,22.471806691941794,31.986101044047242,37.67556748079583,27.512,21.767748643348487,27.662539073628075,23.567871202126,28.109319451029048,28.838575901039217,23.377590038325163,29.78221274519407,32.49497511923959,30.082565050208068,35.29407706683942,39.703458803988354,43.70975873875307,32.73929457089752,49.35694386811242,41.08022127496395,25.18566322334991,22.025311462042936,20.043746156844033,22.471212361597228,19.428873461938032,18.385537386761367,19.662043840862527,15.36022867668317,16.864866320252883,14.454839051335025,16.173509977738288,12.435856263241385,19.686713082685998,15.58506002555011,14.249797191539253,19.314018354552736,19.311782543307597,17.613384115495805,10.537761621900545,18.8790745800741,14.5515250403523,18.824,13.032,11.584,19.04334266876485,17.613384115495805,14.764021267933748,17.905689179699284,12.364359465819488,18.307077101492744,15.58506002555011,14.249797191539253,19.408211973285947,14.454839051335025,18.853348588513395,17.64703853341971,16.479702454838193,22.073462800385446,20.81351291829421,26.484186980158555,30.101058851807856,25.9920055594023,18.075827643568633,16.87606189251509,16.12655263842834,14.203599015742453,13.677181617570193,14.435239104358471,12.319298681337342,11.277008291209153,10.426170917455748,9.704105986642974,8.432433160126442,6.128512462253789,8.806692057747902,5.968563059899761,10.136,8.688,8.806692057747902,7.382010633966874,5.968563059899761,8.808333837906009,7.792530012775055,9.704105986642974,8.432433160126442,7.2274195256675124,11.66028267238835,10.426170917455748,8.171349949671718,12.435856263241385,10.214187437089647,12.257024924507578,12.416326711229857,15.610134688720658,14.203599015742453,18.075827643568633,16.87606189251509,18.746489378014218,18.23624215676026,21.29938461552352,21.615,17.292,14.482568971007872,12.969,10.494493079706137,9.11812107838013,8.646,9.10863941541216,7.765232836174328,7.349063137570666,7.205,7.349063137570666,5.943096835825578,5.933398688778633,4.559060539190065,5.213085458727874,3.2253105276856675,3.234701995547658,1.441,2.0428374874179296,2.0357959131504315,4.344,2.896,0.0,0.01,4.576769275373186,3.234701995547658,2.0428374874179296,1.441,2.049903656272655,5.213085458727874,2.882,5.203378229573553,7.765232836174328,9.675931583057004,10.982618312588306,11.886193671651156,13.288407617167678,17.829290507476735,18.733,30.101058851807856,27.721471407556994,26.576815234335356,26.929490229114997,25.544482946421134,23.772387343302313,21.43380218253402,18.746489378014218,15.530465672348656,13.677181617570193,14.853032047363259,12.90124211074267,10.494493079706137,11.63163071112559,12.416326711229857,8.413225362487326,6.450621055371335,8.432433160126442,7.792530012775055,3.234701995547658,4.576769275373186,5.968563059899761,4.57363061473049,1.448,2.896,4.344,5.792,7.24,2.0428374874179296,5.968563059899761,2.049903656272655,3.2253105276856675,4.085674974835859,6.469403991095316,4.559060539190065,6.128512462253789,5.943096835825578,8.171349949671718,7.349063137570666,8.413225362487326
34.955911102415854,51.142209504478785,48.62017187341073,46.14206611108783,31.692220638510015,26.5639421961425,37.53019610926647,23.712430832793164,29.11677415168102,34.8009457486431,22.64737055377511,31.61602125505358,28.84157554642256,26.093558438817805,20.71881541015316,46.8943612921639,46.88448038530447,45.46414817193873,41.180968432031804,36.91200651549574,24.26545793921887,22.47437376213184,31.9870036108417,37.675951281951725,27.512001817388715,21.767088941794675,27.66149901939517,23.566038975610645,28.10727058965349,28.83557941155336,23.373893471135695,29.777375572739786,32.489654784254014,30.07681798329072,35.28836204756463,39.69801558012692,43.70415505418221,32.73181279733831,49.35168941383871,41.07390801956882,25.194817959255033,22.033817304316564,20.05237392430133,22.478267393195587,19.436291415802554,18.39259266661446,19.66790858225653,15.366797486789498,16.869995139299835,14.460822659862751,16.177967270334058,12.441652663533088,19.68964326746424,15.588761207998537,14.25384509527166,19.3162590839945,19.314018354552736,17.615023133677685,10.540500936862536,18.87984049191094,14.552518716703306,18.82400265618341,13.032003836709073,11.584004316297538,19.041831844651924,17.611750622808625,14.762072483225381,17.903277493241287,12.360866676734283,18.303931053191825,15.581364381850518,14.245755157238946,19.40375922340823,14.448859885817981,18.84800023875212,17.641324468417896,16.47358348993928,22.068241887381966,20.8052055985996,26.475481865303227,30.110633404164716,26.001430595257638,18.084597451975537,16.885454835449355,16.13548883672261,14.212730385116014,13.68666420279244,14.443226370863263,12.328656861150773,11.284677044559139,10.4317026414675,9.708564929998666,8.437564162719001,6.135570470624553,8.808333837906009,5.970985262081962,10.136004932911192,8.68800575506255,8.805061328576878,7.380065108113884,5.966156635556931,8.806692057747902,7.788837140420898,9.699655303153818,8.427310899687988,7.221442584414834,11.655342637606154,10.420645853304872,8.16429911259993,12.430065204977808,10.207135984202425,12.249973061194869,12.408204100513498,15.601827617301762,14.194468817113234,18.067059113203786,16.86666964756232,18.7372656489681,18.226760216780164,21.290590057581777,21.625,17.302,14.49251889769339,12.979,10.504105149892588,9.12760384766999,8.656,9.11812107838013,7.774512267660268,7.358867372089268,7.215,7.358867372089268,5.952795981721531,5.943096835825578,4.568543859918607,5.218620507375488,3.2342492173609627,3.2391691836024865,1.451,2.049903656272655,2.0428374874179296,4.344011510113664,2.8960172651419054,0.01,0.0,4.57363061473049,3.2302595870920343,2.0357959131504315,1.431,2.0428374874179296,5.207563729806866,2.872,5.195073146742017,7.755955195847898,9.66699705182535,10.973434512494254,11.876495274280204,13.278648161616452,17.819592026755274,18.723,30.110633404164716,27.731347911704546,26.586574958049788,26.93912218317442,25.554073041298132,23.78208611539366,21.44321468437044,18.755713902701757,15.539744656846842,13.68666420279244,14.861764397271275,12.910178465071658,10.504105149892588,11.64030381905902,12.424452060352602,8.421790842807722,6.459558189226257,8.437564162719001,7.7962339626258,3.2391691836024865,4.5799276195153995,5.970985262081962,4.576769275373186,1.448034529975028,2.8960172651419054,4.344011510113664,5.792008632590252,7.240006906074054,2.0357959131504315,5.966156635556931,2.0428374874179296,3.2163780872279304,4.078627220033721,6.464955374942661,4.549579431112287,6.121462652013815,5.933398688778633,8.16429911259993,7.339259431305042,8.404663050949752
33.652901449949304,48.13102720698988,45.71817743523904,43.36451715400507,29.76444375425148,24.832653422459714,34.49067829138766,21.469154641019287,26.065427293639363,31.17012005110022,19.662043840862527,27.947802507531787,25.26863259062508,22.642913968833604,17.64703853341971,42.87285131642168,42.8630568205302,41.4556299192281,37.21818528622802,33.00845425038864,20.71463955756894,18.810566206257587,27.849568632206854,33.4284660132648,23.21277029998789,17.376,23.21277029998789,19.04334266876485,23.567871202126,24.26248645543156,18.810566206257587,25.297299480379323,28.071523382246287,25.733406012418957,30.93335974316401,35.29407706683942,39.324087681725054,28.870478208716943,44.9163101000071,36.83765943976354,25.17241094929129,21.43380218253402,19.607971669706178,20.81351291829421,18.075827643568633,16.826450724974652,17.389192534445066,13.612949129413508,14.299862411925508,12.416326711229857,13.322605300766064,10.406756459147106,16.173509977738288,12.435856263241385,11.286867102965287,15.58506002555011,15.581364381850518,13.730307826119558,7.2274195256675124,14.764021267933748,10.537761621900545,14.5515250403523,8.806692057747902,7.382010633966874,14.5515250403523,13.11142650515191,10.237918587291071,13.346870344766222,7.792530012775055,13.730307826119558,11.019384057196662,9.704105986642974,14.891106372597035,10.214187437089647,14.454839051335025,13.322605300766064,12.257024924507578,17.64703853341971,17.426181480749015,23.29569850852298,30.571203067592876,26.299242954883702,17.829290507476735,17.352520508560133,16.11338006130309,14.482568971007872,14.41,13.677181617570193,12.969,10.494493079706137,8.413225362487326,7.217619552179236,6.450621055371335,5.764,5.213085458727874,3.2253105276856675,5.968563059899761,4.576769275373186,4.344,2.896,1.448,4.344011510113664,3.234701995547658,5.213085458727874,4.085674974835859,3.2253105276856675,7.2274195256675124,6.128512462253789,4.559060539190065,8.171349949671718,6.450621055371335,8.413225362487326,9.11812107838013,12.319298681337342,11.618583734689869,15.050529425903928,14.482568971007872,16.11338006130309,15.917000502607268,18.23624215676026,23.461659617341653,19.230070852703587,16.87606189251509,15.050529425903928,11.618583734689869,10.190401022530958,10.982618312588306,10.180502590736863,8.766414318294567,9.11812107838013,9.675931583057004,10.406756459147106,9.244419343582376,9.236627577205871,8.171349949671718,4.323,5.203378229573553,3.2253105276856675,5.213085458727874,6.469403991095316,6.464955374942661,1.441,2.0428374874179296,4.576769275373186,4.57363061473049,0.0,1.448,2.896,4.344,2.8960172651419054,1.441,4.576769275373186,3.2253105276856675,5.943096835825578,7.205,8.646,10.190401022530958,11.618583734689869,15.851,17.829290507476735,32.947854937764916,30.101058851807856,29.195001918136605,29.728752025606457,28.407198031484906,26.511158122571707,24.52340272066664,22.025311462042936,18.81469364619047,16.826450724974652,18.48883868716475,16.46005640938086,13.612949129413508,15.350351136048975,16.342699899343437,12.257024924507578,10.214187437089647,12.938807982190632,12.364359465819488,7.792530012775055,9.153538550746372,10.537761621900545,9.150394964153188,5.968563059899761,7.382010633966874,8.806692057747902,10.237918587291071,11.673283042914706,5.792,10.136,5.792008632590252,5.968563059899761,7.382010633966874,10.237918587291071,6.469403991095316,9.153538550746372,7.2274195256675124,11.019384057196662,8.171349949671718,10.426170917455748
34.422890291200126,49.35694386811242,46.91776912855086,44.53335653193008,30.70070227209795,25.703919156424377,35.7151473887481,22.471212361597228,27.28377400580792,32.51985928628843,20.852341834911496,29.302861856822105,26.602537942835454,23.94798465424596,18.853348588513395,44.29206380380124,44.28225622074829,42.87285131642168,38.62803670910547,34.40798936293721,22.038768114393324,20.155768429906114,29.280879921887593,34.87129805441719,24.658141393868274,18.824,24.658141393868274,20.475837174582143,24.992714638470147,25.64877153003629,20.155768429906114,26.550916839160188,29.278006369969933,26.888893636592783,32.0976227312865,36.491598211095116,40.505994025576015,29.76444375425148,46.13675568351117,37.93131435898313,25.544482946421134,21.965236625176612,20.083398342909998,21.65285865653771,18.81469364619047,17.617792029650026,18.385537386761367,14.435239104358471,15.36022867668317,13.312734993231107,14.454839051335025,11.277008291209153,17.481796503792168,13.64188700290396,12.435856263241385,16.93885710430311,16.935456887843326,15.111542906004006,8.432433160126442,16.18663362160273,11.937126119799522,15.993050522023621,10.237918587291071,8.806692057747902,15.993050522023621,14.5515250403523,11.673283042914706,14.764021267933748,9.153538550746372,15.111542906004006,12.364359465819488,11.019384057196662,16.173509977738288,11.286867102965287,15.639256376183619,14.454839051335025,13.322605300766064,18.853348588513395,18.075827643568633,23.8735569406823,30.81031296497976,26.576815234335356,18.23624215676026,17.532828636589134,16.435465828506352,14.698126275141332,14.482568971007872,14.203599015742453,13.04958485929725,10.982618312588306,9.244419343582376,8.171349949671718,7.217619552179236,5.943096835825578,6.469403991095316,4.085674974835859,7.382010633966874,5.968563059899761,5.792,4.344,2.896,5.792008632590252,4.576769275373186,6.469403991095316,5.213085458727874,4.085674974835859,8.432433160126442,7.2274195256675124,5.203378229573553,9.254258263091646,7.217619552179236,9.244419343582376,9.675931583057004,12.90124211074267,11.886193671651156,15.530465672348656,14.698126275141332,16.435465828506352,16.11338006130309,18.746489378014218,23.237167469379738,18.95552966814697,16.435465828506352,14.698126275141332,11.528,10.087,10.494493079706137,10.077,8.646,8.766414318294567,9.11812107838013,9.675931583057004,8.413225362487326,8.404663050949752,7.217619552179236,4.559060539190065,4.559060539190065,2.882,4.085674974835859,5.213085458727874,5.207563729806866,2.0428374874179296,1.441,3.234701995547658,3.2302595870920343,1.448,0.0,1.448,2.896,1.448034529975028,2.0428374874179296,3.234701995547658,2.882,5.764,7.349063137570666,8.766414318294567,10.087,11.528,15.917000502607268,17.532828636589134,32.40242548020132,29.71548417912789,28.72439703457672,29.195001918136605,27.848129919260288,25.9920055594023,23.8735569406823,21.29938461552352,18.075827643568633,16.12655263842834,17.617792029650026,15.610134688720658,12.90124211074267,14.435239104358471,15.350351136048975,11.277008291209153,9.244419343582376,11.66028267238835,11.019384057196662,6.469403991095316,7.792530012775055,9.153538550746372,7.788837140420898,4.576769275373186,5.968563059899761,7.382010633966874,8.806692057747902,10.237918587291071,4.344,8.688,4.344011510113664,4.576769275373186,5.968563059899761,8.806692057747902,5.213085458727874,7.792530012775055,6.128512462253789,9.704105986642974,7.217619552179236,9.254258263091646
35.23558405930005,50.594598960758645,48.13102720698988,45.71817743523904,31.67550372133015,26.625469986462214,36.95578472986333,23.51976991809231,28.52359647730279,33.87771420860622,22.073462800385446,30.6664176094959,27.947802507531787,25.26863259062508,20.091613797801312,45.7130819350435,45.70326246560523,44.29206380380124,40.040611034298664,35.81137835939857,23.377590038325163,21.51432102112451,30.713755761873212,36.31454149510909,26.103803879894592,20.272,26.103803879894592,21.910370238770497,26.42007617324371,27.041525863012982,21.51432102112451,27.823414905435314,30.50551256740329,28.071523382246287,33.284161894210285,37.70669717702679,41.70468366982299,30.70070227209795,47.37002158538668,39.04804057824157,25.9920055594023,22.577173693799672,20.64961580756407,22.554016582418306,19.632708855377036,18.48883868716475,19.43875924538395,15.350351136048975,16.479702454838193,14.299862411925508,15.639256376183619,12.257024924507578,18.810566206257587,14.891106372597035,13.64188700290396,18.307077101492744,18.303931053191825,16.50422712519432,9.704105986642974,17.613384115495805,13.346870344766222,17.435649027208594,11.673283042914706,10.237918587291071,17.435649027208594,15.993050522023621,13.11142650515191,16.18663362160273,10.537761621900545,16.50422712519432,13.730307826119558,12.364359465819488,17.481796503792168,12.435856263241385,16.864866320252883,15.639256376183619,14.454839051335025,20.091613797801312,18.81469364619047,24.52340272066664,31.115040109246205,26.929490229114997,18.746489378014218,17.829290507476735,16.87606189251509,15.050529425903928,14.698126275141332,14.853032047363259,13.288407617167678,11.63163071112559,10.214187437089647,9.254258263091646,8.171349949671718,6.450621055371335,7.792530012775055,5.213085458727874,8.806692057747902,7.382010633966874,7.24,5.792,4.344,7.240006906074054,5.968563059899761,7.792530012775055,6.469403991095316,5.213085458727874,9.704105986642974,8.432433160126442,6.128512462253789,10.426170917455748,8.171349949671718,10.214187437089647,10.406756459147106,13.612949129413508,12.319298681337342,16.12655263842834,15.050529425903928,16.87606189251509,16.435465828506352,19.351863166114008,23.10142506426822,18.788879503578706,16.11338006130309,14.482568971007872,11.618583734689869,10.190401022530958,10.190401022530958,10.180502590736863,8.766414318294567,8.646,8.766414318294567,9.11812107838013,7.765232836174328,7.755955195847898,6.450621055371335,5.203378229573553,4.323,3.2253105276856675,3.2253105276856675,4.085674974835859,4.078627220033721,3.234701995547658,2.0428374874179296,2.0428374874179296,2.0357959131504315,2.896,1.448,0.0,1.448,0.01,3.234701995547658,2.0428374874179296,3.2253105276856675,5.943096835825578,7.765232836174328,9.11812107838013,10.190401022530958,11.618583734689869,16.11338006130309,17.352520508560133,31.91342377433045,29.396252550282664,28.320085469503795,28.72439703457672,27.354363235140386,25.544482946421134,23.29569850852298,20.64961580756407,17.426181480749015,15.530465672348656,16.826450724974652,14.853032047363259,12.319298681337342,13.612949129413508,14.435239104358471,10.406756459147106,8.413225362487326,10.426170917455748,9.704105986642974,5.213085458727874,6.469403991095316,7.792530012775055,6.464955374942661,3.234701995547658,4.576769275373186,5.968563059899761,7.382010633966874,8.806692057747902,2.896,7.24,2.8960172651419054,3.234701995547658,4.576769275373186,7.382010633966874,4.085674974835859,6.469403991095316,5.203378229573553,8.432433160126442,6.450621055371335,8.171349949671718
36.08809776089618,51.84315179461989,49.35694386811242,46.91776912855086,32.68539979868687,27.5922679749237,38.211015492917745,24.608884107167476,29.78221274519407,35.24274677149896,23.3205653447767,32.0373849276123,29.302861856822105,26.602537942835454,21.35627647788818,47.135742404252,47.12591210788391,45.7130819350435,41.4556299192281,37.21818528622802,24.728718931638976,22.883846376865932,32.14798695097409,37.7581491601482,27.549711885970783,21.72,27.549711885970783,23.346566085829412,27.849568632206854,28.439799032341984,22.883846376865932,29.112317959928923,31.751603817760138,29.278006369969933,34.49067829138766,38.93772838777321,42.91875040119411,31.67550372133015,48.61513214010633,40.18591475878084,26.511158122571707,23.26326142225118,21.29938461552352,23.509879795524263,20.5204099617917,19.428873461938032,20.540110637481973,16.342699899343437,17.64703853341971,15.36022867668317,16.864866320252883,13.322605300766064,20.155768429906114,16.173509977738288,14.891106372597035,19.686713082685998,19.683787542035706,17.905689179699284,11.019384057196662,19.04334266876485,14.764021267933748,18.8790745800741,13.11142650515191,11.673283042914706,18.8790745800741,17.435649027208594,14.5515250403523,17.613384115495805,11.937126119799522,17.905689179699284,15.111542906004006,13.730307826119558,18.810566206257587,13.64188700290396,18.123313714660462,16.864866320252883,15.639256376183619,21.35627647788818,19.632708855377036,25.23967608746198,31.483479239118413,27.354363235140386,19.351863166114008,18.23624215676026,17.426181480749015,15.530465672348656,15.050529425903928,15.610134688720658,13.677181617570193,12.416326711229857,11.286867102965287,10.426170917455748,9.254258263091646,7.217619552179236,9.153538550746372,6.469403991095316,10.237918587291071,8.806692057747902,8.688,7.24,5.792,8.68800575506255,7.382010633966874,9.153538550746372,7.792530012775055,6.469403991095316,11.019384057196662,9.704105986642974,7.2274195256675124,11.66028267238835,9.254258263091646,11.286867102965287,11.277008291209153,14.435239104358471,12.90124211074267,16.826450724974652,15.530465672348656,17.426181480749015,16.87606189251509,20.043746156844033,23.056,18.733,15.917000502607268,14.41,11.886193671651156,10.494493079706137,10.087,10.484881735146086,9.11812107838013,8.766414318294567,8.646,8.766414318294567,7.349063137570666,7.339259431305042,5.943096835825578,6.128512462253789,4.559060539190065,4.085674974835859,2.882,3.2253105276856675,3.2163780872279304,4.576769275373186,3.234701995547658,1.441,1.431,4.344,2.896,1.448,0.0,1.448034529975028,4.576769275373186,1.441,4.085674974835859,6.450621055371335,8.413225362487326,9.675931583057004,10.494493079706137,11.886193671651156,16.435465828506352,17.292,31.483479239118413,29.145544016195682,27.98494068244562,28.320085469503795,26.929490229114997,25.17241094929129,22.795302695950323,20.083398342909998,16.87606189251509,15.050529425903928,16.12655263842834,14.203599015742453,11.886193671651156,12.90124211074267,13.612949129413508,9.675931583057004,7.765232836174328,9.254258263091646,8.432433160126442,4.085674974835859,5.213085458727874,6.469403991095316,5.207563729806866,2.0428374874179296,3.234701995547658,4.576769275373186,5.968563059899761,7.382010633966874,1.448,5.792,1.448034529975028,2.0428374874179296,3.234701995547658,5.968563059899761,3.2253105276856675,5.213085458727874,4.559060539190065,7.2274195256675124,5.943096835825578,7.217619552179236
35.24376376041583,50.59972632337057,48.1364169834025,45.72385163128758,31.68278327420115,26.633047741480883,36.960854765548916,23.52651051473635,28.52864974021729,33.88111834045624,22.078687008062776,30.669708329229348,27.95141329163876,25.27262615954266,20.09663616130819,45.71497435195606,45.70515528909184,44.29401693231265,40.042771532450146,35.81379399058413,23.381290298013923,21.517672016275366,30.715164870141916,36.315336484741536,26.104357816272746,20.272002466456044,26.10325376270169,21.909057122569198,26.41844175949823,27.038863160273586,21.510974152743525,27.818755130307323,30.50031765408354,28.065877948141942,33.27853471834359,37.70134788041404,41.69915610656887,30.693193056441682,47.364850944555926,39.04176780065165,26.001430595257638,22.58610971371564,20.658688075480494,22.561684422932608,19.640783512884614,18.496633639665355,19.445432394266785,15.357862481478339,16.48582521440768,14.306918081823213,15.644786991199336,12.264080886882637,18.81439876796492,14.895947401894247,13.647171172078117,18.31022807067132,18.307077101492744,16.50684927537657,9.708564929998666,17.615023133677685,13.349033223421086,17.436478342830586,11.674521703264764,10.239330886342135,17.43482540778657,15.992152606825638,13.110331231513564,16.18485613158177,10.53503108680748,16.501610618360864,13.727162598293939,12.360866676734283,17.477677448677213,12.430065204977808,16.859741872282623,15.633730201074853,14.448859885817981,20.086595156969736,18.806269619464675,24.514589146057496,31.124765717993768,26.93912218317442,18.755713902701757,17.838989321147093,16.885454835449355,15.060104116505968,14.70793037786078,14.861764397271275,13.298167430138635,11.64030381905902,10.221243808852229,9.260490051827713,8.178406935338936,6.459558189226257,7.7962339626258,5.218620507375488,8.808333837906009,7.383969190076567,7.240006906074054,5.792008632590252,4.344011510113664,7.24,5.966156635556931,7.788837140420898,6.464955374942661,5.207563729806866,9.699655303153818,8.427310899687988,6.121462652013815,10.420645853304872,8.16429911259993,10.207135984202425,10.398449884477973,13.604481761537262,12.309941510827743,16.11761768996895,15.040955288810615,16.86666964756232,16.425821653725574,19.34292811339586,23.11140540945098,18.798849778643373,16.12321732781643,14.49251889769339,11.62850583695085,10.200299652461196,10.200299652461196,10.190401022530958,8.776277115041434,8.656,8.776277115041434,9.12760384766999,7.774512267660268,7.765232836174328,6.459558189226257,5.211689265487727,4.333,3.2342492173609627,3.2342492173609627,4.092735026849405,4.085674974835859,3.2391691836024865,2.049903656272655,2.049903656272655,2.0428374874179296,2.8960172651419054,1.448034529975028,0.01,1.448034529975028,0.0,3.2302595870920343,2.0357959131504315,3.2163780872279304,5.933398688778633,7.755955195847898,9.10863941541216,10.180502590736863,11.608661766112405,16.10354299525418,17.342555405706506,31.922906149033487,29.406056587036623,28.329753281664846,28.73392881246837,27.363845636167444,25.554073041298132,23.3049773439066,20.658688075480494,17.435278059153514,15.539744656846842,16.835015414308355,14.861764397271275,12.328656861150773,13.621418575170503,14.443226370863263,10.415066010352502,8.421790842807722,10.4317026414675,9.708564929998666,5.218620507375488,6.4738649970477455,7.7962339626258,6.469403991095316,3.2391691836024865,4.5799276195153995,5.970985262081962,7.383969190076567,8.808333837906009,2.8960172651419054,7.240006906074054,2.896,3.2302595870920343,4.57363061473049,7.380065108113884,4.078627220033721,6.464955374942661,5.195073146742017,8.427310899687988,6.441687046108341,8.16429911259993
34.89489213337677,48.92264891642724,46.55084902555484,44.24150929839532,30.89410922813603,26.016891147867764,35.29407706683942,22.554016582418306,26.888893636592783,31.731318299118932,20.540110637481973,28.499594383078506,25.877615964381263,23.3205653447767,18.508516526183293,43.186521427408344,43.176798086472324,41.77994141929833,37.579084195866194,33.41485156333932,21.35627647788818,19.408211973285947,28.109319451029048,33.583399842779464,23.346566085829412,17.435649027208594,23.168,18.8790745800741,23.346566085829412,23.874252239599045,18.307077101492744,24.589696704107595,27.28377400580792,24.87171252648277,30.082565050208068,34.49067829138766,38.49692144834441,27.733258030747127,44.14692560077089,35.89553286970399,26.576815234335356,22.795302695950323,20.988986159412274,22.025311462042936,19.351863166114008,18.075827643568633,18.48883868716475,14.853032047363259,15.350351136048975,13.612949129413508,14.299862411925508,11.63163071112559,16.864866320252883,13.322605300766064,12.257024924507578,16.173509977738288,16.16905764106245,14.249797191539253,8.171349949671718,15.111542906004006,11.019384057196662,14.764021267933748,9.153538550746372,7.792530012775055,14.48,13.032,10.136,13.11142650515191,7.382010633966874,13.346870344766222,10.537761621900545,9.153538550746372,14.249797191539253,9.254258263091646,13.64188700290396,12.435856263241385,11.286867102965287,16.864866320252883,16.12655263842834,21.965236625176612,31.998236513908076,27.721471407556994,19.230070852703587,18.788879503578706,17.532828636589134,15.917000502607268,15.851,15.050529425903928,14.41,11.886193671651156,9.675931583057004,8.413225362487326,7.765232836174328,7.205,6.128512462253789,4.559060539190065,6.469403991095316,5.213085458727874,4.576769275373186,3.234701995547658,2.0428374874179296,4.57363061473049,2.896,4.576769275373186,3.234701995547658,2.0428374874179296,6.469403991095316,5.213085458727874,3.2253105276856675,7.2274195256675124,5.203378229573553,7.217619552179236,7.765232836174328,10.982618312588306,10.190401022530958,13.677181617570193,13.04958485929725,14.698126275141332,14.482568971007872,16.87606189251509,24.879174926030004,20.636390478957313,18.23624215676026,16.435465828506352,13.04958485929725,11.618583734689869,12.319298681337342,11.608661766112405,10.190401022530958,10.494493079706137,10.982618312588306,11.63163071112559,10.406756459147106,10.398449884477973,9.244419343582376,5.764,6.450621055371335,4.559060539190065,6.128512462253789,7.2274195256675124,7.221442584414834,2.882,3.2253105276856675,5.213085458727874,5.207563729806866,1.441,2.0428374874179296,3.234701995547658,4.576769275373186,3.2302595870920343,0.0,4.344,2.0428374874179296,4.559060539190065,5.764,7.205,8.766414318294567,10.190401022530958,14.41,16.435465828506352,34.27608244826121,31.483479239118413,30.550464742782555,31.060931344697313,29.728752025606457,27.848129919260288,25.80248422148534,23.26326142225118,20.043746156844033,18.075827643568633,19.632708855377036,17.617792029650026,14.853032047363259,16.46005640938086,17.389192534445066,13.312734993231107,11.277008291209153,13.64188700290396,12.938807982190632,8.432433160126442,9.704105986642974,11.019384057196662,9.699655303153818,6.469403991095316,7.792530012775055,9.153538550746372,10.537761621900545,11.937126119799522,5.968563059899761,10.237918587291071,5.966156635556931,5.792,7.24,10.136,5.968563059899761,8.806692057747902,6.469403991095316,10.537761621900545,7.2274195256675124,9.704105986642974
37.24898013368957,52.57891388189756,50.12921009750702,47.72951766988643,33.71734320791008,28.66271447368515,38.93772838777321,25.560834102196274,30.50551256740329,35.74005283991617,24.06551360349494,32.51985928628843,29.82959818703564,27.181652635555476,22.073462800385446,47.42122378218428,47.41145267759679,46.00739193868742,41.77994141929833,37.579084195866194,25.26863259062508,23.377590038325163,32.37326724320546,37.8953853786975,27.662539073628075,21.767748643348487,27.512,23.21277029998789,27.662539073628075,28.109319451029048,22.471806691941794,28.499594383078506,31.057338005695208,28.52359647730279,33.729732640505766,38.211015492917745,42.1621658006322,30.642562311268946,47.90518969798575,39.324087681725054,27.848129919260288,24.52340272066664,22.577173693799672,24.589153564122533,21.65285865653771,20.5204099617917,21.47904290232691,17.389192534445066,18.508516526183293,16.342699899343437,17.64703853341971,14.299862411925508,20.71463955756894,16.864866320252883,15.639256376183619,20.155768429906114,20.152195934934735,18.307077101492744,11.66028267238835,19.314018354552736,15.111542906004006,19.04334266876485,13.346870344766222,11.937126119799522,18.824,17.376,14.48,17.435649027208594,11.673283042914706,17.613384115495805,14.764021267933748,13.346870344766222,18.307077101492744,12.938807982190632,17.481796503792168,16.173509977738288,14.891106372597035,20.71463955756894,18.48883868716475,24.017145958668777,32.870931657012704,28.72439703457672,20.64961580756407,19.607971669706178,18.746489378014218,16.87606189251509,16.435465828506352,16.826450724974652,15.050529425903928,13.612949129413508,12.257024924507578,11.286867102965287,10.214187437089647,8.413225362487326,9.704105986642974,7.2274195256675124,10.537761621900545,9.153538550746372,8.806692057747902,7.382010633966874,5.968563059899761,8.805061328576878,7.24,8.806692057747902,7.382010633966874,5.968563059899761,10.537761621900545,9.153538550746372,6.469403991095316,11.019384057196662,8.432433160126442,10.426170917455748,10.214187437089647,13.312734993231107,11.63163071112559,15.610134688720658,14.203599015742453,16.12655263842834,15.530465672348656,18.81469364619047,24.497,20.174,17.352520508560133,15.851,13.288407617167678,11.886193671651156,11.528,11.876495274280204,10.494493079706137,10.190401022530958,10.087,10.190401022530958,8.766414318294567,8.756551832770706,7.349063137570666,7.217619552179236,5.943096835825578,5.203378229573553,4.323,4.559060539190065,4.549579431112287,5.213085458727874,4.085674974835859,2.882,2.872,4.576769275373186,3.234701995547658,2.0428374874179296,1.441,2.0357959131504315,4.344,0.0,3.234701995547658,5.203378229573553,7.217619552179236,8.413225362487326,9.11812107838013,10.494493079706137,15.050529425903928,15.851,32.870931657012704,30.571203067592876,29.396252550282664,29.71548417912789,28.320085469503795,26.576815234335356,24.166024414454274,21.43380218253402,18.23624215676026,16.435465828506352,17.426181480749015,15.530465672348656,13.288407617167678,14.203599015742453,14.853032047363259,10.982618312588306,9.11812107838013,10.214187437089647,9.254258263091646,5.203378229573553,6.128512462253789,7.2274195256675124,6.121462652013815,3.2253105276856675,4.085674974835859,5.213085458727874,6.469403991095316,7.792530012775055,2.0428374874179296,5.968563059899761,2.0357959131504315,1.448,2.896,5.792,2.0428374874179296,4.576769275373186,3.2253105276856675,6.469403991095316,4.559060539190065,6.128512462253789
36.86949660627332,50.93054549089378,48.570460323122326,46.27129131545823,32.92011281876172,28.022853530645303,37.30756878972416,24.589153564122533,28.90967810267005,33.64958490085725,22.573734205930574,30.415540517965486,27.823414905435314,25.297299480379323,20.540110637481973,44.94361338388359,44.933948012610685,43.54564097587725,39.373426165371995,35.24274677149896,23.3205653447767,21.35627647788818,29.842815299498806,35.22676823099161,24.992714638470147,19.04334266876485,24.658141393868274,20.272,24.658141393868274,24.992714638470147,19.314018354552736,25.26863259062508,27.823414905435314,25.297299480379323,30.50551256740329,34.98084801716505,38.93772838777321,27.5922679749237,44.6733191177911,36.13709762833756,28.320085469503795,24.638597362674684,22.795302695950323,24.017145958668777,21.29938461552352,20.043746156844033,20.5204099617917,16.826450724974652,17.389192534445066,15.610134688720658,16.342699899343437,13.612949129413508,18.853348588513395,15.36022867668317,14.299862411925508,18.123313714660462,18.118545195462026,16.173509977738288,10.214187437089647,16.93885710430311,12.938807982190632,16.50422712519432,11.019384057196662,9.704105986642974,15.993050522023621,14.5515250403523,11.673283042914706,14.48,8.688,14.5515250403523,11.673283042914706,10.237918587291071,15.111542906004006,9.704105986642974,14.249797191539253,12.938807982190632,11.66028267238835,17.481796503792168,15.610134688720658,21.29938461552352,33.645292583064276,29.396252550282664,20.988986159412274,20.380802045061916,19.230070852703587,17.532828636589134,17.352520508560133,16.87606189251509,15.917000502607268,13.677181617570193,11.63163071112559,10.406756459147106,9.675931583057004,8.766414318294567,8.171349949671718,6.450621055371335,8.432433160126442,7.2274195256675124,6.469403991095316,5.213085458727874,4.085674974835859,6.464955374942661,4.576769275373186,5.792,4.344,2.896,7.382010633966874,5.968563059899761,3.234701995547658,7.792530012775055,5.213085458727874,7.2274195256675124,7.217619552179236,10.406756459147106,9.11812107838013,12.90124211074267,11.886193671651156,13.677181617570193,13.288407617167678,16.12655263842834,26.0991697185945,21.808141621880576,19.230070852703587,17.532828636589134,14.41,12.969,13.288407617167678,12.959,11.528,11.618583734689869,11.886193671651156,12.319298681337342,10.982618312588306,10.973434512494254,9.675931583057004,7.349063137570666,7.349063137570666,5.764,6.450621055371335,7.217619552179236,7.20963605184062,4.559060539190065,4.323,5.203378229573553,5.195073146742017,3.2253105276856675,2.882,3.2253105276856675,4.085674974835859,3.2163780872279304,2.0428374874179296,3.234701995547658,0.0,2.882,4.559060539190065,5.943096835825578,7.205,8.646,13.04958485929725,14.698126275141332,35.10908009333198,32.51821649475875,31.483479239118413,31.91342377433045,30.550464742782555,28.72439703457672,26.511158122571707,23.8735569406823,20.64961580756407,18.746489378014218,20.043746156844033,18.075827643568633,15.530465672348656,16.826450724974652,17.617792029650026,13.612949129413508,11.63163071112559,13.322605300766064,12.435856263241385,8.171349949671718,9.254258263091646,10.426170917455748,9.248033088176102,6.128512462253789,7.2274195256675124,8.432433160126442,9.704105986642974,11.019384057196662,5.213085458727874,9.153538550746372,5.207563729806866,4.576769275373186,5.968563059899761,8.806692057747902,4.344,7.24,4.576769275373186,8.806692057747902,5.213085458727874,7.792530012775055
39.3750686602576,52.615063128347565,50.334024476491045,48.119193717268374,35.23558405930005,30.43815086367764,39.04804057824157,26.8497562186326,30.72045735336634,34.98084801716505,24.514049849015155,31.751603817760138,29.278006369969933,26.888893636592783,22.471212361597228,45.767692753731865,45.75820145066893,44.395677312098755,40.31153685981223,36.28780120095457,24.87171252648277,22.85908871761952,30.6664176094959,35.81137835939857,25.64877153003629,19.686713082685998,24.992714638470147,20.475837174582143,24.658141393868274,24.658141393868274,18.8790745800741,24.26248645543156,26.602537942835454,23.94798465424596,29.112317959928923,33.64958490085725,37.52558700406964,25.560834102196274,43.35230680136871,34.49067829138766,31.115040109246205,27.354363235140386,25.544482946421134,26.484186980158555,23.8735569406823,22.577173693799672,22.820129557038012,19.351863166114008,19.632708855377036,18.075827643568633,18.48883868716475,16.12655263842834,20.540110637481973,17.389192534445066,16.46005640938086,19.662043840862527,19.656182437085793,17.64703853341971,12.416326711229857,18.123313714660462,14.454839051335025,17.481796503792168,12.435856263241385,11.286867102965287,16.50422712519432,15.111542906004006,12.364359465819488,14.764021267933748,9.153538550746372,14.5515250403523,11.673283042914706,10.237918587291071,14.5515250403523,8.806692057747902,13.346870344766222,11.937126119799522,10.537761621900545,16.50422712519432,13.312734993231107,18.81469364619047,36.48764022240956,32.22676012260618,23.772387343302313,23.237167469379738,22.047189412712,20.380802045061916,20.22589874393719,19.607971669706178,18.788879503578706,16.435465828506352,14.203599015742453,12.90124211074267,12.319298681337342,11.618583734689869,10.406756459147106,9.11812107838013,10.214187437089647,9.244419343582376,8.171349949671718,7.217619552179236,6.450621055371335,8.16429911259993,6.128512462253789,6.469403991095316,5.213085458727874,4.085674974835859,7.382010633966874,5.968563059899761,3.234701995547658,7.24,4.344,5.968563059899761,5.213085458727874,8.171349949671718,6.450621055371335,10.406756459147106,9.11812107838013,10.982618312588306,10.494493079706137,13.612949129413508,28.965137942015744,24.667586525641294,22.047189412712,20.380802045061916,17.292,15.851,16.11338006130309,15.841,14.41,14.482568971007872,14.698126275141332,15.050529425903928,13.677181617570193,13.667699769895446,12.319298681337342,10.190401022530958,10.190401022530958,8.646,9.11812107838013,9.675931583057004,9.66699705182535,7.349063137570666,7.205,7.765232836174328,7.755955195847898,5.943096835825578,5.764,5.943096835825578,6.450621055371335,5.933398688778633,4.559060539190065,5.203378229573553,2.882,0.0,2.0428374874179296,3.2253105276856675,4.323,5.764,10.190401022530958,11.886193671651156,37.84163951257926,35.333704249625455,34.26280480345998,34.658288258366134,33.28295810170725,31.483479239118413,29.195001918136605,26.511158122571707,23.29569850852298,21.43380218253402,22.577173693799672,20.64961580756407,18.23624215676026,19.351863166114008,20.043746156844033,16.12655263842834,14.203599015742453,15.350351136048975,14.299862411925508,10.406756459147106,11.277008291209153,12.257024924507578,11.269343192928327,8.413225362487326,9.244419343582376,10.214187437089647,11.286867102965287,12.435856263241385,7.217619552179236,10.426170917455748,7.20963605184062,6.128512462253789,7.2274195256675124,9.704105986642974,5.213085458727874,7.792530012775055,4.576769275373186,8.806692057747902,4.344,7.24
39.9965748658557,52.366729752773374,50.158053720215264,48.02249423967897,35.63805686341499,30.972246302133144,38.8775184907679,27.225898258827016,30.642562311268946,34.49067829138766,24.589153564122533,31.278512752367238,28.90967810267005,26.645210601532128,22.554016582418306,44.88409813062974,44.87474261764629,43.532403299151774,39.518276796945486,35.581721951024235,24.608884107167476,22.573734205930574,29.82959818703564,34.798045706619796,24.728718931638976,18.810566206257587,23.874252239599045,19.314018354552736,23.346566085829412,23.168,17.376,22.471806691941794,24.728718931638976,22.038768114393324,27.181652635555476,31.731318299118932,35.581721951024235,23.51976991809231,41.42927911513788,32.49497511923959,32.22676012260618,28.320085469503795,26.576815234335356,27.0978239901288,24.638597362674684,23.29569850852298,23.26326142225118,20.083398342909998,20.043746156844033,18.746489378014218,18.81469364619047,16.87606189251509,20.428374874179294,17.617792029650026,16.826450724974652,19.43875924538395,19.4320889510109,17.399074917937448,12.90124211074267,17.64703853341971,14.299862411925508,16.864866320252883,12.257024924507578,11.277008291209153,15.58506002555011,14.249797191539253,11.66028267238835,13.730307826119558,8.432433160126442,13.346870344766222,10.537761621900545,9.153538550746372,13.032,7.24,11.673283042914706,10.237918587291071,8.806692057747902,14.764021267933748,11.277008291209153,16.826450724974652,37.71699208579602,33.4264683297533,24.879174926030004,24.539757802390795,23.237167469379738,21.663446840242205,21.615,20.636390478957313,20.174,17.532828636589134,15.050529425903928,13.677181617570193,13.288407617167678,12.969,10.982618312588306,10.190401022530958,10.406756459147106,9.675931583057004,8.413225362487326,7.765232836174328,7.349063137570666,8.404663050949752,6.450621055371335,6.128512462253789,5.203378229573553,4.559060539190065,6.469403991095316,5.213085458727874,3.2253105276856675,5.968563059899761,3.234701995547658,4.344,3.234701995547658,6.128512462253789,4.559060539190065,8.413225362487326,7.349063137570666,9.11812107838013,8.766414318294567,11.63163071112559,30.571203067592876,26.299242954883702,23.772387343302313,22.047189412712,18.788879503578706,17.352520508560133,17.829290507476735,17.342555405706506,15.917000502607268,16.11338006130309,16.435465828506352,16.87606189251509,15.530465672348656,15.521187583429304,14.203599015742453,11.528,11.886193671651156,10.190401022530958,10.982618312588306,11.63163071112559,11.62295973493843,8.646,8.766414318294567,9.675931583057004,9.66699705182535,7.205,7.349063137570666,7.765232836174328,8.413225362487326,7.755955195847898,5.764,7.217619552179236,4.559060539190065,2.0428374874179296,0.0,1.441,3.2253105276856675,4.559060539190065,8.646,10.982618312588306,39.667797770987995,37.057819269352585,36.038750699767604,36.47248431352052,35.10908009333198,33.28295810170725,31.060931344697313,28.407198031484906,25.18566322334991,23.29569850852298,24.52340272066664,22.577173693799672,20.083398342909998,21.29938461552352,22.025311462042936,18.075827643568633,16.12655263842834,17.389192534445066,16.342699899343437,12.416326711229857,13.312734993231107,14.299862411925508,13.305159638275672,10.406756459147106,11.277008291209153,12.257024924507578,13.322605300766064,14.454839051335025,9.244419343582376,12.435856263241385,9.236627577205871,8.171349949671718,9.254258263091646,11.66028267238835,7.2274195256675124,9.704105986642974,6.469403991095316,10.537761621900545,5.968563059899761,8.806692057747902
41.29923161512814,53.290421203064255,51.12166820439255,49.02809969803031,36.86949660627332,32.25310527685668,39.85337176450695,28.4565178649813,31.67550372133015,35.29407706683942,25.703919156424377,32.0976227312865,29.793984510300064,27.602160658180367,23.676902014410587,45.4130083566372,45.40376182652711,44.07753622878665,40.11799177426507,36.246627429320924,25.560834102196274,23.51976991809231,30.415540517965486,35.24274677149896,25.26863259062508,19.408211973285947,24.26248645543156,19.686713082685998,23.567871202126,23.21277029998789,17.435649027208594,22.14603190190062,24.26248645543156,21.51432102112451,26.602537942835454,31.17012005110022,34.963593007584336,22.573734205930574,40.84882011759948,31.751603817760138,33.645292583064276,29.71548417912789,27.98494068244562,28.407198031484906,25.9920055594023,24.638597362674684,24.52340272066664,21.43380218253402,21.29938461552352,20.083398342909998,20.043746156844033,18.23624215676026,21.469154641019287,18.81469364619047,18.075827643568633,20.428374874179294,20.42132219029904,18.385537386761367,14.203599015742453,18.508516526183293,15.350351136048975,17.64703853341971,13.312734993231107,12.416326711229857,16.173509977738288,14.891106372597035,12.435856263241385,14.249797191539253,9.254258263091646,13.730307826119558,11.019384057196662,9.704105986642974,13.11142650515191,7.382010633966874,11.584,10.136,8.688,14.5515250403523,10.214187437089647,15.610134688720658,39.14875457789175,34.85575120406961,26.299242954883702,25.978386170045283,24.667586525641294,23.10142506426822,23.056,22.047189412712,21.615,18.95552966814697,16.435465828506352,15.050529425903928,14.698126275141332,14.41,12.319298681337342,11.618583734689869,11.63163071112559,10.982618312588306,9.675931583057004,9.11812107838013,8.766414318294567,9.66699705182535,7.765232836174328,7.217619552179236,6.450621055371335,5.943096835825578,7.2274195256675124,6.128512462253789,4.559060539190065,6.469403991095316,4.085674974835859,4.576769275373186,2.896,5.213085458727874,3.2253105276856675,7.217619552179236,5.943096835825578,7.765232836174328,7.349063137570666,10.406756459147106,31.998236513908076,27.721471407556994,25.17241094929129,23.461659617341653,20.22589874393719,18.788879503578706,19.230070852703587,18.778909260124777,17.352520508560133,17.532828636589134,17.829290507476735,18.23624215676026,16.87606189251509,16.86666964756232,15.530465672348656,12.969,13.288407617167678,11.618583734689869,12.319298681337342,12.90124211074267,12.892307318707541,10.087,10.190401022530958,10.982618312588306,10.973434512494254,8.646,8.766414318294567,9.11812107838013,9.675931583057004,9.10863941541216,7.205,8.413225362487326,5.943096835825578,3.2253105276856675,1.441,0.0,2.0428374874179296,3.2253105276856675,7.205,9.675931583057004,41.031544852710574,38.460141705407175,37.42377748170272,37.84163951257926,36.47248431352052,34.658288258366134,32.40242548020132,29.728752025606457,26.511158122571707,24.638597362674684,25.80248422148534,23.8735569406823,21.43380218253402,22.577173693799672,23.26326142225118,19.351863166114008,17.426181480749015,18.48883868716475,17.389192534445066,13.612949129413508,14.435239104358471,15.350351136048975,14.427254347241544,11.63163071112559,12.416326711229857,13.312734993231107,14.299862411925508,15.36022867668317,10.406756459147106,13.322605300766064,10.398449884477973,9.244419343582376,10.214187437089647,12.435856263241385,8.171349949671718,10.426170917455748,7.2274195256675124,11.019384057196662,6.469403991095316,9.153538550746372
43.22149494175323,55.32746776240532,53.16293672287114,51.070937185448244,38.851157421626446,34.19691952500985,41.895570935362606,30.43815086367764,33.71734320791008,37.30756878972416,27.733258030747127,34.115984816505005,31.82668270492544,29.64369538367307,25.703919156424377,47.30707017983676,47.29788778581978,45.98101078706296,42.05112594211955,38.211015492917745,27.602160658180367,25.560834102196274,32.347019955476576,37.09307839745847,27.181652635555476,21.35627647788818,26.090242850537056,21.51432102112451,25.281834427113868,24.784135651662336,19.04334266876485,23.346566085829412,25.281834427113868,22.471806691941794,27.460615652239117,32.0373849276123,35.74005283991617,22.85908871761952,41.66707712331164,32.347019955476576,35.333704249625455,31.483479239118413,29.71548417912789,30.32231298895254,27.848129919260288,26.511158122571707,26.484186980158555,23.29569850852298,23.26326142225118,21.965236625176612,22.025311462042936,20.083398342909998,23.509879795524263,20.81351291829421,20.043746156844033,22.471212361597228,22.464159565850668,20.428374874179294,16.12655263842834,20.540110637481973,17.389192534445066,19.662043840862527,15.350351136048975,14.435239104358471,18.123313714660462,16.864866320252883,14.454839051335025,16.173509977738288,11.286867102965287,15.58506002555011,12.938807982190632,11.66028267238835,14.764021267933748,9.153538550746372,13.11142650515191,11.673283042914706,10.237918587291071,15.928,10.426170917455748,15.350351136048975,40.76160409012383,36.48764022240956,27.98494068244562,27.53173545201973,26.299242954883702,24.667586525641294,24.539757802390795,23.772387343302313,23.10142506426822,20.636390478957313,18.23624215676026,16.87606189251509,16.435465828506352,15.917000502607268,14.203599015742453,13.288407617167678,13.612949129413508,12.90124211074267,11.63163071112559,10.982618312588306,10.494493079706137,11.62295973493843,9.675931583057004,9.244419343582376,8.413225362487326,7.765232836174328,9.254258263091646,8.171349949671718,6.450621055371335,8.432433160126442,6.128512462253789,6.469403991095316,4.576769275373186,5.968563059899761,3.234701995547658,7.2274195256675124,5.203378229573553,7.217619552179236,6.450621055371335,10.214187437089647,33.26928410711598,28.965137942015744,26.299242954883702,24.667586525641294,21.615,20.174,20.380802045061916,20.164,18.733,18.788879503578706,18.95552966814697,19.230070852703587,17.829290507476735,17.819592026755274,16.435465828506352,14.482568971007872,14.482568971007872,12.969,13.288407617167678,13.677181617570193,13.667699769895446,11.618583734689869,11.528,11.886193671651156,11.876495274280204,10.190401022530958,10.087,10.190401022530958,10.494493079706137,10.180502590736863,8.766414318294567,9.11812107838013,7.205,4.323,3.2253105276856675,2.0428374874179296,0.0,1.441,5.943096835825578,7.765232836174328,41.97797231882455,39.57489417547443,38.460141705407175,38.81287997559573,37.42377748170272,35.65858101495347,33.28295810170725,30.550464742782555,27.354363235140386,25.544482946421134,26.511158122571707,24.638597362674684,22.37756664608554,23.29569850852298,23.8735569406823,20.083398342909998,18.23624215676026,18.81469364619047,17.617792029650026,14.203599015742453,14.853032047363259,15.610134688720658,14.844301297130828,12.319298681337342,12.90124211074267,13.612949129413508,14.435239104358471,15.350351136048975,10.982618312588306,13.312734993231107,10.973434512494254,9.675931583057004,10.406756459147106,12.257024924507578,8.413225362487326,10.214187437089647,7.217619552179236,10.426170917455748,6.128512462253789,8.432433160126442
44.52307356865651,56.27636466581686,54.14977721099137,52.097419859336604,40.08749231368807,35.478415804542344,42.89958723577652,31.675082083555836,34.77838506889013,38.16052410541553,28.870478208716943,34.987403004510064,32.75905494668611,30.642562311268946,26.8497562186326,47.89596930849192,47.88689983701179,46.586675562868834,42.71255295577636,38.93772838777321,28.599724823851016,26.556887336433086,33.014175758301164,37.62113241251517,27.823414905435314,22.073462800385446,26.602537942835454,22.038768114393324,25.64877153003629,24.992714638470147,19.314018354552736,23.21277029998789,24.992714638470147,22.14603190190062,27.041525863012982,31.613284865701633,35.24274677149896,22.073462800385446,41.19092347835867,31.731318299118932,36.74531568785333,32.870931657012704,31.115040109246205,31.629502430484106,29.195001918136605,27.848129919260288,27.747721221750805,24.638597362674684,24.52340272066664,23.29569850852298,23.26326142225118,21.43380218253402,24.589153564122533,22.025311462042936,21.29938461552352,23.509879795524263,23.502525566415198,21.469154641019287,17.426181480749015,21.47904290232691,18.48883868716475,20.540110637481973,16.46005640938086,15.610134688720658,18.853348588513395,17.64703853341971,15.36022867668317,16.864866320252883,12.257024924507578,16.173509977738288,13.64188700290396,12.435856263241385,15.111542906004006,9.704105986642974,13.346870344766222,11.937126119799522,10.537761621900545,15.993050522023621,9.704105986642974,14.299862411925508,42.18847929233762,37.91105933629394,29.396252550282664,28.965137942015744,27.721471407556994,26.0991697185945,25.978386170045283,25.17241094929129,24.539757802390795,22.047189412712,19.607971669706178,18.23624215676026,17.829290507476735,17.352520508560133,15.530465672348656,14.698126275141332,14.853032047363259,14.203599015742453,12.90124211074267,12.319298681337342,11.886193671651156,12.892307318707541,10.982618312588306,10.406756459147106,9.675931583057004,9.11812107838013,10.214187437089647,9.244419343582376,7.765232836174328,9.254258263091646,7.217619552179236,7.2274195256675124,5.213085458727874,5.792,2.896,6.469403991095316,4.085674974835859,6.128512462253789,5.203378229573553,9.254258263091646,34.705041017120266,30.399258823201595,27.721471407556994,26.0991697185945,23.056,21.615,21.808141621880576,21.605,20.174,20.22589874393719,20.380802045061916,20.636390478957313,19.230070852703587,19.2203294716818,17.829290507476735,15.917000502607268,15.917000502607268,14.41,14.698126275141332,15.050529425903928,15.040955288810615,13.04958485929725,12.969,13.288407617167678,13.278648161616452,11.618583734689869,11.528,11.618583734689869,11.886193671651156,11.608661766112405,10.190401022530958,10.494493079706137,8.646,5.764,4.559060539190065,3.2253105276856675,1.441,0.0,4.559060539190065,6.450621055371335,43.364842637786666,40.99242251929008,39.865222851503034,40.2056357367969,38.81287997559573,37.057819269352585,34.658288258366134,31.91342377433045,28.72439703457672,26.929490229114997,27.848129919260288,25.9920055594023,23.772387343302313,24.638597362674684,25.18566322334991,21.43380218253402,19.607971669706178,20.043746156844033,18.81469364619047,15.530465672348656,16.12655263842834,16.826450724974652,16.11761768996895,13.677181617570193,14.203599015742453,14.853032047363259,15.610134688720658,16.46005640938086,12.319298681337342,14.435239104358471,12.309941510827743,10.982618312588306,11.63163071112559,13.312734993231107,9.675931583057004,11.277008291209153,8.413225362487326,11.286867102965287,7.217619552179236,9.254258263091646
47.931447057229555,58.224878333921836,56.246710348250595,54.35091558566424,43.22149494175323,38.826164180871636,45.10803316483661,34.85236296149803,37.24898013368957,39.85337176450695,31.675082083555836,36.771074773522734,34.77838506889013,32.92011281876172,29.706064094726518,48.61513214010633,48.60649476150281,47.37002158538668,43.70975873875307,40.18591475878084,30.89410922813603,28.870478208716943,34.115984816505005,38.211015492917745,28.90967810267005,23.51976991809231,27.28377400580792,22.85908871761952,25.877615964381263,24.728718931638976,19.408211973285947,21.910370238770497,23.168,20.272,24.784135651662336,29.280879921887593,32.66063013782802,18.810566206257587,38.62803670910547,28.838575901039217,40.76160409012383,36.74531568785333,35.06565727317827,35.10908009333198,32.870931657012704,31.483479239118413,31.060931344697313,28.320085469503795,27.848129919260288,26.929490229114997,26.511158122571707,25.17241094929129,27.225898258827016,25.18566322334991,24.638597362674684,26.016891147867764,26.008583679239436,24.017145958668777,20.988986159412274,23.676902014410587,21.29938461552352,22.554016582418306,19.351863166114008,18.746489378014218,20.428374874179294,19.428873461938032,17.617792029650026,18.385537386761367,14.853032047363259,17.399074917937448,15.350351136048975,14.435239104358471,15.639256376183619,11.277008291209153,13.64188700290396,12.435856263241385,11.286867102965287,15.58506002555011,7.24,10.426170917455748,46.31616218988788,42.01417447719281,33.4264683297533,33.174616094236875,31.834001005214535,30.29562385890081,30.261,29.145544016195682,28.82,26.0991697185945,23.461659617341653,22.047189412712,21.808141621880576,21.615,19.230070852703587,18.788879503578706,18.23624215676026,17.829290507476735,16.435465828506352,16.11338006130309,15.917000502607268,16.425821653725574,14.698126275141332,13.677181617570193,13.288407617167678,13.04958485929725,12.90124211074267,12.319298681337342,11.618583734689869,11.63163071112559,10.494493079706137,9.675931583057004,7.765232836174328,6.128512462253789,4.559060539190065,4.576769275373186,2.0428374874179296,2.896,1.448,5.968563059899761,39.14875457789175,34.85575120406961,32.22676012260618,30.571203067592876,27.417263630785623,25.978386170045283,26.299242954883702,25.96840172209295,24.539757802390795,24.667586525641294,24.879174926030004,25.17241094929129,23.772387343302313,23.7626888209226,22.37756664608554,20.174,20.380802045061916,18.788879503578706,19.230070852703587,19.607971669706178,19.598418124940597,17.292,17.352520508560133,17.829290507476735,17.819592026755274,15.851,15.917000502607268,16.11338006130309,16.435465828506352,16.10354299525418,14.41,15.050529425903928,13.04958485929725,10.190401022530958,8.646,7.205,5.943096835825578,4.559060539190065,0.0,4.576769275373186,47.91815488935274,45.50801671134439,44.402380521769324,44.75513329217108,43.364842637786666,41.60167785077904,39.215943339412355,36.47248431352052,33.28295810170725,31.483479239118413,32.40242548020132,30.550464742782555,28.320085469503795,29.195001918136605,29.728752025606457,25.9920055594023,24.166024414454274,24.52340272066664,23.26326142225118,20.083398342909998,20.64961580756407,21.29938461552352,20.64054439689031,18.23624215676026,18.746489378014218,19.351863166114008,20.043746156844033,20.81351291829421,16.87606189251509,18.81469364619047,16.86666964756232,15.530465672348656,16.12655263842834,17.617792029650026,14.203599015742453,15.610134688720658,12.90124211074267,15.350351136048975,11.63163071112559,13.312734993231107
50.97131491339025,62.31986396005691,60.26741212297074,58.2866203858141,46.52652284450236,41.92903685991368,49.06074847574178,38.115632291751375,41.0408199235834,44.042579579311656,35.23558405930005,40.91767472621092,38.81391226094066,36.817890990658334,33.22578241366184,53.101833678320375,53.093108027313676,51.84315179461989,48.13102720698988,44.53335653193008,34.77838506889013,32.73929457089752,38.49692144834441,42.71255295577636,33.284161894210285,27.762774789274935,31.751603817760138,27.28377400580792,30.415540517965486,29.302861856822105,23.94798465424596,26.42007617324371,27.549711885970783,24.658141393868274,28.99582868276056,33.4284660132648,36.65601855084646,22.471806691941794,42.60563447479688,32.66063013782802,43.000686238710195,39.215943339412355,37.42377748170272,38.07563840567877,35.61308008302568,34.27608244826121,34.19691952500985,31.060931344697313,30.972246302133144,29.728752025606457,29.706064094726518,27.848129919260288,30.89410922813603,28.4565178649813,27.747721221750805,29.76444375425148,29.75669827114561,27.733258030747127,23.8735569406823,27.5922679749237,24.832653422459714,26.556887336433086,22.820129557038012,22.025311462042936,24.608884107167476,23.51976991809231,21.469154641019287,22.573734205930574,18.48883868716475,21.682258577002536,19.43875924538395,18.385537386761367,20.091613797801312,15.36022867668317,18.123313714660462,16.864866320252883,15.639256376183619,20.155768429906114,11.673283042914706,13.730307826119558,48.34014018390927,44.094378825424,35.65858101495347,35.06565727317827,33.9245640944729,32.22676012260618,31.998236513908076,31.483479239118413,30.571203067592876,28.320085469503795,25.9920055594023,24.638597362674684,24.166024414454274,23.461659617341653,21.965236625176612,20.988986159412274,21.29938461552352,20.64961580756407,19.351863166114008,18.746489378014218,18.23624215676026,19.34292811339586,17.426181480749015,16.826450724974652,16.12655263842834,15.530465672348656,16.46005640938086,15.610134688720658,14.203599015742453,15.350351136048975,13.612949129413508,13.312734993231107,11.277008291209153,10.426170917455748,8.171349949671718,9.153538550746372,6.469403991095316,7.382010633966874,5.968563059899761,10.136,40.348,36.025,33.174616094236875,31.702,28.965137942015744,27.53173545201973,27.379,27.52179094826498,26.0991697185945,25.978386170045283,25.938,25.978386170045283,24.539757802390795,24.529775233377087,23.10142506426822,22.047189412712,21.663446840242205,20.380802045061916,20.174,20.22589874393719,20.21592441616262,19.230070852703587,18.95552966814697,18.733,18.723,17.829290507476735,17.532828636589134,17.352520508560133,17.292,17.342555405706506,16.435465828506352,15.851,14.698126275141332,11.886193671651156,10.982618312588306,9.675931583057004,7.765232836174328,6.450621055371335,4.576769275373186,0.0,48.34014018390927,46.31616218988788,45.04492762786949,45.25390415201765,43.83207159147283,42.18847929233762,39.57489417547443,36.74531568785333,33.645292583064276,31.998236513908076,32.51821649475875,30.81031296497976,28.965137942015744,29.396252550282664,29.71548417912789,26.299242954883702,24.667586525641294,24.166024414454274,22.795302695950323,20.380802045061916,20.636390478957313,20.988986159412274,20.62661465194907,18.788879503578706,18.95552966814697,19.230070852703587,19.607971669706178,20.083398342909998,17.352520508560133,18.23624215676026,17.342555405706506,15.917000502607268,16.11338006130309,16.87606189251509,14.482568971007872,15.050529425903928,13.04958485929725,14.203599015742453,11.618583734689869,12.319298681337342
30.442124515217397,53.75012655799054,50.86404161094555,47.97915156607086,32.66063013782802,29.302861856822105,43.54564097587725,31.057338005695208,38.196278679997086,45.98101078706296,34.49067829138766,43.99417565996663,41.44189035263715,38.93772838777321,34.115984816505005,59.11724622307774,59.10793873076611,57.771930909395785,53.76800209232253,49.82108759350803,38.49692144834441,38.16052410541553,48.13102720698988,53.82039146085803,46.27129131545823,42.89958723577652,48.119193717268374,45.970242385699905,50.064888454884226,52.097419859336604,48.25295452094099,55.466516061494254,58.62385644087226,56.88121798977233,61.78821845627206,65.62786975820562,69.69673617178928,61.37873371942435,74.6116677470756,68.13409205383161,19.686713082685998,22.642913968833604,22.073462800385446,27.823414905435314,26.065427293639363,26.888893636592783,30.082565050208068,27.602160658180367,30.72045735336634,28.599724823851016,31.685398040737947,28.66271447368515,35.89553286970399,32.68539979868687,31.67550372133015,36.83765943976354,36.84431018488472,36.771074773522734,32.04875691817079,38.81391226094066,35.86594296822544,39.84347555121165,36.08809776089618,35.23558405930005,41.975313554516774,41.0408199235834,39.26541771075407,42.163853535937626,38.851157421626446,43.30571731307542,41.62702583658842,40.838847388240524,45.640259114076024,42.59876923104704,46.04022268625555,45.28256698774927,44.55909614208977,48.83514357509354,50.37132644669982,56.23946813404266,17.376,17.905689179699284,21.682258577002536,19.43875924538395,21.47904290232691,21.469154641019287,20.5204099617917,24.514049849015155,21.65285865653771,25.703919156424377,28.870478208716943,30.033787390204388,29.21992801154719,27.747721221750805,32.42738066819459,30.972246302133144,34.422890291200126,33.652901449949304,34.89489213337677,34.19691952500985,33.54695993678116,34.90356453143432,35.478415804542344,37.421702593548574,36.77172328025979,36.1680639376785,39.3750686602576,38.703726332228015,37.492978756028435,40.64656936323163,39.389107745669996,41.29923161512814,42.04112073910495,45.2575507180846,44.226586133229866,47.931447057229555,46.95922317287627,48.7854253645492,48.33204882890855,51.14323792056972,11.286867102965287,14.435239104358471,16.12655263842834,18.075827643568633,22.025311462042936,23.26326142225118,21.965236625176612,23.27193399784384,24.52340272066664,23.8735569406823,23.29569850852298,22.795302695950323,24.166024414454274,24.175565267434802,25.544482946421134,29.027794749171008,27.848129919260288,29.728752025606457,28.72439703457672,28.320085469503795,28.329753281664846,31.629502430484106,31.060931344697313,30.101058851807856,30.110633404164716,32.947854937764916,32.40242548020132,31.91342377433045,31.483479239118413,31.922906149033487,34.27608244826121,32.870931657012704,35.10908009333198,37.84163951257926,39.667797770987995,41.031544852710574,41.97797231882455,43.364842637786666,47.91815488935274,48.34014018390927,0.0,4.576769275373186,4.085674974835859,3.2253105276856675,4.559060539190065,6.450621055371335,8.766414318294567,11.618583734689869,14.698126275141332,16.435465828506352,15.917000502607268,17.532828636589134,19.607971669706178,18.95552966814697,18.788879503578706,22.047189412712,23.772387343302313,24.539757802390795,25.978386170045283,27.98494068244562,27.721471407556994,27.53173545201973,27.731347911704546,29.71548417912789,29.396252550282664,29.145544016195682,28.965137942015744,28.856352922710105,31.115040109246205,30.399258823201595,31.124765717993768,32.51821649475875,32.22676012260618,31.834001005214535,33.9245640944729,33.4264683297533,35.333704249625455,34.705041017120266,36.74531568785333,36.28596093532594
26.064,49.31628278773655,46.42554059997578,43.53549728669697,28.109319451029048,24.728718931638976,38.97588322283409,26.550916839160188,33.64958490085725,41.42927911513788,30.082565050208068,39.47944772916663,36.95578472986333,34.49067829138766,29.793984510300064,54.54771008942539,54.5384192656883,53.20507588567091,49.213035061861405,45.28582793766721,34.115984816505005,33.86060130889586,43.70975873875307,49.35694386811242,42.00493276985455,38.857746923876064,43.93782945253441,41.975313554516774,45.970242385699905,48.08955563321416,44.46496059820586,51.68139882975305,54.86622801870018,53.23701570336189,58.05552708399089,61.78821845627206,65.84022563752345,58.055589498342016,70.63800241371496,64.44487946299535,15.111542906004006,18.123313714660462,17.64703853341971,23.3205653447767,21.682258577002536,22.573734205930574,25.733406012418957,23.509879795524263,26.556887336433086,24.589153564122533,27.5922679749237,24.832653422459714,31.685398040737947,28.66271447368515,27.733258030747127,32.68539979868687,32.69245448111842,32.73929457089752,28.4565178649813,34.77838506889013,32.04875691817079,35.86594296822544,32.42738066819459,31.675082083555836,38.11147261652323,37.24898013368957,35.63805686341499,38.42883297733617,35.478415804542344,39.6259618053619,38.115632291751375,37.421702593548574,42.066126812436636,39.389107745669996,42.59876923104704,41.92903685991368,41.29923161512814,45.28256698774927,47.425725350277986,53.344302423032964,13.11142650515191,13.346870344766222,17.399074917937448,15.350351136048975,17.389192534445066,17.617792029650026,16.826450724974652,20.5204099617917,18.075827643568633,22.025311462042936,25.23967608746198,26.484186980158555,25.80248422148534,24.638597362674684,29.027794749171008,27.848129919260288,30.972246302133144,30.32231298895254,31.629502430484106,31.060931344697313,30.550464742782555,31.638614445010074,32.40242548020132,34.27608244826121,33.75212378503018,33.28295810170725,36.1680639376785,35.61308008302568,34.658288258366134,37.492978756028435,36.47248431352052,38.3097069813905,39.215943339412355,42.400402450920204,41.60167785077904,45.15158827771178,44.402380521769324,46.14853515551712,45.8065141328174,48.33204882890855,7.217619552179236,10.982618312588306,13.288407617167678,15.050529425903928,18.746489378014218,20.083398342909998,19.230070852703587,20.092726270966814,21.43380218253402,20.988986159412274,20.636390478957313,20.380802045061916,21.808141621880576,21.81805309829454,23.237167469379738,25.9920055594023,25.17241094929129,26.929490229114997,26.299242954883702,26.0991697185945,26.10910798935881,28.72439703457672,28.320085469503795,27.721471407556994,27.731347911704546,30.101058851807856,29.71548417912789,29.396252550282664,29.145544016195682,29.406056587036623,31.483479239118413,30.571203067592876,32.51821649475875,35.333704249625455,37.057819269352585,38.460141705407175,39.57489417547443,40.99242251929008,45.50801671134439,46.31616218988788,4.576769275373186,0.0,2.0428374874179296,3.234701995547658,4.085674974835859,4.559060539190065,7.765232836174328,10.494493079706137,13.04958485929725,14.41,14.698126275141332,15.917000502607268,17.352520508560133,17.352520508560133,17.532828636589134,20.174,21.663446840242205,23.237167469379738,24.667586525641294,25.978386170045283,25.938,25.978386170045283,25.948,27.53173545201973,27.417263630785623,27.379,27.417263630785623,27.53173545201973,28.965137942015744,28.856352922710105,28.97508785146302,30.399258823201595,30.29562385890081,30.29562385890081,31.834001005214535,31.702,33.26928410711598,33.174616094236875,34.705041017120266,34.584
27.549711885970783,50.700482058852266,47.80572284779303,44.91112362210503,29.280879921887593,25.64877153003629,40.040611034298664,27.181652635555476,34.394762639099575,42.187100125512295,30.50551256740329,40.11799177426507,37.52558700406964,34.98084801716505,30.082565050208068,55.39181954946055,55.38240887682659,54.03135838566342,49.97949764653502,45.98101078706296,34.49067829138766,34.115984816505005,44.14692560077089,49.871200196105164,42.2129868642341,38.81391226094066,44.042579579311656,41.885674412619885,45.98013940822712,48.01259701370048,44.19234322821093,51.40783831284875,54.57095670775802,52.85337608895008,57.740956417433885,61.5612298853751,65.62786975820562,57.45084306605082,70.52963938657278,64.09751383634158,16.18663362160273,18.810566206257587,18.123313714660462,23.94798465424596,22.073462800385446,22.85908871761952,26.065427293639363,23.51976991809231,26.645210601532128,24.514049849015155,27.602160658180367,24.589153564122533,31.82668270492544,28.599724823851016,27.5922679749237,32.75905494668611,32.765653984011976,32.68539979868687,28.022853530645303,34.72823728610481,31.797122401248828,35.759296693307604,32.04875691817079,31.220269377441316,37.901713101125125,36.9776773743295,35.23558405930005,38.11147261652323,34.89489213337677,39.26541771075407,37.62938729238094,36.86949660627332,41.62702583658842,38.703726332228015,42.066126812436636,41.33708515364865,40.64656936323163,44.82910451927408,46.59139701704596,52.48576008785621,14.764021267933748,14.5515250403523,17.64703853341971,15.36022867668317,17.399074917937448,17.389192534445066,16.46005640938086,20.428374874179294,17.617792029650026,21.65285865653771,24.832653422459714,26.016891147867764,25.23967608746198,23.8735569406823,28.4565178649813,27.0978239901288,30.43815086367764,29.706064094726518,30.972246302133144,30.32231298895254,29.728752025606457,30.9810865045111,31.629502430484106,33.54695993678116,32.947854937764916,32.40242548020132,35.478415804542344,34.85236296149803,33.75212378503018,36.77172328025979,35.61308008302568,37.492978756028435,38.3097069813905,41.5141548029103,40.594872890551095,44.226586133229866,43.364842637786666,45.15158827771178,44.75513329217108,47.425725350277986,7.2274195256675124,10.406756459147106,12.319298681337342,14.203599015742453,18.075827643568633,19.351863166114008,18.23624215676026,19.360799260361127,20.64961580756407,20.083398342909998,19.607971669706178,19.230070852703587,20.636390478957313,20.646166520688535,22.047189412712,25.18566322334991,24.166024414454274,25.9920055594023,25.17241094929129,24.879174926030004,24.889021374895396,27.848129919260288,27.354363235140386,26.576815234335356,26.586574958049788,29.195001918136605,28.72439703457672,28.320085469503795,27.98494068244562,28.329753281664846,30.550464742782555,29.396252550282664,31.483479239118413,34.26280480345998,36.038750699767604,37.42377748170272,38.460141705407175,39.865222851503034,44.402380521769324,45.04492762786949,4.085674974835859,2.0428374874179296,0.0,1.448,2.0428374874179296,2.882,5.943096835825578,8.766414318294567,11.528,13.04958485929725,13.04958485929725,14.41,16.11338006130309,15.851,15.917000502607268,18.788879503578706,20.380802045061916,21.663446840242205,23.10142506426822,24.667586525641294,24.539757802390795,24.497,24.549740385592674,26.299242954883702,26.0991697185945,25.978386170045283,25.938,25.978386170045283,27.721471407556994,27.379,27.731347911704546,29.145544016195682,28.965137942015744,28.82,30.571203067592876,30.29562385890081,31.998236513908076,31.702,33.4264683297533,33.174616094236875
28.99582868276056,52.147913333133474,49.25308421814821,46.35840136372263,30.713755761873212,27.041525863012982,41.4556299192281,28.499594383078506,35.74005283991617,43.532403299151774,31.751603817760138,41.42927911513788,38.816423946571895,36.246627429320924,31.278512752367238,56.756612522242726,56.747173013287636,55.39181954946055,51.324808280206945,47.30707017983676,35.7151473887481,35.29407706683942,45.388063981624065,51.13741832552754,43.36451715400507,39.85337176450695,45.14746841186115,42.89958723577652,47.03953983618462,49.02809969803031,45.10803316483661,52.31746859319553,55.466516061494254,53.6995124372652,58.62385644087226,62.49082928718421,66.56367496615552,58.15815355562795,71.51859338661521,64.95857596961312,17.613384115495805,20.155768429906114,19.408211973285947,25.26863259062508,23.3205653447767,24.06551360349494,27.28377400580792,24.608884107167476,27.762774789274935,25.560834102196274,28.682463091582633,25.550942546215392,32.95940490967639,29.64369538367307,28.599724823851016,33.86060130889586,33.866985708799064,33.72723813181269,28.870478208716943,35.769192121153644,32.73929457089752,36.771074773522734,32.92011281876172,32.04875691817079,38.857746923876064,37.901713101125125,36.08809776089618,39.008660282045064,35.63805686341499,40.13681925613937,38.42883297733617,37.62938729238094,42.44997658421026,39.3750686602576,42.83172713071468,42.066126812436636,41.33708515364865,45.640259114076024,47.15056601993236,53.022316245143415,16.18663362160273,15.993050522023621,18.853348588513395,16.479702454838193,18.508516526183293,18.385537386761367,17.389192534445066,21.47904290232691,18.48883868716475,22.554016582418306,25.703919156424377,26.8497562186326,26.016891147867764,24.52340272066664,29.21992801154719,27.747721221750805,31.220269377441316,30.43815086367764,31.675082083555836,30.972246302133144,30.32231298895254,31.683726185535694,32.25310527685668,34.19691952500985,33.54695993678116,32.947854937764916,36.15165528713727,35.478415804542344,34.27608244826121,37.421702593548574,36.1680639376785,38.07563840567877,38.826164180871636,42.04112073910495,41.031544852710574,44.72160221861466,43.77389113387111,45.590605391900645,45.15158827771178,47.931447057229555,8.432433160126442,11.277008291209153,12.90124211074267,14.853032047363259,18.81469364619047,20.043746156844033,18.746489378014218,20.05237392430133,21.29938461552352,20.64961580756407,20.083398342909998,19.607971669706178,20.988986159412274,20.998598048441234,22.37756664608554,25.80248422148534,24.638597362674684,26.511158122571707,25.544482946421134,25.17241094929129,25.182142740442085,28.407198031484906,27.848129919260288,26.929490229114997,26.93912218317442,29.728752025606457,29.195001918136605,28.72439703457672,28.320085469503795,28.73392881246837,31.060931344697313,29.71548417912789,31.91342377433045,34.658288258366134,36.47248431352052,37.84163951257926,38.81287997559573,40.2056357367969,44.75513329217108,45.25390415201765,3.2253105276856675,3.234701995547658,1.448,0.0,1.441,3.2253105276856675,5.764,8.646,11.618583734689869,13.288407617167678,12.969,14.482568971007872,16.435465828506352,15.917000502607268,15.851,18.95552966814697,20.636390478957313,21.615,23.056,24.879174926030004,24.667586525641294,24.539757802390795,24.67751739944681,26.576815234335356,26.299242954883702,26.0991697185945,25.978386170045283,25.938,27.98494068244562,27.417263630785623,27.994724235112585,29.396252550282664,29.145544016195682,28.856352922710105,30.81031296497976,30.399258823201595,32.22676012260618,31.735051725182363,33.645292583064276,33.26928410711598
29.1030500807046,52.128,49.232,46.336,30.544269315208705,26.693740689532444,41.17921758605911,27.947802507531787,35.24274677149896,43.02864204224902,31.057338005695208,40.84882011759948,38.196278679997086,35.581721951024235,30.50551256740329,56.29743368928996,56.28791717589131,54.92123130447823,50.81657131290933,46.755180076650326,34.98084801716505,34.49067829138766,44.6733191177911,50.462973356709774,42.51828445504358,38.8775184907679,44.24150929839532,41.895570935362606,46.08068603004951,48.02249423967897,44.012953195621854,51.21436385429384,54.35091558566424,52.54641050538086,57.49728898826448,61.4014045441959,65.47858914179504,56.9130357299626,70.48034512543195,63.81368537390706,17.435649027208594,19.686713082685998,18.810566206257587,24.728718931638976,22.642913968833604,23.3205653447767,26.550916839160188,23.70635096340219,26.888893636592783,24.608884107167476,27.762774789274935,24.514049849015155,32.0976227312865,28.682463091582633,27.602160658180367,32.95940490967639,32.965526721106706,32.75905494668611,27.733258030747127,34.798149835874895,31.67550372133015,35.769192121153644,31.797122401248828,30.89410922813603,37.801345703559285,36.817890990658334,34.94807635621738,37.901713101125125,34.422890291200126,39.008660282045064,37.24898013368957,36.42364760701487,41.284451128723994,38.115632291751375,41.62702583658842,40.838847388240524,40.08749231368807,44.46496059820586,45.83299572360506,51.693730693382925,16.50422712519432,15.928,18.123313714660462,15.639256376183619,17.64703853341971,17.399074917937448,16.342699899343437,20.540110637481973,17.389192534445066,21.469154641019287,24.589153564122533,25.703919156424377,24.832653422459714,23.26326142225118,28.022853530645303,26.484186980158555,30.033787390204388,29.21992801154719,30.43815086367764,29.706064094726518,29.027794749171008,30.44667285599528,30.972246302133144,32.92861345395521,32.25310527685668,31.629502430484106,34.89489213337677,34.19691952500985,32.947854937764916,36.15165528713727,34.85236296149803,36.77172328025979,37.492978756028435,40.71120656526898,39.667797770987995,43.37813144892251,42.400402450920204,44.226586133229866,43.77389113387111,46.59139701704596,7.792530012775055,10.214187437089647,11.63163071112559,13.612949129413508,17.617792029650026,18.81469364619047,17.426181480749015,18.823119215475423,20.043746156844033,19.351863166114008,18.746489378014218,18.23624215676026,19.607971669706178,19.61752565947092,20.988986159412274,24.52340272066664,23.29569850852298,25.18566322334991,24.166024414454274,23.772387343302313,23.78208611539366,27.0978239901288,26.511158122571707,25.544482946421134,25.554073041298132,28.407198031484906,27.848129919260288,27.354363235140386,26.929490229114997,27.363845636167444,29.728752025606457,28.320085469503795,30.550464742782555,33.28295810170725,35.10908009333198,36.47248431352052,37.42377748170272,38.81287997559573,43.364842637786666,43.83207159147283,4.559060539190065,4.085674974835859,2.0428374874179296,1.441,0.0,2.0428374874179296,4.323,7.205,10.190401022530958,11.886193671651156,11.528,13.04958485929725,15.050529425903928,14.482568971007872,14.41,17.532828636589134,19.230070852703587,20.174,21.615,23.461659617341653,23.237167469379738,23.10142506426822,23.24708953826263,25.17241094929129,24.879174926030004,24.667586525641294,24.539757802390795,24.497,26.576815234335356,25.978386170045283,26.586574958049788,27.98494068244562,27.721471407556994,27.417263630785623,29.396252550282664,28.965137942015744,30.81031296497976,30.29562385890081,32.22676012260618,31.834001005214535
27.849568632206854,50.700482058852266,47.80572284779303,44.91112362210503,28.99582868276056,24.992714638470147,39.518614753050244,26.090242850537056,33.41485156333932,41.19092347835867,29.112317959928923,38.96265006387528,36.28780120095457,33.64958490085725,28.52359647730279,54.484700467195374,54.47513308841016,53.10100376640728,48.97222781332293,44.88409813062974,33.014175758301164,32.49497511923959,42.71255295577636,48.520529933214874,40.505994025576015,36.83765943976354,42.2129868642341,39.85337176450695,44.042579579311656,45.98013940822712,41.975313554516774,49.178307128245066,52.31746859319553,50.523336865254656,55.466516061494254,59.36325005422126,63.439860285155106,54.938128408237574,68.4377285713078,61.78821845627206,15.928,17.905689179699284,16.93885710430311,22.883846376865932,20.71463955756894,21.35627647788818,24.589696704107595,21.682258577002536,24.87171252648277,22.573734205930574,25.733406012418957,22.471212361597228,30.082565050208068,26.645210601532128,25.560834102196274,30.93335974316401,30.939416688101925,30.72045735336634,25.703919156424377,32.75905494668611,29.633801797946887,33.72723813181269,29.76444375425148,28.870478208716943,35.759296693307604,34.77838506889013,32.92011281876172,35.86594296822544,32.42738066819459,36.9776773743295,35.23558405930005,34.422890291200126,39.26541771075407,36.15165528713727,39.6259618053619,38.851157421626446,38.115632291751375,42.44997658421026,43.930473250353224,49.80621969192202,15.58506002555011,14.5515250403523,16.173509977738288,13.64188700290396,15.639256376183619,15.36022867668317,14.299862411925508,18.508516526183293,15.350351136048975,19.428873461938032,22.554016582418306,23.676902014410587,22.820129557038012,21.29938461552352,26.016891147867764,24.52340272066664,28.022853530645303,27.225898258827016,28.4565178649813,27.747721221750805,27.0978239901288,28.46512689239238,29.027794749171008,30.972246302133144,30.32231298895254,29.728752025606457,32.92861345395521,32.25310527685668,31.060931344697313,34.19691952500985,32.947854937764916,34.85236296149803,35.61308008302568,38.826164180871636,37.84163951257926,41.5141548029103,40.594872890551095,42.400402450920204,41.97797231882455,44.72160221861466,5.968563059899761,8.171349949671718,9.675931583057004,11.63163071112559,15.610134688720658,16.826450724974652,15.530465672348656,16.835015414308355,18.075827643568633,17.426181480749015,16.87606189251509,16.435465828506352,17.829290507476735,17.838989321147093,19.230070852703587,22.577173693799672,21.43380218253402,23.29569850852298,22.37756664608554,22.047189412712,22.05699347145934,25.18566322334991,24.638597362674684,23.772387343302313,23.78208611539366,26.511158122571707,25.9920055594023,25.544482946421134,25.17241094929129,25.554073041298132,27.848129919260288,26.576815234335356,28.72439703457672,31.483479239118413,33.28295810170725,34.658288258366134,35.65858101495347,37.057819269352585,41.60167785077904,42.18847929233762,6.450621055371335,4.559060539190065,2.882,3.2253105276856675,2.0428374874179296,0.0,3.2253105276856675,5.943096835825578,8.646,10.190401022530958,10.190401022530958,11.528,13.288407617167678,12.969,13.04958485929725,15.917000502607268,17.532828636589134,18.788879503578706,20.22589874393719,21.808141621880576,21.663446840242205,21.615,21.673424487145542,23.461659617341653,23.237167469379738,23.10142506426822,23.056,23.10142506426822,24.879174926030004,24.497,24.889021374895396,26.299242954883702,26.0991697185945,25.938,27.721471407556994,27.417263630785623,29.145544016195682,28.82,30.571203067592876,30.29562385890081
29.842815299498806,52.30694708162578,49.4214341455203,46.537224079225005,30.442124515217397,26.103803879894592,40.64630192280719,26.693740689532444,34.07445437567563,41.77994141929833,29.302861856822105,39.373426165371995,36.61415420298549,33.87771420860622,28.499594383078506,55.123341126967254,55.113621882434835,53.71706753909785,49.512681375582964,45.33462871801202,33.05815217158999,32.347019955476576,42.74939157461776,48.64008463191651,40.183227595602624,36.13709762833756,41.70468366982299,39.04804057824157,43.36451715400507,45.14746841186115,40.85674974835859,48.01259701370048,51.101885092430784,49.178307128245066,54.2070207998927,58.224878333921836,62.30996582409591,53.23701570336189,67.45447626362538,60.455055702563044,17.613384115495805,18.8790745800741,17.613384115495805,23.567871202126,21.07552324380109,21.51432102112451,24.728718931638976,21.35627647788818,24.589696704107595,22.073462800385446,25.297299480379323,21.682258577002536,29.78221274519407,26.065427293639363,24.87171252648277,30.50551256740329,30.51070987374761,30.082565050208068,24.514049849015155,32.0976227312865,28.682463091582633,32.95940490967639,28.599724823851016,27.5922679749237,34.798149835874895,33.72723813181269,31.67550372133015,34.72823728610481,30.89410922813603,35.759296693307604,33.831024873627456,32.92011281876172,37.901713101125125,34.422890291200126,38.11147261652323,37.24898013368957,36.42364760701487,41.0408199235834,41.92903685991368,47.7471138813646,18.123313714660462,16.50422712519432,16.50422712519432,13.730307826119558,15.58506002555011,14.891106372597035,13.64188700290396,18.123313714660462,14.454839051335025,18.508516526183293,21.47904290232691,22.471212361597228,21.469154641019287,19.632708855377036,24.589153564122533,22.820129557038012,26.625469986462214,25.703919156424377,26.8497562186326,26.016891147867764,25.23967608746198,26.857807226205193,27.225898258827016,29.21992801154719,28.4565178649813,27.747721221750805,31.220269377441316,30.43815086367764,29.027794749171008,32.42738066819459,30.972246302133144,32.92861345395521,33.54695993678116,36.77172328025979,35.61308008302568,39.389107745669996,38.3097069813905,40.166796685819996,39.667797770987995,42.61079704722736,7.382010633966874,7.792530012775055,8.171349949671718,10.214187437089647,14.299862411925508,15.350351136048975,13.612949129413508,15.357862481478339,16.46005640938086,15.610134688720658,14.853032047363259,14.203599015742453,15.530465672348656,15.539744656846842,16.87606189251509,20.81351291829421,19.351863166114008,21.29938461552352,20.083398342909998,19.607971669706178,19.61752565947092,23.26326142225118,22.577173693799672,21.43380218253402,21.44321468437044,24.52340272066664,23.8735569406823,23.29569850852298,22.795302695950323,23.3049773439066,25.80248422148534,24.166024414454274,26.511158122571707,29.195001918136605,31.060931344697313,32.40242548020132,33.28295810170725,34.658288258366134,39.215943339412355,39.57489417547443,8.766414318294567,7.765232836174328,5.943096835825578,5.764,4.323,3.2253105276856675,0.0,2.882,5.943096835825578,7.765232836174328,7.205,8.766414318294567,10.982618312588306,10.190401022530958,10.087,13.288407617167678,15.050529425903928,15.851,17.292,19.230070852703587,18.95552966814697,18.788879503578706,18.96541233403587,20.988986159412274,20.636390478957313,20.380802045061916,20.22589874393719,20.174,22.37756664608554,21.663446840242205,22.38722602289082,23.772387343302313,23.461659617341653,23.10142506426822,25.17241094929129,24.667586525641294,26.576815234335356,25.978386170045283,27.98494068244562,27.53173545201973
30.6664176094959,52.623572750241884,49.756425203183554,46.89282376867488,30.713755761873212,26.103803879894592,40.544,26.22285301030382,33.583399842779464,41.17921758605911,28.439799032341984,38.62803670910547,35.81137835939857,33.00845425038864,27.460615652239117,54.51729399924395,54.50746669035353,53.09497107071441,48.83705790688051,44.59575281346868,32.0373849276123,31.17012005110022,41.66707712331164,47.60448240449632,38.816423946571895,34.49067829138766,40.183227595602624,37.30756878972416,41.70468366982299,43.36451715400507,38.8775184907679,45.98013940822712,49.02809969803031,47.019759591048526,52.097419859336604,56.19226445873132,60.27731016725946,50.842916133911906,65.51810989337223,58.2866203858141,18.307077101492744,18.8790745800741,17.376,23.21277029998789,20.475837174582143,20.72781495961405,23.874252239599045,20.155768429906114,23.377590038325163,20.71463955756894,23.94798465424596,20.091613797801312,28.499594383078506,24.589696704107595,23.3205653447767,29.112317959928923,29.11677415168102,28.52359647730279,22.573734205930574,30.50551256740329,26.888893636592783,31.278512752367238,26.645210601532128,25.560834102196274,32.95940490967639,31.82668270492544,29.64369538367307,32.75905494668611,28.66271447368515,33.72723813181269,31.67550372133015,30.70070227209795,35.759296693307604,32.04875691817079,35.86594296822544,34.94807635621738,34.067046026915804,38.857746923876064,39.3750686602576,45.154347387599344,19.662043840862527,17.481796503792168,15.993050522023621,13.11142650515191,14.764021267933748,13.730307826119558,12.364359465819488,16.93885710430311,12.938807982190632,16.864866320252883,19.662043840862527,20.540110637481973,19.43875924538395,17.389192534445066,22.471212361597228,20.5204099617917,24.514049849015155,23.509879795524263,24.589153564122533,23.676902014410587,22.820129557038012,24.596772816774156,24.832653422459714,26.8497562186326,26.016891147867764,25.23967608746198,28.870478208716943,28.022853530645303,26.484186980158555,30.033787390204388,28.4565178649813,30.43815086367764,30.972246302133144,34.19691952500985,32.947854937764916,36.77172328025979,35.61308008302568,37.492978756028435,36.95789604401203,39.9965748658557,8.432433160126442,7.24,6.469403991095316,8.432433160126442,12.435856263241385,13.322605300766064,11.277008291209153,13.329097193733714,14.299862411925508,13.312734993231107,12.416326711229857,11.63163071112559,12.90124211074267,12.910178465071658,14.203599015742453,18.48883868716475,16.826450724974652,18.81469364619047,17.426181480749015,16.87606189251509,16.885454835449355,20.81351291829421,20.043746156844033,18.746489378014218,18.755713902701757,22.025311462042936,21.29938461552352,20.64961580756407,20.083398342909998,20.658688075480494,23.26326142225118,21.43380218253402,23.8735569406823,26.511158122571707,28.407198031484906,29.728752025606457,30.550464742782555,31.91342377433045,36.47248431352052,36.74531568785333,11.618583734689869,10.494493079706137,8.766414318294567,8.646,7.205,5.943096835825578,2.882,0.0,3.2253105276856675,5.203378229573553,4.323,5.943096835825578,8.413225362487326,7.349063137570666,7.205,10.494493079706137,12.319298681337342,12.969,14.41,16.435465828506352,16.11338006130309,15.917000502607268,16.12321732781643,18.23624215676026,17.829290507476735,17.532828636589134,17.352520508560133,17.292,19.607971669706178,18.788879503578706,19.61752565947092,20.988986159412274,20.636390478957313,20.22589874393719,22.37756664608554,21.808141621880576,23.772387343302313,23.10142506426822,25.17241094929129,24.667586525641294
30.415540517965486,51.67407443776811,48.83705790688051,46.00739193868742,29.842815299498806,24.992714638470147,39.202080812120165,24.616,31.88857502303921,39.33427951545573,26.42007617324371,36.65601855084646,33.79911407122974,30.94947754001673,25.281834427113868,52.623572750241884,52.61366694120454,51.189592936455355,46.89282376867488,42.60563447479688,29.842815299498806,28.838575901039217,39.373426165371995,45.33462871801202,36.28780120095457,31.751603817760138,37.52558700406964,34.49067829138766,38.93772838777321,40.505994025576015,35.89553286970399,42.95808580465382,45.98013940822712,43.92793266248709,49.02809969803031,53.16293672287114,57.24580956716395,47.651493082588715,62.54016117663913,55.1845359498474,18.123313714660462,17.905689179699284,16.18663362160273,21.767748643348487,18.824,18.8790745800741,21.910370238770497,17.905689179699284,21.07552324380109,18.307077101492744,21.51432102112451,17.481796503792168,26.090242850537056,22.038768114393324,20.71463955756894,26.602537942835454,26.606331295389076,25.877615964381263,19.662043840862527,27.823414905435314,24.06551360349494,28.52359647730279,23.70635096340219,22.573734205930574,30.082565050208068,28.90967810267005,26.645210601532128,29.793984510300064,25.550942546215392,30.72045735336634,28.599724823851016,27.5922679749237,32.68539979868687,28.870478208716943,32.73929457089752,31.797122401248828,30.89410922813603,35.759296693307604,36.15165528713727,41.92903685991368,20.428374874179294,17.64703853341971,14.5515250403523,11.673283042914706,13.032,11.673283042914706,10.237918587291071,14.764021267933748,10.537761621900545,14.249797191539253,16.864866320252883,17.64703853341971,16.479702454838193,14.299862411925508,19.43875924538395,17.389192534445066,21.47904290232691,20.428374874179294,21.469154641019287,20.5204099617917,19.632708855377036,21.47653885056901,21.65285865653771,23.676902014410587,22.820129557038012,22.025311462042936,25.703919156424377,24.832653422459714,23.26326142225118,26.8497562186326,25.23967608746198,27.225898258827016,27.747721221750805,30.972246302133144,29.728752025606457,33.54695993678116,32.40242548020132,34.27608244826121,33.75212378503018,36.77172328025979,9.244419343582376,6.469403991095316,4.344,5.968563059899761,9.704105986642974,10.426170917455748,8.171349949671718,10.4317026414675,11.286867102965287,10.214187437089647,9.244419343582376,8.413225362487326,9.675931583057004,9.684868197347862,10.982618312588306,15.350351136048975,13.612949129413508,15.610134688720658,14.203599015742453,13.677181617570193,13.68666420279244,17.617792029650026,16.826450724974652,15.530465672348656,15.539744656846842,18.81469364619047,18.075827643568633,17.426181480749015,16.87606189251509,17.435278059153514,20.043746156844033,18.23624215676026,20.64961580756407,23.29569850852298,25.18566322334991,26.511158122571707,27.354363235140386,28.72439703457672,33.28295810170725,33.645292583064276,14.698126275141332,13.04958485929725,11.528,11.618583734689869,10.190401022530958,8.646,5.943096835825578,3.2253105276856675,0.0,2.0428374874179296,2.0428374874179296,2.882,5.203378229573553,4.323,4.559060539190065,7.349063137570666,9.11812107838013,10.190401022530958,11.618583734689869,13.288407617167678,13.04958485929725,12.969,13.059523153622417,15.050529425903928,14.698126275141332,14.482568971007872,14.41,14.482568971007872,16.435465828506352,15.851,16.44511042833097,17.829290507476735,17.532828636589134,17.292,19.230070852703587,18.788879503578706,20.636390478957313,20.174,22.047189412712,21.663446840242205
29.78221274519407,50.563668854227735,47.74850447919809,44.94361338388359,28.838575901039217,23.874252239599045,37.8953853786975,23.21277029998789,30.408,37.7581491601482,24.784135651662336,35.01984912874411,32.14798695097409,29.280879921887593,23.567871202126,51.0067259878538,50.99679005584567,49.56827130332467,45.25656018744686,40.951674349164286,28.109319451029048,27.041525863012982,37.579084195866194,43.54564097587725,34.394762639099575,29.78221274519407,35.581721951024235,32.49497511923959,36.95578472986333,38.49692144834441,33.86060130889586,40.91767472621092,43.93782945253441,41.885674412619885,46.98526221061238,51.12166820439255,55.20432131636073,45.640259114076024,60.50437624668153,53.14315241872654,17.64703853341971,16.93885710430311,15.111542906004006,20.475837174582143,17.435649027208594,17.376,20.323150961403595,16.18663362160273,19.314018354552736,16.50422712519432,19.686713082685998,15.58506002555011,24.26248645543156,20.155768429906114,18.810566206257587,24.728718931638976,24.73221704578868,23.94798465424596,17.64703853341971,25.877615964381263,22.073462800385446,26.550916839160188,21.682258577002536,20.540110637481973,28.071523382246287,26.888893636592783,24.608884107167476,27.762774789274935,23.509879795524263,28.682463091582633,26.556887336433086,25.550942546215392,30.642562311268946,26.8497562186326,30.70070227209795,29.76444375425148,28.870478208716943,33.71734320791008,34.19691952500985,39.9965748658557,20.5204099617917,17.399074917937448,13.346870344766222,10.537761621900545,11.673283042914706,10.136,8.688,13.11142650515191,8.806692057747902,12.364359465819488,14.891106372597035,15.639256376183619,14.454839051335025,12.257024924507578,17.399074917937448,15.350351136048975,19.43875924538395,18.385537386761367,19.428873461938032,18.48883868716475,17.617792029650026,19.436291415802554,19.632708855377036,21.65285865653771,20.81351291829421,20.043746156844033,23.676902014410587,22.820129557038012,21.29938461552352,24.832653422459714,23.26326142225118,25.23967608746198,25.80248422148534,29.027794749171008,27.848129919260288,31.629502430484106,30.550464742782555,32.40242548020132,31.91342377433045,34.85236296149803,9.675931583057004,6.128512462253789,3.234701995547658,4.344,7.792530012775055,8.432433160126442,6.128512462253789,8.437564162719001,9.254258263091646,8.171349949671718,7.217619552179236,6.450621055371335,7.765232836174328,7.774512267660268,9.11812107838013,13.312734993231107,11.63163071112559,13.612949129413508,12.319298681337342,11.886193671651156,11.895892568445632,15.610134688720658,14.853032047363259,13.677181617570193,13.68666420279244,16.826450724974652,16.12655263842834,15.530465672348656,15.050529425903928,15.539744656846842,18.075827643568633,16.435465828506352,18.746489378014218,21.43380218253402,23.29569850852298,24.638597362674684,25.544482946421134,26.929490229114997,31.483479239118413,31.998236513908076,16.435465828506352,14.41,13.04958485929725,13.288407617167678,11.886193671651156,10.190401022530958,7.765232836174328,5.203378229573553,2.0428374874179296,0.0,2.896,2.0428374874179296,3.2253105276856675,3.2253105276856675,4.085674974835859,5.764,7.349063137570666,9.11812107838013,10.494493079706137,11.618583734689869,11.528,11.618583734689869,11.538,13.288407617167678,13.04958485929725,12.969,13.04958485929725,13.288407617167678,14.698126275141332,14.482568971007872,14.70793037786078,16.11338006130309,15.917000502607268,15.917000502607268,17.532828636589134,17.292,18.95552966814697,18.788879503578706,20.380802045061916,20.174
32.347019955476576,53.38748137906489,50.563668854227735,47.74850447919809,31.613284865701633,26.693740689532444,40.77381837650234,26.103803879894592,33.304,40.64630192280719,27.662539073628075,37.8953853786975,35.01984912874411,32.14798695097409,26.42007617324371,53.885169314014405,53.875226700219095,52.44570602060764,48.130389069692754,43.820740477540994,30.94947754001673,29.842815299498806,40.376289886516325,46.344658030888525,37.09307839745847,32.347019955476576,38.196278679997086,34.98084801716505,39.47944772916663,40.925661008711884,36.13709762833756,43.11340924816779,46.08068603004951,43.93782945253441,49.08053024367198,53.290421203064255,57.36492618316527,47.35380402882117,62.74985635840133,55.1566121602841,20.091613797801312,19.686713082685998,17.905689179699284,23.346566085829412,20.323150961403595,20.272,23.21277029998789,19.04334266876485,22.14603190190062,19.314018354552736,22.471806691941794,18.307077101492744,27.041525863012982,22.883846376865932,21.51432102112451,27.460615652239117,27.463765801506536,26.602537942835454,20.091613797801312,28.499594383078506,24.589696704107595,29.112317959928923,24.06551360349494,22.85908871761952,30.50551256740329,29.278006369969933,26.888893636592783,30.082565050208068,25.560834102196274,30.93335974316401,28.682463091582633,27.602160658180367,32.75905494668611,28.66271447368515,32.68539979868687,31.67550372133015,30.70070227209795,35.769192121153644,35.63805686341499,41.33708515364865,22.471212361597228,19.662043840862527,16.18663362160273,13.346870344766222,14.5515250403523,13.032,11.584,15.993050522023621,11.673283042914706,15.111542906004006,17.481796503792168,18.123313714660462,16.864866320252883,14.454839051335025,19.662043840862527,17.399074917937448,21.682258577002536,20.540110637481973,21.47904290232691,20.428374874179294,19.428873461938032,21.485753047077498,21.469154641019287,23.509879795524263,22.554016582418306,21.65285865653771,25.550942546215392,24.589153564122533,22.820129557038012,26.625469986462214,24.832653422459714,26.8497562186326,27.225898258827016,30.43815086367764,29.027794749171008,32.92861345395521,31.629502430484106,33.54695993678116,32.947854937764916,36.15165528713727,11.277008291209153,8.432433160126442,5.968563059899761,7.24,10.537761621900545,11.019384057196662,8.432433160126442,11.02331098173321,11.66028267238835,10.426170917455748,9.254258263091646,8.171349949671718,9.244419343582376,9.252215356334935,10.406756459147106,15.36022867668317,13.312734993231107,15.350351136048975,13.612949129413508,12.90124211074267,12.910178465071658,17.389192534445066,16.46005640938086,14.853032047363259,14.861764397271275,18.48883868716475,17.617792029650026,16.826450724974652,16.12655263842834,16.835015414308355,19.632708855377036,17.426181480749015,20.043746156844033,22.577173693799672,24.52340272066664,25.80248422148534,26.511158122571707,27.848129919260288,32.40242548020132,32.51821649475875,15.917000502607268,14.698126275141332,13.04958485929725,12.969,11.528,10.190401022530958,7.205,4.323,2.0428374874179296,2.896,0.0,2.0428374874179296,5.213085458727874,3.2253105276856675,2.882,6.450621055371335,8.413225362487326,8.646,10.087,12.319298681337342,11.886193671651156,11.618583734689869,11.895892568445632,14.203599015742453,13.677181617570193,13.288407617167678,13.04958485929725,12.969,15.530465672348656,14.482568971007872,15.539744656846842,16.87606189251509,16.435465828506352,15.917000502607268,18.23624215676026,17.532828636589134,19.607971669706178,18.788879503578706,20.988986159412274,20.380802045061916
31.751603817760138,52.31307065160676,49.512681375582964,46.72395001495485,30.6664176094959,25.64877153003629,39.518614753050244,24.784135651662336,31.88857502303921,39.122547169119755,26.103803879894592,36.31454149510909,33.4284660132648,30.544269315208705,24.784135651662336,52.30694708162578,52.29698129911515,50.86404161094555,46.537224079225005,42.2139360045945,29.280879921887593,28.109319451029048,38.62803670910547,44.59575281346868,35.24274677149896,30.415540517965486,36.28780120095457,33.014175758301164,37.52558700406964,38.93772838777321,34.115984816505005,41.08022127496395,44.042579579311656,41.895570935362606,47.03953983618462,51.2538356125666,55.32746776240532,45.32891758028202,60.720769198026474,53.11377467286617,19.662043840862527,18.810566206257587,16.93885710430311,22.14603190190062,19.04334266876485,18.8790745800741,21.72,17.435649027208594,20.475837174582143,17.613384115495805,20.72781495961405,16.50422712519432,25.281834427113868,21.07552324380109,19.686713082685998,25.64877153003629,25.651582426821157,24.728718931638976,18.123313714660462,26.602537942835454,22.642913968833604,27.181652635555476,22.073462800385446,20.852341834911496,28.52359647730279,27.28377400580792,24.87171252648277,28.071523382246287,23.51976991809231,28.90967810267005,26.645210601532128,25.560834102196274,30.72045735336634,26.625469986462214,30.642562311268946,29.633801797946887,28.66271447368515,33.72723813181269,33.652901449949304,39.3750686602576,22.554016582418306,19.43875924538395,15.111542906004006,12.364359465819488,13.346870344766222,11.673283042914706,10.237918587291071,14.48,10.136,13.346870344766222,15.58506002555011,16.173509977738288,14.891106372597035,12.435856263241385,17.64703853341971,15.36022867668317,19.662043840862527,18.508516526183293,19.43875924538395,18.385537386761367,17.389192534445066,19.445432394266785,19.428873461938032,21.469154641019287,20.5204099617917,19.632708855377036,23.509879795524263,22.554016582418306,20.81351291829421,24.589153564122533,22.820129557038012,24.832653422459714,25.23967608746198,28.4565178649813,27.0978239901288,30.972246302133144,29.728752025606457,31.629502430484106,31.060931344697313,34.19691952500985,11.63163071112559,8.171349949671718,5.213085458727874,5.968563059899761,8.806692057747902,9.153538550746372,6.469403991095316,9.156691979093761,9.704105986642974,8.432433160126442,7.2274195256675124,6.128512462253789,7.217619552179236,7.225608071297529,8.413225362487326,13.322605300766064,11.277008291209153,13.312734993231107,11.63163071112559,10.982618312588306,10.991803537181694,15.350351136048975,14.435239104358471,12.90124211074267,12.910178465071658,16.46005640938086,15.610134688720658,14.853032047363259,14.203599015742453,14.861764397271275,17.617792029650026,15.530465672348656,18.075827643568633,20.64961580756407,22.577173693799672,23.8735569406823,24.638597362674684,25.9920055594023,30.550464742782555,30.81031296497976,17.532828636589134,15.917000502607268,14.41,14.482568971007872,13.04958485929725,11.528,8.766414318294567,5.943096835825578,2.882,2.0428374874179296,2.0428374874179296,0.0,3.234701995547658,1.441,2.0428374874179296,4.559060539190065,6.450621055371335,7.349063137570666,8.766414318294567,10.494493079706137,10.190401022530958,10.087,10.200299652461196,12.319298681337342,11.886193671651156,11.618583734689869,11.528,11.618583734689869,13.677181617570193,12.969,13.68666420279244,15.050529425903928,14.698126275141332,14.41,16.435465828506352,15.917000502607268,17.829290507476735,17.292,19.230070852703587,18.788879503578706
30.082565050208068,49.90950566775832,47.14425356286809,44.395677312098755,28.499594383078506,23.377590038325163,36.91005316983437,22.14603190190062,29.1030500807046,36.2,23.168,33.33516007161207,30.442124515217397,27.549711885970783,21.767748643348487,49.31628278773655,49.30629988145532,47.87083224678677,43.53549728669697,39.202080812120165,26.22285301030382,24.992714638470147,35.49103448759982,41.4556299192281,32.0373849276123,27.181652635555476,33.05815217158999,29.78221274519407,34.291408034666645,35.7151473887481,30.93335974316401,37.93131435898313,40.91767472621092,38.81391226094066,43.93782945253441,48.119193717268374,52.19722475381234,42.44997658421026,57.55634777329083,50.05499104984437,18.385537386761367,16.864866320252883,14.891106372597035,19.686713082685998,16.50422712519432,16.18663362160273,18.8790745800741,14.48,17.435649027208594,14.5515250403523,17.613384115495805,13.346870344766222,22.14603190190062,17.905689179699284,16.50422712519432,22.471806691941794,22.47437376213184,21.51432102112451,14.891106372597035,23.377590038325163,19.408211973285947,23.94798465424596,18.853348588513395,17.64703853341971,25.297299480379323,24.06551360349494,21.682258577002536,24.87171252648277,20.428374874179294,25.733406012418957,23.51976991809231,22.471212361597228,27.602160658180367,23.676902014410587,27.5922679749237,26.625469986462214,25.703919156424377,30.642562311268946,30.972246302133144,36.77172328025979,22.025311462042936,18.48883868716475,12.938807982190632,10.426170917455748,11.019384057196662,9.153538550746372,7.792530012775055,11.673283042914706,7.382010633966874,10.237918587291071,12.364359465819488,12.938807982190632,11.66028267238835,9.254258263091646,14.454839051335025,12.257024924507578,16.479702454838193,15.36022867668317,16.342699899343437,15.350351136048975,14.435239104358471,16.349755349851566,16.46005640938086,18.48883868716475,17.617792029650026,16.826450724974652,20.5204099617917,19.632708855377036,18.075827643568633,21.65285865653771,20.043746156844033,22.025311462042936,22.577173693799672,25.80248422148534,24.638597362674684,28.407198031484906,27.354363235140386,29.195001918136605,28.72439703457672,31.629502430484106,11.886193671651156,7.765232836174328,4.559060539190065,4.085674974835859,5.792,5.968563059899761,3.234701995547658,5.970985262081962,6.469403991095316,5.213085458727874,4.085674974835859,3.2253105276856675,4.559060539190065,4.568543859918607,5.943096835825578,10.214187437089647,8.413225362487326,10.406756459147106,9.11812107838013,8.766414318294567,8.776277115041434,12.416326711229857,11.63163071112559,10.494493079706137,10.504105149892588,13.612949129413508,12.90124211074267,12.319298681337342,11.886193671651156,12.328656861150773,14.853032047363259,13.288407617167678,15.530465672348656,18.23624215676026,20.083398342909998,21.43380218253402,22.37756664608554,23.772387343302313,28.320085469503795,28.965137942015744,19.607971669706178,17.352520508560133,16.11338006130309,16.435465828506352,15.050529425903928,13.288407617167678,10.982618312588306,8.413225362487326,5.203378229573553,3.2253105276856675,5.213085458727874,3.234701995547658,0.0,2.896,4.344,3.2253105276856675,4.323,7.217619552179236,8.413225362487326,8.646,8.766414318294567,9.11812107838013,8.776277115041434,10.190401022530958,10.087,10.190401022530958,10.494493079706137,10.982618312588306,11.618583734689869,11.886193671651156,11.62850583695085,13.04958485929725,12.969,13.288407617167678,14.482568971007872,14.482568971007872,15.917000502607268,16.11338006130309,17.352520508560133,17.352520508560133
32.49497511923959,52.68880810950272,49.90950566775832,47.14425356286809,31.17012005110022,26.090242850537056,39.754361282757394,24.992714638470147,31.986101044047242,39.096,26.064,36.22866932416922,33.33516007161207,30.442124515217397,24.658141393868274,52.207607759789184,52.19762301101459,50.76187864923834,46.42554059997578,42.09078269645268,29.1030500807046,27.849568632206854,38.33123959644404,44.29206380380124,34.798045706619796,29.82959818703564,35.74005283991617,32.347019955476576,36.88374461737853,38.211015492917745,33.284161894210285,40.18591475878084,43.11340924816779,40.91767472621092,46.08068603004951,50.334024476491045,54.40019411730072,44.19234322821093,59.8423869928331,52.107317422795816,20.540110637481973,19.408211973285947,17.481796503792168,22.471806691941794,19.314018354552736,19.04334266876485,21.767748643348487,17.376,20.323150961403595,17.435649027208594,20.475837174582143,16.18663362160273,24.992714638470147,20.72781495961405,19.314018354552736,25.281834427113868,25.284116199701344,24.26248645543156,17.481796503792168,26.090242850537056,22.038768114393324,26.602537942835454,21.35627647788818,20.091613797801312,27.823414905435314,26.550916839160188,24.06551360349494,27.28377400580792,22.573734205930574,28.071523382246287,25.733406012418957,24.608884107167476,29.793984510300064,25.550942546215392,29.64369538367307,28.599724823851016,27.5922679749237,32.75905494668611,32.42738066819459,38.115632291751375,23.676902014410587,20.428374874179294,15.58506002555011,12.938807982190632,13.730307826119558,11.937126119799522,10.537761621900545,14.5515250403523,10.237918587291071,13.11142650515191,15.111542906004006,15.58506002555011,14.249797191539253,11.66028267238835,16.864866320252883,14.454839051335025,18.853348588513395,17.64703853341971,18.508516526183293,17.399074917937448,16.342699899343437,18.51474666313315,18.385537386761367,20.428374874179294,19.428873461938032,18.48883868716475,22.471212361597228,21.469154641019287,19.632708855377036,23.509879795524263,21.65285865653771,23.676902014410587,24.017145958668777,27.225898258827016,25.80248422148534,29.706064094726518,28.407198031484906,30.32231298895254,29.728752025606457,32.92861345395521,12.90124211074267,9.244419343582376,6.128512462253789,6.469403991095316,8.688,8.806692057747902,5.968563059899761,8.808333837906009,9.153538550746372,7.792530012775055,6.469403991095316,5.213085458727874,6.128512462253789,6.135570470624553,7.217619552179236,12.435856263241385,10.214187437089647,12.257024924507578,10.406756459147106,9.675931583057004,9.684868197347862,14.299862411925508,13.312734993231107,11.63163071112559,11.64030381905902,15.350351136048975,14.435239104358471,13.612949129413508,12.90124211074267,13.621418575170503,16.46005640938086,14.203599015742453,16.826450724974652,19.351863166114008,21.29938461552352,22.577173693799672,23.29569850852298,24.638597362674684,29.195001918136605,29.396252550282664,18.95552966814697,17.352520508560133,15.851,15.917000502607268,14.482568971007872,12.969,10.190401022530958,7.349063137570666,4.323,3.2253105276856675,3.2253105276856675,1.441,2.896,0.0,1.448,3.2253105276856675,5.203378229573553,5.943096835825578,7.349063137570666,9.11812107838013,8.766414318294567,8.646,8.776277115041434,10.982618312588306,10.494493079706137,10.190401022530958,10.087,10.190401022530958,12.319298681337342,11.528,12.328656861150773,13.677181617570193,13.288407617167678,12.969,15.050529425903928,14.482568971007872,16.435465828506352,15.851,17.829290507476735,17.352520508560133
33.729732640505766,54.083051726025964,51.29754306007258,48.52497291086312,32.51985928628843,27.460615652239117,41.17921758605911,26.42007617324371,33.4284660132648,40.544,27.512,37.67556748079583,34.781862874205,31.88857502303921,26.103803879894592,53.653459347930216,53.64347378759135,52.207607759789184,47.87083224678677,43.53549728669697,30.544269315208705,29.280879921887593,39.754361282757394,45.7130819350435,36.18631057458055,31.17012005110022,37.09307839745847,33.64958490085725,38.196278679997086,39.47944772916663,34.49067829138766,41.34319079364823,44.24150929839532,42.00493276985455,47.182286093405864,51.466812024837914,55.52554957854987,45.10803316483661,61.004839553923915,53.16293672287114,21.682258577002536,20.71463955756894,18.810566206257587,23.874252239599045,20.72781495961405,20.475837174582143,23.21277029998789,18.824,21.767748643348487,18.8790745800741,21.910370238770497,17.613384115495805,26.42007617324371,22.14603190190062,20.72781495961405,26.693740689532444,26.69590178285798,25.64877153003629,18.810566206257587,27.460615652239117,23.377590038325163,27.947802507531787,22.642913968833604,21.35627647788818,29.112317959928923,27.823414905435314,25.297299480379323,28.52359647730279,23.70635096340219,29.278006369969933,26.888893636592783,25.733406012418957,30.93335974316401,26.556887336433086,30.72045735336634,29.64369538367307,28.599724823851016,33.86060130889586,33.22578241366184,38.851157421626446,24.589153564122533,21.47904290232691,16.93885710430311,14.249797191539253,15.111542906004006,13.346870344766222,11.937126119799522,15.993050522023621,11.673283042914706,14.5515250403523,16.50422712519432,16.93885710430311,15.58506002555011,12.938807982190632,18.123313714660462,15.639256376183619,20.091613797801312,18.853348588513395,19.662043840862527,18.508516526183293,17.399074917937448,19.66790858225653,19.43875924538395,21.47904290232691,20.428374874179294,19.428873461938032,23.51976991809231,22.471212361597228,20.5204099617917,24.514049849015155,22.554016582418306,24.589153564122533,24.832653422459714,28.022853530645303,26.484186980158555,30.43815086367764,29.027794749171008,30.972246302133144,30.32231298895254,33.652901449949304,13.612949129413508,10.214187437089647,7.2274195256675124,7.792530012775055,10.136,10.237918587291071,7.382010633966874,10.239330886342135,10.537761621900545,9.153538550746372,7.792530012775055,6.469403991095316,7.2274195256675124,7.233405352944075,8.171349949671718,13.64188700290396,11.286867102965287,13.322605300766064,11.277008291209153,10.406756459147106,10.415066010352502,15.36022867668317,14.299862411925508,12.416326711229857,12.424452060352602,16.342699899343437,15.350351136048975,14.435239104358471,13.612949129413508,14.443226370863263,17.389192534445066,14.853032047363259,17.617792029650026,20.043746156844033,22.025311462042936,23.26326142225118,23.8735569406823,25.18566322334991,29.728752025606457,29.71548417912789,18.788879503578706,17.532828636589134,15.917000502607268,15.851,14.41,13.04958485929725,10.087,7.205,4.559060539190065,4.085674974835859,2.882,2.0428374874179296,4.344,1.448,0.0,4.085674974835859,6.128512462253789,5.764,7.205,9.675931583057004,9.11812107838013,8.766414318294567,9.12760384766999,11.63163071112559,10.982618312588306,10.494493079706137,10.190401022530958,10.087,12.90124211074267,11.618583734689869,12.910178465071658,14.203599015742453,13.677181617570193,13.04958485929725,15.530465672348656,14.698126275141332,16.87606189251509,15.917000502607268,18.23624215676026,17.532828636589134
32.95940490967639,52.18048570107411,49.45743786327795,46.755180076650326,31.057338005695208,25.877615964381263,38.97588322283409,24.26248645543156,30.94947754001673,37.7581491601482,24.784135651662336,34.781862874205,31.88857502303921,28.99582868276056,23.21277029998789,50.68,50.67,49.232,44.888,40.544,27.512,26.103803879894592,36.45721230428898,42.38574949201677,32.66063013782802,27.460615652239117,33.41485156333932,29.82959818703564,34.394762639099575,35.581721951024235,30.50551256740329,37.30756878972416,40.18591475878084,37.93131435898313,43.11340924816779,47.41270192680438,51.466812024837914,41.0408199235834,56.969143797322424,49.08053024367198,21.469154641019287,19.662043840862527,17.64703853341971,22.038768114393324,18.810566206257587,18.307077101492744,20.72781495961405,16.18663362160273,18.8790745800741,15.993050522023621,18.824,14.48,23.21277029998789,18.8790745800741,17.435649027208594,23.346566085829412,23.347802637507456,22.14603190190062,15.111542906004006,23.874252239599045,19.686713082685998,24.26248645543156,18.810566206257587,17.481796503792168,25.26863259062508,23.94798465424596,21.35627647788818,24.589696704107595,19.662043840862527,25.297299480379323,22.85908871761952,21.682258577002536,26.888893636592783,22.471212361597228,26.645210601532128,25.560834102196274,24.514049849015155,29.793984510300064,29.21992801154719,34.89489213337677,25.23967608746198,21.65285865653771,15.639256376183619,13.322605300766064,13.64188700290396,11.66028267238835,10.426170917455748,13.730307826119558,9.704105986642974,11.673283042914706,13.11142650515191,13.346870344766222,11.937126119799522,9.153538550746372,14.249797191539253,11.66028267238835,16.173509977738288,14.891106372597035,15.639256376183619,14.454839051335025,13.322605300766064,15.644786991199336,15.36022867668317,17.399074917937448,16.342699899343437,15.350351136048975,19.43875924538395,18.385537386761367,16.46005640938086,20.428374874179294,18.48883868716475,20.5204099617917,20.81351291829421,24.017145958668777,22.577173693799672,26.484186980158555,25.18566322334991,27.0978239901288,26.511158122571707,29.706064094726518,15.050529425903928,10.982618312588306,7.765232836174328,7.217619552179236,7.792530012775055,7.382010633966874,4.576769275373186,7.380065108113884,7.24,5.792,4.344,2.896,3.234701995547658,3.2391691836024865,4.085674974835859,9.704105986642974,7.2274195256675124,9.254258263091646,7.217619552179236,6.450621055371335,6.459558189226257,11.286867102965287,10.214187437089647,8.413225362487326,8.421790842807722,12.257024924507578,11.277008291209153,10.406756459147106,9.675931583057004,10.415066010352502,13.312734993231107,10.982618312588306,13.612949129413508,16.12655263842834,18.075827643568633,19.351863166114008,20.083398342909998,21.43380218253402,25.9920055594023,26.299242954883702,22.047189412712,20.174,18.788879503578706,18.95552966814697,17.532828636589134,15.917000502607268,13.288407617167678,10.494493079706137,7.349063137570666,5.764,6.450621055371335,4.559060539190065,3.2253105276856675,3.2253105276856675,4.085674974835859,0.0,2.0428374874179296,4.085674974835859,5.203378229573553,5.943096835825578,5.764,5.943096835825578,5.774,7.765232836174328,7.349063137570666,7.205,7.349063137570666,7.765232836174328,9.11812107838013,8.766414318294567,9.12760384766999,10.494493079706137,10.190401022530958,10.190401022530958,11.886193671651156,11.528,13.288407617167678,13.04958485929725,14.698126275141332,14.41
32.75905494668611,51.324808280206945,48.64008463191651,45.98101078706296,30.50551256740329,25.297299480379323,37.991246149606624,23.377590038325163,29.842815299498806,36.45721230428898,23.567871202126,33.4284660132648,30.544269315208705,27.662539073628075,21.910370238770497,49.25308421814821,49.243088499808785,47.80572284779303,43.46389399260035,39.122547169119755,26.103803879894592,24.616,34.87129805441719,40.77381837650234,30.94947754001673,25.64877153003629,31.613284865701633,27.947802507531787,32.51985928628843,33.64958490085725,28.52359647730279,35.29407706683942,38.16052410541553,35.89553286970399,41.08022127496395,45.38776972930042,49.439107364514584,39.008660282045064,54.95406580044829,47.03953983618462,21.65285865653771,19.43875924538395,17.399074917937448,21.35627647788818,18.123313714660462,17.481796503792168,19.686713082685998,15.111542906004006,17.613384115495805,14.764021267933748,17.435649027208594,13.11142650515191,21.72,17.376,15.928,21.767748643348487,21.768412918722394,20.475837174582143,13.346870344766222,22.14603190190062,17.905689179699284,22.471806691941794,16.93885710430311,15.58506002555011,23.377590038325163,22.038768114393324,19.408211973285947,22.642913968833604,17.64703853341971,23.3205653447767,20.852341834911496,19.662043840862527,24.87171252648277,20.428374874179294,24.608884107167476,23.51976991809231,22.471212361597228,27.762774789274935,27.225898258827016,32.92861345395521,25.80248422148534,22.025311462042936,15.36022867668317,13.312734993231107,13.322605300766064,11.286867102965287,10.214187437089647,12.938807982190632,9.254258263091646,10.537761621900545,11.584,11.673283042914706,10.237918587291071,7.382010633966874,12.364359465819488,9.704105986642974,14.249797191539253,12.938807982190632,13.64188700290396,12.435856263241385,11.286867102965287,13.647171172078117,13.322605300766064,15.36022867668317,14.299862411925508,13.312734993231107,17.399074917937448,16.342699899343437,14.435239104358471,18.385537386761367,16.46005640938086,18.48883868716475,18.81469364619047,22.025311462042936,20.64961580756407,24.52340272066664,23.29569850852298,25.18566322334991,24.638597362674684,27.747721221750805,16.11338006130309,11.886193671651156,8.766414318294567,7.765232836174328,7.2274195256675124,6.469403991095316,4.085674974835859,6.464955374942661,5.968563059899761,4.576769275373186,3.234701995547658,2.0428374874179296,1.448,1.448034529975028,2.0428374874179296,7.792530012775055,5.213085458727874,7.2274195256675124,5.203378229573553,4.559060539190065,4.568543859918607,9.254258263091646,8.171349949671718,6.450621055371335,6.459558189226257,10.214187437089647,9.244419343582376,8.413225362487326,7.765232836174328,8.421790842807722,11.277008291209153,9.11812107838013,11.63163071112559,14.203599015742453,16.12655263842834,17.426181480749015,18.23624215676026,19.607971669706178,24.166024414454274,24.667586525641294,23.772387343302313,21.663446840242205,20.380802045061916,20.636390478957313,19.230070852703587,17.532828636589134,15.050529425903928,12.319298681337342,9.11812107838013,7.349063137570666,8.413225362487326,6.450621055371335,4.323,5.203378229573553,6.128512462253789,2.0428374874179296,0.0,4.576769275373186,5.213085458727874,4.323,4.559060539190065,5.203378229573553,4.568543859918607,5.943096835825578,5.764,5.943096835825578,6.450621055371335,7.217619552179236,7.349063137570666,7.765232836174328,7.358867372089268,8.766414318294567,8.646,9.11812107838013,10.190401022530958,10.190401022530958,11.618583734689869,11.886193671651156,13.04958485929725,13.04958485929725
37.017033052366585,55.89560501506357,53.20507588567091,50.53726518125016,34.98084801716505,29.78221274519407,42.56772130382363,27.947802507531787,34.40798936293721,40.951674349164286,28.109319451029048,37.8953853786975,35.01984912874411,32.14798695097409,26.42007617324371,53.653459347930216,53.64347378759135,52.207607759789184,47.87083224678677,43.53549728669697,30.544269315208705,28.99582868276056,39.122547169119755,44.98042316386096,35.01984912874411,29.528042535867495,35.49103448759982,31.613284865701633,36.18631057458055,37.09307839745847,31.731318299118932,38.211015492917745,40.925661008711884,38.49692144834441,43.70975873875307,48.13102720698988,52.130854587278726,40.85674974835859,57.78856240641396,49.439107364514584,25.550942546215392,23.70635096340219,21.682258577002536,25.877615964381263,22.642913968833604,22.038768114393324,24.26248645543156,19.686713082685998,22.14603190190062,19.314018354552736,21.910370238770497,17.613384115495805,26.103803879894592,21.767748643348487,20.323150961403595,26.064,26.064001918354748,24.658141393868274,17.435649027208594,26.22285301030382,21.910370238770497,26.42007617324371,20.72781495961405,19.314018354552736,27.041525863012982,25.64877153003629,22.883846376865932,26.090242850537056,20.71463955756894,26.602537942835454,23.94798465424596,22.642913968833604,27.823414905435314,22.85908871761952,27.28377400580792,26.065427293639363,24.87171252648277,30.50551256740329,28.66271447368515,34.067046026915804,29.21992801154719,25.703919156424377,19.662043840862527,17.399074917937448,17.64703853341971,15.639256376183619,14.454839051335025,17.481796503792168,13.64188700290396,15.111542906004006,15.993050522023621,15.928,14.48,11.584,16.18663362160273,13.346870344766222,17.905689179699284,16.50422712519432,16.93885710430311,15.58506002555011,14.249797191539253,16.942262540758836,16.173509977738288,18.123313714660462,16.864866320252883,15.639256376183619,20.091613797801312,18.853348588513395,16.479702454838193,20.852341834911496,18.508516526183293,20.540110637481973,20.428374874179294,23.509879795524263,21.65285865653771,25.703919156424377,24.017145958668777,26.016891147867764,25.23967608746198,28.870478208716943,18.746489378014218,14.853032047363259,11.63163071112559,11.277008291209153,11.66028267238835,11.019384057196662,8.432433160126442,11.015464810892002,10.537761621900545,9.153538550746372,7.792530012775055,6.469403991095316,5.968563059899761,5.966156635556931,5.792,11.673283042914706,8.806692057747902,10.537761621900545,7.792530012775055,6.469403991095316,6.4738649970477455,12.364359465819488,11.019384057196662,8.432433160126442,8.437564162719001,12.938807982190632,11.66028267238835,10.426170917455748,9.254258263091646,10.4317026414675,13.64188700290396,10.214187437089647,13.322605300766064,15.350351136048975,17.389192534445066,18.48883868716475,18.81469364619047,20.043746156844033,24.52340272066664,24.166024414454274,24.539757802390795,23.237167469379738,21.663446840242205,21.615,20.174,18.788879503578706,15.851,12.969,10.190401022530958,9.11812107838013,8.646,7.349063137570666,7.217619552179236,5.943096835825578,5.764,4.085674974835859,4.576769275373186,0.0,1.441,5.213085458727874,4.085674974835859,3.2253105276856675,4.092735026849405,7.2274195256675124,6.128512462253789,5.203378229573553,4.559060539190065,4.323,8.171349949671718,5.943096835825578,8.178406935338936,9.244419343582376,8.413225362487326,7.349063137570666,10.406756459147106,9.11812107838013,11.63163071112559,10.190401022530958,12.90124211074267,11.886193671651156
37.93131435898313,56.431698618772764,53.76800209232253,51.129571883597855,35.7151473887481,30.50551256740329,43.02864204224902,28.499594383078506,34.798045706619796,41.17921758605911,28.439799032341984,38.0866853375297,35.22676823099161,32.37326724320546,26.693740689532444,53.75012655799054,53.74015895957138,52.30694708162578,47.97915156607086,43.6545751210569,30.713755761873212,29.1030500807046,39.096,44.91112362210503,34.87129805441719,29.280879921887593,35.22676823099161,31.249935823934102,35.81137835939857,36.61415420298549,31.17012005110022,37.52558700406964,40.183227595602624,37.70669717702679,42.91875040119411,47.37002158538668,51.348254507821395,39.85337176450695,57.04719295460558,48.570460323122326,26.625469986462214,24.608884107167476,22.573734205930574,26.550916839160188,23.3205653447767,22.642913968833604,24.728718931638976,20.155768429906114,22.471806691941794,19.686713082685998,22.14603190190062,17.905689179699284,26.22285301030382,21.910370238770497,20.475837174582143,26.103803879894592,26.10325376270169,24.616,17.376,26.103803879894592,21.767748643348487,26.22285301030382,20.475837174582143,19.04334266876485,26.693740689532444,25.281834427113868,22.471806691941794,25.64877153003629,20.155768429906114,26.090242850537056,23.377590038325163,22.038768114393324,27.181652635555476,22.073462800385446,26.550916839160188,25.297299480379323,24.06551360349494,29.78221274519407,27.5922679749237,32.92011281876172,30.43815086367764,26.8497562186326,20.540110637481973,18.385537386761367,18.508516526183293,16.479702454838193,15.36022867668317,18.123313714660462,14.454839051335025,15.58506002555011,16.18663362160273,15.993050522023621,14.5515250403523,11.673283042914706,15.993050522023621,13.11142650515191,17.613384115495805,16.18663362160273,16.50422712519432,15.111542906004006,13.730307826119558,16.50684927537657,15.58506002555011,17.481796503792168,16.173509977738288,14.891106372597035,19.408211973285947,18.123313714660462,15.639256376183619,20.091613797801312,17.64703853341971,19.662043840862527,19.43875924538395,22.471212361597228,20.5204099617917,24.589153564122533,22.820129557038012,24.832653422459714,24.017145958668777,27.733258030747127,20.083398342909998,16.12655263842834,12.90124211074267,12.416326711229857,12.435856263241385,11.66028267238835,9.254258263091646,11.655342637606154,11.019384057196662,9.704105986642974,8.432433160126442,7.2274195256675124,6.469403991095316,6.464955374942661,5.968563059899761,11.584,8.688,10.237918587291071,7.382010633966874,5.968563059899761,5.970985262081962,11.937126119799522,10.537761621900545,7.792530012775055,7.7962339626258,12.364359465819488,11.019384057196662,9.704105986642974,8.432433160126442,9.708564929998666,12.938807982190632,9.254258263091646,12.435856263241385,14.299862411925508,16.342699899343437,17.389192534445066,17.617792029650026,18.81469364619047,23.26326142225118,22.795302695950323,25.978386170045283,24.667586525641294,23.10142506426822,23.056,21.615,20.22589874393719,17.292,14.41,11.618583734689869,10.494493079706137,10.087,8.766414318294567,8.413225362487326,7.349063137570666,7.205,5.203378229573553,5.213085458727874,1.441,0.0,4.576769275373186,3.234701995547658,2.0428374874179296,3.2391691836024865,6.469403991095316,5.213085458727874,4.085674974835859,3.2253105276856675,2.882,7.2274195256675124,4.559060539190065,7.233405352944075,8.171349949671718,7.217619552179236,5.943096835825578,9.244419343582376,7.765232836174328,10.406756459147106,8.766414318294567,11.63163071112559,10.494493079706137
35.759296693307604,53.05553497986803,50.462973356709774,47.90518969798575,32.95940490967639,27.762774789274935,39.518276796945486,25.297299480379323,31.17012005110022,37.21818528622802,24.728718931638976,34.07445437567563,31.249935823934102,28.439799032341984,22.883846376865932,49.56827130332467,49.55833915699758,48.130389069692754,43.820740477540994,39.518614753050244,26.693740689532444,24.992714638470147,34.781862874205,40.544,30.442124515217397,24.784135651662336,30.713755761873212,26.693740689532444,31.249935823934102,32.0373849276123,26.602537942835454,33.014175758301164,35.7151473887481,33.284161894210285,38.49692144834441,42.91875040119411,46.91776912855086,35.759296693307604,52.57891388189756,44.24150929839532,25.23967608746198,22.554016582418306,20.5204099617917,23.70635096340219,20.540110637481973,19.662043840862527,21.35627647788818,16.864866320252883,18.810566206257587,16.173509977738288,18.307077101492744,14.249797191539253,22.14603190190062,17.905689179699284,16.50422712519432,21.910370238770497,21.909057122569198,20.323150961403595,13.11142650515191,21.72,17.376,21.767748643348487,15.993050522023621,14.5515250403523,22.14603190190062,20.72781495961405,17.905689179699284,21.07552324380109,15.58506002555011,21.51432102112451,18.810566206257587,17.481796503792168,22.642913968833604,17.64703853341971,22.073462800385446,20.852341834911496,19.662043840862527,25.297299480379323,23.676902014410587,29.21992801154719,29.728752025606457,25.80248422148534,18.48883868716475,16.826450724974652,16.46005640938086,14.435239104358471,13.612949129413508,15.36022867668317,12.416326711229857,12.435856263241385,12.364359465819488,11.937126119799522,10.537761621900545,7.792530012775055,11.584,8.688,13.11142650515191,11.673283042914706,11.937126119799522,10.537761621900545,9.153538550746372,11.939544379916681,11.019384057196662,12.938807982190632,11.66028267238835,10.426170917455748,14.891106372597035,13.64188700290396,11.286867102965287,15.639256376183619,13.322605300766064,15.36022867668317,15.350351136048975,18.48883868716475,16.826450724974652,20.81351291829421,19.351863166114008,21.29938461552352,20.64961580756407,24.017145958668777,20.380802045061916,16.11338006130309,13.04958485929725,11.886193671651156,10.406756459147106,9.244419343582376,7.765232836174328,9.236627577205871,8.171349949671718,7.217619552179236,6.450621055371335,5.943096835825578,4.559060539190065,4.549579431112287,3.2253105276856675,7.382010633966874,4.576769275373186,5.792,2.896,1.448,1.448034529975028,7.382010633966874,5.968563059899761,3.234701995547658,3.2391691836024865,7.792530012775055,6.469403991095316,5.213085458727874,4.085674974835859,5.218620507375488,8.432433160126442,5.203378229573553,8.171349949671718,10.406756459147106,12.416326711229857,13.612949129413508,14.203599015742453,15.530465672348656,20.083398342909998,20.380802045061916,27.98494068244562,25.978386170045283,24.667586525641294,24.879174926030004,23.461659617341653,21.808141621880576,19.230070852703587,16.435465828506352,13.288407617167678,11.618583734689869,12.319298681337342,10.494493079706137,8.646,9.11812107838013,9.675931583057004,5.943096835825578,4.323,5.213085458727874,4.576769275373186,0.0,1.448,2.896,1.448034529975028,2.0428374874179296,1.441,2.0428374874179296,3.234701995547658,4.576769275373186,3.2253105276856675,4.085674974835859,3.2342492173609627,4.559060539190065,4.323,5.203378229573553,5.943096835825578,5.943096835825578,7.349063137570666,7.765232836174328,8.766414318294567,8.766414318294567
36.771074773522734,54.36330527111095,51.75523192876253,49.17939340821519,34.115984816505005,28.90967810267005,40.84882011759948,26.550916839160188,32.51985928628843,38.62803670910547,26.090242850537056,35.49103448759982,32.66063013782802,29.842815299498806,24.26248645543156,51.0067259878538,50.99679005584567,49.56827130332467,45.25656018744686,40.951674349164286,28.109319451029048,26.42007617324371,36.22866932416922,41.992,31.88857502303921,26.22285301030382,32.14798695097409,28.109319451029048,32.66063013782802,33.41485156333932,27.947802507531787,34.291408034666645,36.95578472986333,34.49067829138766,39.703458803988354,44.14692560077089,48.13102720698988,36.771074773522734,53.82039146085803,45.38776972930042,26.016891147867764,23.509879795524263,21.469154641019287,24.87171252648277,21.682258577002536,20.852341834911496,22.642913968833604,18.123313714660462,20.155768429906114,17.481796503792168,19.686713082685998,15.58506002555011,23.567871202126,19.314018354552736,17.905689179699284,23.346566085829412,23.345333752165548,21.767748643348487,14.5515250403523,23.168,18.824,23.21277029998789,17.435649027208594,15.993050522023621,23.567871202126,22.14603190190062,19.314018354552736,22.471806691941794,16.93885710430311,22.883846376865932,20.155768429906114,18.810566206257587,23.94798465424596,18.853348588513395,23.3205653447767,22.073462800385446,20.852341834911496,26.550916839160188,24.589153564122533,30.033787390204388,30.32231298895254,26.484186980158555,19.428873461938032,17.617792029650026,17.389192534445066,15.350351136048975,14.435239104358471,16.479702454838193,13.312734993231107,13.64188700290396,13.730307826119558,13.346870344766222,11.937126119799522,9.153538550746372,13.032,10.136,14.5515250403523,13.11142650515191,13.346870344766222,11.937126119799522,10.537761621900545,13.349033223421086,12.364359465819488,14.249797191539253,12.938807982190632,11.66028267238835,16.173509977738288,14.891106372597035,12.435856263241385,16.864866320252883,14.454839051335025,16.479702454838193,16.342699899343437,19.428873461938032,17.617792029650026,21.65285865653771,20.043746156844033,22.025311462042936,21.29938461552352,24.832653422459714,20.636390478957313,16.435465828506352,13.288407617167678,12.319298681337342,11.277008291209153,10.214187437089647,8.413225362487326,10.207135984202425,9.254258263091646,8.171349949671718,7.217619552179236,6.450621055371335,5.203378229573553,5.195073146742017,4.085674974835859,8.806692057747902,5.968563059899761,7.24,4.344,2.896,2.8960172651419054,8.806692057747902,7.382010633966874,4.576769275373186,4.5799276195153995,9.153538550746372,7.792530012775055,6.469403991095316,5.213085458727874,6.4738649970477455,9.704105986642974,6.128512462253789,9.254258263091646,11.277008291209153,13.312734993231107,14.435239104358471,14.853032047363259,16.12655263842834,20.64961580756407,20.636390478957313,27.721471407556994,25.938,24.539757802390795,24.667586525641294,23.237167469379738,21.663446840242205,18.95552966814697,16.11338006130309,13.04958485929725,11.528,11.886193671651156,10.190401022530958,8.766414318294567,8.766414318294567,9.11812107838013,5.764,4.559060539190065,4.085674974835859,3.234701995547658,1.448,0.0,1.448,0.01,3.234701995547658,2.0428374874179296,1.441,2.0428374874179296,3.234701995547658,4.085674974835859,3.2253105276856675,4.092735026849405,5.203378229573553,4.559060539190065,4.559060539190065,6.450621055371335,5.764,7.765232836174328,7.349063137570666,9.11812107838013,8.646
37.811241555918265,55.67801663134203,53.05553497986803,50.462973356709774,35.29407706683942,30.082565050208068,42.187100125512295,27.823414905435314,33.87771420860622,40.040611034298664,27.460615652239117,36.91005316983437,34.07445437567563,31.249935823934102,25.64877153003629,52.44570602060764,52.43576661020605,51.0067259878538,46.693132171658824,42.38574949201677,29.528042535867495,27.849568632206854,37.67556748079583,43.44,33.33516007161207,27.662539073628075,33.583399842779464,29.528042535867495,34.07445437567563,34.798045706619796,29.302861856822105,35.581721951024235,38.211015492917745,35.7151473887481,40.925661008711884,45.388063981624065,49.35694386811242,37.811241555918265,55.07195563079271,46.55084902555484,26.8497562186326,24.514049849015155,22.471212361597228,26.065427293639363,22.85908871761952,22.073462800385446,23.94798465424596,19.408211973285947,21.51432102112451,18.810566206257587,21.07552324380109,16.93885710430311,24.992714638470147,20.72781495961405,19.314018354552736,24.784135651662336,24.78297480126226,23.21277029998789,15.993050522023621,24.616,20.272,24.658141393868274,18.8790745800741,17.435649027208594,24.992714638470147,23.567871202126,20.72781495961405,23.874252239599045,18.307077101492744,24.26248645543156,21.51432102112451,20.155768429906114,25.26863259062508,20.091613797801312,24.589696704107595,23.3205653447767,22.073462800385446,27.823414905435314,25.550942546215392,30.89410922813603,30.972246302133144,27.225898258827016,20.428374874179294,18.48883868716475,18.385537386761367,16.342699899343437,15.350351136048975,17.64703853341971,14.299862411925508,14.891106372597035,15.111542906004006,14.764021267933748,13.346870344766222,10.537761621900545,14.48,11.584,15.993050522023621,14.5515250403523,14.764021267933748,13.346870344766222,11.937126119799522,14.76597656777228,13.730307826119558,15.58506002555011,14.249797191539253,12.938807982190632,17.481796503792168,16.173509977738288,13.64188700290396,18.123313714660462,15.639256376183619,17.64703853341971,17.399074917937448,20.428374874179294,18.48883868716475,22.554016582418306,20.81351291829421,22.820129557038012,22.025311462042936,25.703919156424377,20.988986159412274,16.87606189251509,13.677181617570193,12.90124211074267,12.257024924507578,11.286867102965287,9.244419343582376,11.280486204060534,10.426170917455748,9.254258263091646,8.171349949671718,7.217619552179236,6.128512462253789,6.121462652013815,5.213085458727874,10.237918587291071,7.382010633966874,8.688,5.792,4.344,4.344011510113664,10.237918587291071,8.806692057747902,5.968563059899761,5.970985262081962,10.537761621900545,9.153538550746372,7.792530012775055,6.469403991095316,7.7962339626258,11.019384057196662,7.2274195256675124,10.426170917455748,12.257024924507578,14.299862411925508,15.350351136048975,15.610134688720658,16.826450724974652,21.29938461552352,20.988986159412274,27.53173545201973,25.978386170045283,24.497,24.539757802390795,23.10142506426822,21.615,18.788879503578706,15.917000502607268,12.969,11.618583734689869,11.618583734689869,10.087,9.11812107838013,8.646,8.766414318294567,5.943096835825578,5.203378229573553,3.2253105276856675,2.0428374874179296,2.896,1.448,0.0,1.448034529975028,4.576769275373186,3.234701995547658,2.0428374874179296,1.441,2.0428374874179296,5.213085458727874,2.882,5.218620507375488,6.128512462253789,5.203378229573553,4.323,7.217619552179236,5.943096835825578,8.413225362487326,7.205,9.675931583057004,8.766414318294567
36.77812937059198,54.367547121421616,51.75968751837669,49.18408234378273,34.121899126514045,28.915660601134466,40.85270156305456,26.555802849848092,32.52340554124061,38.630276209211864,26.093558438817805,35.493065928431704,32.66283761402245,29.845231193609475,24.26545793921887,51.00785700262264,50.99792129097028,49.56943513900476,45.25783490181562,40.95308305854395,28.111371720355447,26.421714270652462,36.22906845338422,41.99200119070298,31.888124701838457,26.221755852726567,32.14664375949688,28.10727058965349,32.65842557442107,33.41183420586185,27.94419483542154,34.28678674066732,36.950716704821836,34.485247990988846,39.69801558012692,44.14170386380661,48.12563890484987,36.76402154280731,53.81530504419723,45.38173818839468,26.02519980711003,23.51723597704458,21.47653885056901,24.87750759220063,21.688241445539102,20.857871895282127,22.64737055377511,18.128086495821893,20.15934525226452,17.48592030749311,19.68964326746424,15.588761207998537,23.569707528944857,19.3162590839945,17.908106125439396,23.347802637507456,23.346566085829412,21.768412918722394,14.552518716703306,23.16800215814907,18.82400265618341,23.212151666745587,17.43482540778657,15.992152606825638,23.566038975610645,22.14408203109806,19.311782543307597,22.4692437789971,16.935456887843326,22.880699836324936,20.152195934934735,18.806738180769145,23.943774326534236,18.84800023875212,23.315623688848643,22.068241887381966,20.846815104470995,26.546033696204034,24.581536017913937,30.025631467131547,30.33134261782686,26.49289300925816,19.436291415802554,17.625972200136935,17.396651890521923,15.357862481478339,14.443226370863263,16.48582521440768,13.320313547360664,13.647171172078117,13.733459615115194,13.349033223421086,11.939544379916681,9.156691979093761,13.032003836709073,10.136004932911192,14.550538168741388,13.110331231513564,13.344714609162686,11.93471574860499,10.53503108680748,13.346870344766222,12.360866676734283,14.245755157238946,12.934356265388704,11.655342637606154,16.16905764106245,14.886270486592672,12.430065204977808,16.859741872282623,14.448859885817981,16.47358348993928,16.335647523131733,19.421457823757724,17.609613737955755,21.644873480803714,20.035119665227857,22.016806875657515,21.290590057581777,24.824530126469664,20.646166520688535,16.44511042833097,13.298167430138635,12.328656861150773,11.284677044559139,10.221243808852229,8.421790842807722,10.214187437089647,9.260490051827713,8.178406935338936,7.225608071297529,6.459558189226257,5.211689265487727,5.203378229573553,4.092735026849405,8.808333837906009,5.970985262081962,7.240006906074054,4.344011510113664,2.8960172651419054,2.896,8.805061328576878,7.380065108113884,4.57363061473049,4.576769275373186,9.150394964153188,7.788837140420898,6.464955374942661,5.207563729806866,6.469403991095316,9.699655303153818,6.121462652013815,9.248033088176102,11.269343192928327,13.305159638275672,14.427254347241544,14.844301297130828,16.11761768996895,20.64054439689031,20.62661465194907,27.731347911704546,25.948,24.549740385592674,24.67751739944681,23.24708953826263,21.673424487145542,18.96541233403587,16.12321732781643,13.059523153622417,11.538,11.895892568445632,10.200299652461196,8.776277115041434,8.776277115041434,9.12760384766999,5.774,4.568543859918607,4.092735026849405,3.2391691836024865,1.448034529975028,0.01,1.448034529975028,0.0,3.2302595870920343,2.0357959131504315,1.431,2.0357959131504315,3.2302595870920343,4.078627220033721,3.2163780872279304,4.085674974835859,5.195073146742017,4.549579431112287,4.549579431112287,6.441687046108341,5.754,7.755955195847898,7.339259431305042,9.10863941541216,8.636
35.86594296822544,52.41305090337711,49.871200196105164,47.37002158538668,32.75905494668611,27.602160658180367,38.816423946571895,24.87171252648277,30.415540517965486,36.18631057458055,23.94798465424596,33.00845425038864,30.223085812008012,27.460615652239117,22.038768114393324,48.32414180303671,48.314253600775004,46.89282376867488,42.60563447479688,38.33123959644404,25.64877153003629,23.874252239599045,33.4284660132648,39.122547169119755,28.96,23.21277029998789,29.1030500807046,24.992714638470147,29.528042535867495,30.223085812008012,24.728718931638976,31.057338005695208,33.729732640505766,31.278512752367238,36.491598211095116,40.925661008711884,44.9163101000071,33.71734320791008,50.594598960758645,42.2129868642341,25.80248422148534,22.820129557038012,20.81351291829421,23.51976991809231,20.428374874179294,19.43875924538395,20.852341834911496,16.479702454838193,18.123313714660462,15.639256376183619,17.481796503792168,13.64188700290396,21.07552324380109,16.93885710430311,15.58506002555011,20.72781495961405,20.725731663803813,19.04334266876485,11.937126119799522,20.323150961403595,15.993050522023621,20.272,14.48,13.032,20.475837174582143,19.04334266876485,16.18663362160273,19.314018354552736,13.730307826119558,19.686713082685998,16.93885710430311,15.58506002555011,20.71463955756894,15.639256376183619,20.091613797801312,18.853348588513395,17.64703853341971,23.3205653447767,21.65285865653771,27.225898258827016,30.550464742782555,26.511158122571707,18.81469364619047,17.426181480749015,16.826450724974652,14.853032047363259,14.203599015742453,15.350351136048975,12.90124211074267,12.257024924507578,11.66028267238835,11.019384057196662,9.704105986642974,7.2274195256675124,10.237918587291071,7.382010633966874,11.584,10.136,10.237918587291071,8.806692057747902,7.382010633966874,10.239330886342135,9.153538550746372,11.019384057196662,9.704105986642974,8.432433160126442,12.938807982190632,11.66028267238835,9.254258263091646,13.64188700290396,11.286867102965287,13.322605300766064,13.312734993231107,16.46005640938086,14.853032047363259,18.81469364619047,17.426181480749015,19.351863166114008,18.746489378014218,22.025311462042936,21.663446840242205,17.352520508560133,14.41,13.04958485929725,10.982618312588306,9.675931583057004,8.766414318294567,9.66699705182535,8.413225362487326,7.765232836174328,7.349063137570666,7.205,5.764,5.754,4.323,6.469403991095316,4.085674974835859,4.576769275373186,2.0428374874179296,1.441,1.431,5.792,4.344,1.448,1.448034529975028,5.968563059899761,4.576769275373186,3.234701995547658,2.0428374874179296,3.2391691836024865,6.469403991095316,3.2253105276856675,6.128512462253789,8.413225362487326,10.406756459147106,11.63163071112559,12.319298681337342,13.677181617570193,18.23624215676026,18.788879503578706,29.71548417912789,27.53173545201973,26.299242954883702,26.576815234335356,25.17241094929129,23.461659617341653,20.988986159412274,18.23624215676026,15.050529425903928,13.288407617167678,14.203599015742453,12.319298681337342,10.190401022530958,10.982618312588306,11.63163071112559,7.765232836174328,5.943096835825578,7.2274195256675124,6.469403991095316,2.0428374874179296,3.234701995547658,4.576769275373186,3.2302595870920343,0.0,1.448,2.896,4.344,5.792,1.441,4.576769275373186,1.451,2.882,3.2253105276856675,5.213085458727874,4.323,5.203378229573553,5.764,7.217619552179236,7.205,7.765232836174328
36.817890990658334,53.6974269867747,51.13741832552754,48.61513214010633,33.86060130889586,28.682463091582633,40.11799177426507,26.065427293639363,31.731318299118932,37.579084195866194,25.26863259062508,34.40798936293721,31.613284865701633,28.838575901039217,23.377590038325163,49.756425203183554,49.746530622747954,48.32414180303671,44.03346028873952,39.754361282757394,27.041525863012982,25.281834427113868,34.87129805441719,40.5695996652666,30.408,24.658141393868274,30.544269315208705,26.42007617324371,30.94947754001673,31.613284865701633,26.090242850537056,32.347019955476576,34.98084801716505,32.49497511923959,37.70669717702679,42.1621658006322,46.13675568351117,34.72823728610481,51.84315179461989,43.36451715400507,26.484186980158555,23.676902014410587,21.65285865653771,24.608884107167476,21.47904290232691,20.540110637481973,22.073462800385446,17.64703853341971,19.408211973285947,16.864866320252883,18.810566206257587,14.891106372597035,22.471806691941794,18.307077101492744,16.93885710430311,22.14603190190062,22.14408203109806,20.475837174582143,13.346870344766222,21.767748643348487,17.435649027208594,21.72,15.928,14.48,21.910370238770497,20.475837174582143,17.613384115495805,20.72781495961405,15.111542906004006,21.07552324380109,18.307077101492744,16.93885710430311,22.038768114393324,16.864866320252883,21.35627647788818,20.091613797801312,18.853348588513395,24.589696704107595,22.554016582418306,28.022853530645303,31.060931344697313,27.0978239901288,19.632708855377036,18.075827643568633,17.617792029650026,15.610134688720658,14.853032047363259,16.342699899343437,13.612949129413508,13.322605300766064,12.938807982190632,12.364359465819488,11.019384057196662,8.432433160126442,11.673283042914706,8.806692057747902,13.032,11.584,11.673283042914706,10.237918587291071,8.806692057747902,11.674521703264764,10.537761621900545,12.364359465819488,11.019384057196662,9.704105986642974,14.249797191539253,12.938807982190632,10.426170917455748,14.891106372597035,12.435856263241385,14.454839051335025,14.299862411925508,17.389192534445066,15.610134688720658,19.632708855377036,18.075827643568633,20.043746156844033,19.351863166114008,22.820129557038012,21.808141621880576,17.532828636589134,14.482568971007872,13.288407617167678,11.63163071112559,10.406756459147106,9.11812107838013,10.398449884477973,9.244419343582376,8.413225362487326,7.765232836174328,7.349063137570666,5.943096835825578,5.933398688778633,4.559060539190065,7.792530012775055,5.213085458727874,5.968563059899761,3.234701995547658,2.0428374874179296,2.0357959131504315,7.24,5.792,2.896,2.8960172651419054,7.382010633966874,5.968563059899761,4.576769275373186,3.234701995547658,4.5799276195153995,7.792530012775055,4.085674974835859,7.2274195256675124,9.244419343582376,11.277008291209153,12.416326711229857,12.90124211074267,14.203599015742453,18.746489378014218,18.95552966814697,29.396252550282664,27.417263630785623,26.0991697185945,26.299242954883702,24.879174926030004,23.237167469379738,20.636390478957313,17.829290507476735,14.698126275141332,13.04958485929725,13.677181617570193,11.886193671651156,10.087,10.494493079706137,10.982618312588306,7.349063137570666,5.764,6.128512462253789,5.213085458727874,1.441,2.0428374874179296,3.234701995547658,2.0357959131504315,1.448,0.0,1.448,2.896,4.344,2.0428374874179296,3.234701995547658,2.049903656272655,3.2253105276856675,2.882,4.085674974835859,4.559060539190065,4.559060539190065,5.943096835825578,6.450621055371335,7.349063137570666,7.349063137570666
37.801345703559285,54.989933924310186,52.41305090337711,49.871200196105164,34.987403004510064,29.793984510300064,41.42927911513788,27.28377400580792,33.05815217158999,38.97588322283409,26.602537942835454,35.81137835939857,33.00845425038864,30.223085812008012,24.728718931638976,51.189592936455355,51.179692505914886,49.756425203183554,45.46256227930846,41.17921758605911,28.439799032341984,26.693740689532444,36.31454149510909,42.016717446749695,31.856,26.103803879894592,31.986101044047242,27.849568632206854,32.37326724320546,33.00845425038864,27.460615652239117,33.64958490085725,36.246627429320924,33.729732640505766,38.93772838777321,43.41175104738347,47.37002158538668,35.769192121153644,53.101833678320375,44.53335653193008,27.225898258827016,24.589153564122533,22.554016582418306,25.733406012418957,22.573734205930574,21.682258577002536,23.3205653447767,18.853348588513395,20.71463955756894,18.123313714660462,20.155768429906114,16.173509977738288,23.874252239599045,19.686713082685998,18.307077101492744,23.567871202126,23.566038975610645,21.910370238770497,14.764021267933748,23.21277029998789,18.8790745800741,23.168,17.376,15.928,23.346566085829412,21.910370238770497,19.04334266876485,22.14603190190062,16.50422712519432,22.471806691941794,19.686713082685998,18.307077101492744,23.377590038325163,18.123313714660462,22.642913968833604,21.35627647788818,20.091613797801312,25.877615964381263,23.509879795524263,28.870478208716943,31.629502430484106,27.747721221750805,20.5204099617917,18.81469364619047,18.48883868716475,16.46005640938086,15.610134688720658,17.399074917937448,14.435239104358471,14.454839051335025,14.249797191539253,13.730307826119558,12.364359465819488,9.704105986642974,13.11142650515191,10.237918587291071,14.48,13.032,13.11142650515191,11.673283042914706,10.237918587291071,13.112529313599266,11.937126119799522,13.730307826119558,12.364359465819488,11.019384057196662,15.58506002555011,14.249797191539253,11.66028267238835,16.173509977738288,13.64188700290396,15.639256376183619,15.36022867668317,18.385537386761367,16.46005640938086,20.5204099617917,18.81469364619047,20.81351291829421,20.043746156844033,23.676902014410587,22.047189412712,17.829290507476735,14.698126275141332,13.677181617570193,12.416326711229857,11.277008291209153,9.675931583057004,11.269343192928327,10.214187437089647,9.244419343582376,8.413225362487326,7.765232836174328,6.450621055371335,6.441687046108341,5.203378229573553,9.153538550746372,6.469403991095316,7.382010633966874,4.576769275373186,3.234701995547658,3.2302595870920343,8.688,7.24,4.344,4.344011510113664,8.806692057747902,7.382010633966874,5.968563059899761,4.576769275373186,5.970985262081962,9.153538550746372,5.213085458727874,8.432433160126442,10.214187437089647,12.257024924507578,13.312734993231107,13.612949129413508,14.853032047363259,19.351863166114008,19.230070852703587,29.145544016195682,27.379,25.978386170045283,26.0991697185945,24.667586525641294,23.10142506426822,20.380802045061916,17.532828636589134,14.482568971007872,12.969,13.288407617167678,11.618583734689869,10.190401022530958,10.190401022530958,10.494493079706137,7.205,5.943096835825578,5.203378229573553,4.085674974835859,2.0428374874179296,1.441,2.0428374874179296,1.431,2.896,1.448,0.0,1.448,2.896,3.234701995547658,2.0428374874179296,3.2391691836024865,4.085674974835859,3.2253105276856675,3.2253105276856675,5.203378229573553,4.323,6.450621055371335,5.943096835825578,7.765232836174328,7.205
38.81391226094066,56.29001162728606,53.6974269867747,51.13741832552754,36.13709762833756,30.93335974316401,42.74939157461776,28.52359647730279,34.394762639099575,40.376289886516325,27.947802507531787,37.21818528622802,34.40798936293721,31.613284865701633,26.090242850537056,52.623572750241884,52.61366694120454,51.189592936455355,46.89282376867488,42.60563447479688,29.842815299498806,28.109319451029048,37.7581491601482,43.46389399260035,33.304,27.549711885970783,33.4284660132648,29.280879921887593,33.79911407122974,34.40798936293721,28.838575901039217,34.963593007584336,37.52558700406964,34.98084801716505,40.183227595602624,44.6733191177911,48.61513214010633,36.83765943976354,54.369941143981386,45.71817743523904,28.022853530645303,25.550942546215392,23.509879795524263,26.888893636592783,23.70635096340219,22.85908871761952,24.589696704107595,20.091613797801312,22.038768114393324,19.408211973285947,21.51432102112451,17.481796503792168,25.281834427113868,21.07552324380109,19.686713082685998,24.992714638470147,24.990986875271656,23.346566085829412,16.18663362160273,24.658141393868274,20.323150961403595,24.616,18.824,17.376,24.784135651662336,23.346566085829412,20.475837174582143,23.567871202126,17.905689179699284,23.874252239599045,21.07552324380109,19.686713082685998,24.728718931638976,19.408211973285947,23.94798465424596,22.642913968833604,21.35627647788818,27.181652635555476,24.514049849015155,29.76444375425148,32.25310527685668,28.4565178649813,21.469154641019287,19.632708855377036,19.428873461938032,17.389192534445066,16.46005640938086,18.508516526183293,15.350351136048975,15.639256376183619,15.58506002555011,15.111542906004006,13.730307826119558,11.019384057196662,14.5515250403523,11.673283042914706,15.928,14.48,14.5515250403523,13.11142650515191,11.673283042914706,14.552518716703306,13.346870344766222,15.111542906004006,13.730307826119558,12.364359465819488,16.93885710430311,15.58506002555011,12.938807982190632,17.481796503792168,14.891106372597035,16.864866320252883,16.479702454838193,19.43875924538395,17.389192534445066,21.469154641019287,19.632708855377036,21.65285865653771,20.81351291829421,24.589153564122533,22.37756664608554,18.23624215676026,15.050529425903928,14.203599015742453,13.312734993231107,12.257024924507578,10.406756459147106,12.249973061194869,11.286867102965287,10.214187437089647,9.244419343582376,8.413225362487326,7.217619552179236,7.20963605184062,6.128512462253789,10.537761621900545,7.792530012775055,8.806692057747902,5.968563059899761,4.576769275373186,4.57363061473049,10.136,8.688,5.792,5.792008632590252,10.237918587291071,8.806692057747902,7.382010633966874,5.968563059899761,7.383969190076567,10.537761621900545,6.469403991095316,9.704105986642974,11.286867102965287,13.322605300766064,14.299862411925508,14.435239104358471,15.610134688720658,20.043746156844033,19.607971669706178,28.965137942015744,27.417263630785623,25.938,25.978386170045283,24.539757802390795,23.056,20.22589874393719,17.352520508560133,14.41,13.04958485929725,13.04958485929725,11.528,10.494493079706137,10.087,10.190401022530958,7.349063137570666,6.450621055371335,4.559060539190065,3.2253105276856675,3.234701995547658,2.0428374874179296,1.441,2.0357959131504315,4.344,2.896,1.448,0.0,1.448,4.576769275373186,1.441,4.5799276195153995,5.213085458727874,4.085674974835859,2.882,6.128512462253789,4.559060539190065,7.217619552179236,5.764,8.413225362487326,7.349063137570666
39.85337176450695,57.59714743804592,54.989933924310186,52.41305090337711,37.30756878972416,32.0976227312865,44.07753622878665,29.78221274519407,35.74005283991617,41.77994141929833,29.302861856822105,38.62803670910547,35.81137835939857,33.00845425038864,27.460615652239117,54.05830001951597,54.04838925444495,52.623572750241884,48.32414180303671,44.03346028873952,31.249935823934102,29.528042535867495,39.202080812120165,44.91112362210503,34.752,28.99582868276056,34.87129805441719,30.713755761873212,35.22676823099161,35.81137835939857,30.223085812008012,36.28780120095457,38.816423946571895,36.246627429320924,41.44189035263715,45.94588296028274,49.871200196105164,37.93131435898313,55.64682981087063,46.91776912855086,28.870478208716943,26.556887336433086,24.514049849015155,28.071523382246287,24.87171252648277,24.06551360349494,25.877615964381263,21.35627647788818,23.377590038325163,20.71463955756894,22.883846376865932,18.810566206257587,26.693740689532444,22.471806691941794,21.07552324380109,26.42007617324371,26.41844175949823,24.784135651662336,17.613384115495805,26.103803879894592,21.767748643348487,26.064,20.272,18.824,26.22285301030382,24.784135651662336,21.910370238770497,24.992714638470147,19.314018354552736,25.281834427113868,22.471806691941794,21.07552324380109,26.090242850537056,20.71463955756894,25.26863259062508,23.94798465424596,22.642913968833604,28.499594383078506,25.560834102196274,30.70070227209795,32.92861345395521,29.21992801154719,22.471212361597228,20.5204099617917,20.428374874179294,18.385537386761367,17.389192534445066,19.662043840862527,16.342699899343437,16.864866320252883,16.93885710430311,16.50422712519432,15.111542906004006,12.364359465819488,15.993050522023621,13.11142650515191,17.376,15.928,15.993050522023621,14.5515250403523,13.11142650515191,15.99395463917539,14.764021267933748,16.50422712519432,15.111542906004006,13.730307826119558,18.307077101492744,16.93885710430311,14.249797191539253,18.810566206257587,16.173509977738288,18.123313714660462,17.64703853341971,20.540110637481973,18.385537386761367,22.471212361597228,20.5204099617917,22.554016582418306,21.65285865653771,25.550942546215392,22.795302695950323,18.746489378014218,15.530465672348656,14.853032047363259,14.299862411925508,13.322605300766064,11.277008291209153,13.316117752558362,12.435856263241385,11.286867102965287,10.214187437089647,9.244419343582376,8.171349949671718,8.16429911259993,7.2274195256675124,11.937126119799522,9.153538550746372,10.237918587291071,7.382010633966874,5.968563059899761,5.966156635556931,11.584,10.136,7.24,7.240006906074054,11.673283042914706,10.237918587291071,8.806692057747902,7.382010633966874,8.808333837906009,11.937126119799522,7.792530012775055,11.019384057196662,12.435856263241385,14.454839051335025,15.36022867668317,15.350351136048975,16.46005640938086,20.81351291829421,20.083398342909998,28.856352922710105,27.53173545201973,25.978386170045283,25.938,24.497,23.10142506426822,20.174,17.292,14.482568971007872,13.288407617167678,12.969,11.618583734689869,10.982618312588306,10.190401022530958,10.087,7.765232836174328,7.217619552179236,4.323,2.882,4.576769275373186,3.234701995547658,2.0428374874179296,3.2302595870920343,5.792,4.344,2.896,1.448,0.0,5.968563059899761,2.0428374874179296,5.970985262081962,6.469403991095316,5.213085458727874,3.2253105276856675,7.2274195256675124,5.203378229573553,8.171349949671718,5.943096835825578,9.244419343582376,7.765232836174328
36.9776773743295,53.101833678320375,50.594598960758645,48.13102720698988,33.72723813181269,28.599724823851016,39.47944772916663,25.733406012418957,31.057338005695208,36.61415420298549,24.589696704107595,33.41485156333932,30.6664176094959,27.947802507531787,22.642913968833604,48.5599008648082,48.55006067967372,47.135742404252,42.87285131642168,38.62803670910547,26.090242850537056,24.26248645543156,33.583399842779464,39.202080812120165,28.99582868276056,23.168,28.99582868276056,24.784135651662336,29.280879921887593,29.842815299498806,24.26248645543156,30.415540517965486,33.014175758301164,30.50551256740329,35.7151473887481,40.183227595602624,44.14692560077089,32.68539979868687,49.871200196105164,41.34319079364823,27.0978239901288,24.017145958668777,22.025311462042936,24.514049849015155,21.469154641019287,20.428374874179294,21.682258577002536,17.399074917937448,18.853348588513395,16.479702454838193,18.123313714660462,14.454839051335025,21.51432102112451,17.481796503792168,16.173509977738288,21.07552324380109,21.072790512886517,19.314018354552736,12.364359465819488,20.475837174582143,16.18663362160273,20.323150961403595,14.5515250403523,13.11142650515191,20.323150961403595,18.8790745800741,15.993050522023621,19.04334266876485,13.346870344766222,19.314018354552736,16.50422712519432,15.111542906004006,20.155768429906114,14.891106372597035,19.408211973285947,18.123313714660462,16.864866320252883,22.642913968833604,20.5204099617917,26.016891147867764,31.91342377433045,27.848129919260288,20.043746156844033,18.746489378014218,18.075827643568633,16.12655263842834,15.530465672348656,16.46005640938086,14.203599015742453,13.312734993231107,12.435856263241385,11.66028267238835,10.426170917455748,8.171349949671718,10.537761621900545,7.792530012775055,11.673283042914706,10.237918587291071,10.136,8.688,7.24,10.136004932911192,8.806692057747902,10.537761621900545,9.153538550746372,7.792530012775055,12.364359465819488,11.019384057196662,8.432433160126442,12.938807982190632,10.426170917455748,12.435856263241385,12.257024924507578,15.350351136048975,13.612949129413508,17.617792029650026,16.12655263842834,18.075827643568633,17.426181480749015,20.81351291829421,23.10142506426822,18.788879503578706,15.851,14.482568971007872,12.319298681337342,10.982618312588306,10.190401022530958,10.973434512494254,9.675931583057004,9.11812107838013,8.766414318294567,8.646,7.205,7.195,5.764,7.2274195256675124,5.203378229573553,5.213085458727874,3.2253105276856675,2.882,2.872,5.968563059899761,4.576769275373186,2.0428374874179296,2.0357959131504315,5.792,4.344,2.896,1.448,2.8960172651419054,5.968563059899761,2.0428374874179296,5.213085458727874,7.217619552179236,9.244419343582376,10.406756459147106,10.982618312588306,12.319298681337342,16.87606189251509,17.352520508560133,31.115040109246205,28.965137942015744,27.721471407556994,27.98494068244562,26.576815234335356,24.879174926030004,22.37756664608554,19.607971669706178,16.435465828506352,14.698126275141332,15.530465672348656,13.677181617570193,11.618583734689869,12.319298681337342,12.90124211074267,9.11812107838013,7.349063137570666,8.171349949671718,7.2274195256675124,3.2253105276856675,4.085674974835859,5.213085458727874,4.078627220033721,1.441,2.0428374874179296,3.234701995547658,4.576769275373186,5.968563059899761,0.0,4.344,0.01,1.441,2.0428374874179296,4.576769275373186,2.882,4.085674974835859,4.323,6.128512462253789,5.764,6.450621055371335
39.84347555121165,56.9319088385415,54.369941143981386,51.84315179461989,37.017033052366585,31.82668270492544,43.35230680136871,29.278006369969933,34.963593007584336,40.76017664338564,28.499594383078506,37.579084195866194,34.798045706619796,32.0373849276123,26.602537942835454,52.84015234648742,52.83028714667373,51.412213685076814,47.135742404252,42.87285131642168,30.223085812008012,28.439799032341984,37.8953853786975,43.53549728669697,33.33516007161207,27.512,33.33516007161207,29.1030500807046,33.583399842779464,34.07445437567563,28.439799032341984,34.394762639099575,36.88374461737853,34.291408034666645,39.47944772916663,43.99417565996663,47.90518969798575,35.89553286970399,53.6974269867747,44.9163101000071,29.21992801154719,26.625469986462214,24.589153564122533,27.762774789274935,24.608884107167476,23.70635096340219,25.297299480379323,20.852341834911496,22.642913968833604,20.091613797801312,22.038768114393324,18.123313714660462,25.64877153003629,21.51432102112451,20.155768429906114,25.281834427113868,25.279556404335896,23.567871202126,16.50422712519432,24.784135651662336,20.475837174582143,24.658141393868274,18.8790745800741,17.435649027208594,24.658141393868274,23.21277029998789,20.323150961403595,23.346566085829412,17.613384115495805,23.567871202126,20.72781495961405,19.314018354552736,24.26248645543156,18.810566206257587,23.377590038325163,22.038768114393324,20.71463955756894,26.602537942835454,23.51976991809231,28.66271447368515,33.54695993678116,29.706064094726518,22.554016582418306,20.81351291829421,20.5204099617917,18.48883868716475,17.617792029650026,19.43875924538395,16.46005640938086,16.479702454838193,16.173509977738288,15.58506002555011,14.249797191539253,11.66028267238835,14.764021267933748,11.937126119799522,15.993050522023621,14.5515250403523,14.48,13.032,11.584,14.480003453038261,13.11142650515191,14.764021267933748,13.346870344766222,11.937126119799522,16.50422712519432,15.111542906004006,12.364359465819488,16.93885710430311,14.249797191539253,16.173509977738288,15.639256376183619,18.508516526183293,16.342699899343437,20.428374874179294,18.48883868716475,20.5204099617917,19.632708855377036,23.509879795524263,23.772387343302313,19.607971669706178,16.435465828506352,15.530465672348656,14.435239104358471,13.312734993231107,11.63163071112559,13.305159638275672,12.257024924507578,11.277008291209153,10.406756459147106,9.675931583057004,8.413225362487326,8.404663050949752,7.217619552179236,11.019384057196662,8.432433160126442,9.153538550746372,6.469403991095316,5.213085458727874,5.207563729806866,10.237918587291071,8.806692057747902,5.968563059899761,5.966156635556931,10.136,8.688,7.24,5.792,7.240006906074054,10.237918587291071,5.968563059899761,9.153538550746372,10.426170917455748,12.435856263241385,13.322605300766064,13.312734993231107,14.435239104358471,18.81469364619047,18.23624215676026,30.399258823201595,28.856352922710105,27.379,27.417263630785623,25.978386170045283,24.497,21.663446840242205,18.788879503578706,15.851,14.482568971007872,14.482568971007872,12.969,11.886193671651156,11.528,11.618583734689869,8.766414318294567,7.765232836174328,5.943096835825578,4.559060539190065,4.085674974835859,3.2253105276856675,2.882,3.2163780872279304,4.576769275373186,3.234701995547658,2.0428374874179296,1.441,2.0428374874179296,4.344,0.0,4.344011510113664,4.576769275373186,3.234701995547658,1.441,5.213085458727874,3.2253105276856675,6.128512462253789,4.323,7.217619552179236,5.943096835825578
36.98547179636891,53.10671897227318,50.59972632337057,48.1364169834025,33.73407493914721,28.606779616028085,39.48419371090158,25.73956691554852,31.061979074102798,36.61730394226205,24.59438643268012,33.417871640785265,30.669708329229348,27.95141329163876,22.64737055377511,48.56168234318082,48.551842519105286,47.13757770611468,42.87486909601008,38.630276209211864,26.093558438817805,24.26545793921887,33.58468854999254,39.202817245703145,28.996327370893024,23.16800215814907,28.995333434882244,24.78297480126226,29.279405202291937,29.840402560957518,24.259518729768732,30.411277924480583,33.00937565298683,30.50031765408354,35.709903290263895,40.17820802375337,44.14170386380661,32.67834665340338,49.86628890342653,41.337266298099586,27.106864536497024,24.025546403776126,22.033817304316564,24.521104787509067,21.47653885056901,20.43543001749657,21.688241445539102,17.40570216911688,18.85870072406898,16.48582521440768,18.128086495821893,14.460822659862751,21.517672016275366,17.48592030749311,16.177967270334058,21.07826036465059,21.07552324380109,19.3162590839945,12.367859353986848,20.477247080601437,16.188417093712406,20.323862452791793,14.552518716703306,13.112529313599266,20.32244436577451,18.878313934247412,15.992152606825638,19.041831844651924,13.344714609162686,19.311782543307597,16.501610618360864,15.10868521745026,20.152195934934735,14.886270486592672,19.40375922340823,18.118545195462026,16.859741872282623,22.63846092383491,20.512686440347103,26.008583679239436,31.922906149033487,27.857444247453856,20.05237392430133,18.755713902701757,18.084597451975537,16.13548883672261,15.539744656846842,16.467936634563543,14.212730385116014,13.320313547360664,12.441652663533088,11.665229187632791,10.4317026414675,8.178406935338936,10.540500936862536,7.7962339626258,11.674521703264764,10.239330886342135,10.136004932911192,8.68800575506255,7.240006906074054,10.136,8.805061328576878,10.53503108680748,9.150394964153188,7.788837140420898,12.360866676734283,11.015464810892002,8.427310899687988,12.934356265388704,10.420645853304872,12.430065204977808,12.249973061194869,15.342842631012024,13.604481761537262,17.609613737955755,16.11761768996895,18.067059113203786,17.41708589288116,20.8052055985996,23.11140540945098,18.798849778643373,15.861,14.49251889769339,12.328656861150773,10.991803537181694,10.200299652461196,10.982618312588306,9.684868197347862,9.12760384766999,8.776277115041434,8.656,7.215,7.205,5.774,7.233405352944075,5.211689265487727,5.218620507375488,3.2342492173609627,2.892,2.882,5.970985262081962,4.5799276195153995,2.049903656272655,2.0428374874179296,5.792008632590252,4.344011510113664,2.8960172651419054,1.448034529975028,2.896,5.966156635556931,2.0357959131504315,5.207563729806866,7.20963605184062,9.236627577205871,10.398449884477973,10.973434512494254,12.309941510827743,16.86666964756232,17.342555405706506,31.124765717993768,28.97508785146302,27.731347911704546,27.994724235112585,26.586574958049788,24.889021374895396,22.38722602289082,19.61752565947092,16.44511042833097,14.70793037786078,15.539744656846842,13.68666420279244,11.62850583695085,12.328656861150773,12.910178465071658,9.12760384766999,7.358867372089268,8.178406935338936,7.233405352944075,3.2342492173609627,4.092735026849405,5.218620507375488,4.085674974835859,1.451,2.049903656272655,3.2391691836024865,4.5799276195153995,5.970985262081962,0.01,4.344011510113664,0.0,1.431,2.0357959131504315,4.57363061473049,2.872,4.078627220033721,4.313,6.121462652013815,5.754,6.441687046108341
38.11147261652323,53.82039146085803,51.348254507821395,48.92264891642724,34.72823728610481,29.633801797946887,40.183227595602624,26.645210601532128,31.751603817760138,37.09307839745847,25.297299480379323,33.87771420860622,31.17012005110022,28.499594383078506,23.3205653447767,48.83705790688051,48.827273577376815,47.42122378218428,43.186521427408344,38.97588322283409,26.602537942835454,24.728718931638976,33.79911407122974,39.33427951545573,29.1030500807046,23.21277029998789,28.96,24.658141393868274,29.1030500807046,29.528042535867495,23.874252239599045,29.82959818703564,32.347019955476576,29.78221274519407,34.98084801716505,39.47944772916663,43.41175104738347,31.685398040737947,49.17939340821519,40.505994025576015,28.407198031484906,25.23967608746198,23.26326142225118,25.550942546215392,22.554016582418306,21.469154641019287,22.573734205930574,18.385537386761367,19.662043840862527,17.399074917937448,18.853348588513395,15.36022867668317,22.038768114393324,18.123313714660462,16.864866320252883,21.51432102112451,21.510974152743525,19.686713082685998,12.938807982190632,20.72781495961405,16.50422712519432,20.475837174582143,14.764021267933748,13.346870344766222,20.272,18.824,15.928,18.8790745800741,13.11142650515191,19.04334266876485,16.18663362160273,14.764021267933748,19.686713082685998,14.249797191539253,18.810566206257587,17.481796503792168,16.173509977738288,22.038768114393324,19.428873461938032,24.832653422459714,33.28295810170725,29.195001918136605,21.29938461552352,20.083398342909998,19.351863166114008,17.426181480749015,16.87606189251509,17.617792029650026,15.530465672348656,14.435239104358471,13.322605300766064,12.435856263241385,11.286867102965287,9.244419343582376,11.019384057196662,8.432433160126442,11.937126119799522,10.537761621900545,10.237918587291071,8.806692057747902,7.382010633966874,10.236515862343007,8.688,10.237918587291071,8.806692057747902,7.382010633966874,11.937126119799522,10.537761621900545,7.792530012775055,12.364359465819488,9.704105986642974,11.66028267238835,11.286867102965287,14.299862411925508,12.416326711229857,16.46005640938086,14.853032047363259,16.826450724974652,16.12655263842834,19.632708855377036,24.539757802390795,20.22589874393719,17.292,15.917000502607268,13.677181617570193,12.319298681337342,11.618583734689869,12.309941510827743,10.982618312588306,10.494493079706137,10.190401022530958,10.087,8.646,8.636,7.205,8.171349949671718,6.450621055371335,6.128512462253789,4.559060539190065,4.323,4.313,6.469403991095316,5.213085458727874,3.2253105276856675,3.2163780872279304,5.968563059899761,4.576769275373186,3.234701995547658,2.0428374874179296,3.2302595870920343,5.792,1.448,4.576769275373186,6.128512462253789,8.171349949671718,9.244419343582376,9.675931583057004,10.982618312588306,15.530465672348656,15.917000502607268,32.51821649475875,30.399258823201595,29.145544016195682,29.396252550282664,27.98494068244562,26.299242954883702,23.772387343302313,20.988986159412274,17.829290507476735,16.11338006130309,16.87606189251509,15.050529425903928,13.04958485929725,13.677181617570193,14.203599015742453,10.494493079706137,8.766414318294567,9.244419343582376,8.171349949671718,4.559060539190065,5.203378229573553,6.128512462253789,5.195073146742017,2.882,3.2253105276856675,4.085674974835859,5.213085458727874,6.469403991095316,1.441,4.576769275373186,1.431,0.0,1.448,4.344,1.441,3.234701995547658,2.882,5.213085458727874,4.323,5.203378229573553
39.008660282045064,55.07195563079271,52.57891388189756,50.12921009750702,35.769192121153644,30.642562311268946,41.44189035263715,27.762774789274935,33.014175758301164,38.45302278105065,26.550916839160188,35.24274677149896,32.51985928628843,29.82959818703564,24.589696704107595,50.25472508132942,50.244928629663704,48.83705790688051,44.59575281346868,40.376289886516325,27.947802507531787,26.090242850537056,35.22676823099161,40.77381837650234,30.544269315208705,24.658141393868274,30.408,26.103803879894592,30.544269315208705,30.94947754001673,25.281834427113868,31.17012005110022,33.64958490085725,31.057338005695208,36.246627429320924,40.75984898156518,44.6733191177911,32.75905494668611,50.462973356709774,41.70468366982299,29.027794749171008,26.016891147867764,24.017145958668777,26.556887336433086,23.509879795524263,22.471212361597228,23.70635096340219,19.43875924538395,20.852341834911496,18.508516526183293,20.091613797801312,16.479702454838193,23.377590038325163,19.408211973285947,18.123313714660462,22.883846376865932,22.880699836324936,21.07552324380109,14.249797191539253,22.14603190190062,17.905689179699284,21.910370238770497,16.18663362160273,14.764021267933748,21.72,20.272,17.376,20.323150961403595,14.5515250403523,20.475837174582143,17.613384115495805,16.18663362160273,21.07552324380109,15.58506002555011,20.155768429906114,18.810566206257587,17.481796503792168,23.377590038325163,20.428374874179294,25.703919156424377,33.75212378503018,29.728752025606457,22.025311462042936,20.64961580756407,20.043746156844033,18.075827643568633,17.426181480749015,18.48883868716475,16.12655263842834,15.350351136048975,14.454839051335025,13.64188700290396,12.435856263241385,10.214187437089647,12.364359465819488,9.704105986642974,13.346870344766222,11.937126119799522,11.673283042914706,10.237918587291071,8.806692057747902,11.672052818591938,10.136,11.673283042914706,10.237918587291071,8.806692057747902,13.346870344766222,11.937126119799522,9.153538550746372,13.730307826119558,11.019384057196662,12.938807982190632,12.435856263241385,15.36022867668317,13.312734993231107,17.389192534445066,15.610134688720658,17.617792029650026,16.826450724974652,20.5204099617917,24.667586525641294,20.380802045061916,17.352520508560133,16.11338006130309,14.203599015742453,12.90124211074267,11.886193671651156,12.892307318707541,11.63163071112559,10.982618312588306,10.494493079706137,10.190401022530958,8.766414318294567,8.756551832770706,7.349063137570666,9.254258263091646,7.217619552179236,7.2274195256675124,5.203378229573553,4.559060539190065,4.549579431112287,7.792530012775055,6.469403991095316,4.085674974835859,4.078627220033721,7.382010633966874,5.968563059899761,4.576769275373186,3.234701995547658,4.57363061473049,7.24,2.896,5.968563059899761,7.2274195256675124,9.254258263091646,10.214187437089647,10.406756459147106,11.63163071112559,16.12655263842834,16.11338006130309,32.22676012260618,30.29562385890081,28.965137942015744,29.145544016195682,27.721471407556994,26.0991697185945,23.461659617341653,20.636390478957313,17.532828636589134,15.917000502607268,16.435465828506352,14.698126275141332,12.969,13.288407617167678,13.677181617570193,10.190401022530958,8.646,8.413225362487326,7.217619552179236,4.323,4.559060539190065,5.203378229573553,4.549579431112287,3.2253105276856675,2.882,3.2253105276856675,4.085674974835859,5.213085458727874,2.0428374874179296,3.234701995547658,2.0357959131504315,1.448,0.0,2.896,2.0428374874179296,2.0428374874179296,3.2253105276856675,4.085674974835859,4.559060539190065,4.559060539190065
40.89790049623574,57.602708625549894,55.07195563079271,52.57891388189756,37.93131435898313,32.75905494668611,43.99417565996663,30.082565050208068,35.581721951024235,41.19092347835867,29.112317959928923,37.991246149606624,35.24274677149896,32.51985928628843,27.181652635555476,53.09497107071441,53.08515322573723,51.67407443776811,47.42122378218428,43.186521427408344,30.6664176094959,28.838575901039217,38.0866853375297,43.6545751210569,33.4284660132648,27.549711885970783,33.304,28.99582868276056,33.4284660132648,33.79911407122974,28.109319451029048,33.87771420860622,36.28780120095457,33.64958490085725,38.816423946571895,43.35230680136871,47.2285537466478,34.987403004510064,53.05553497986803,44.14692560077089,30.43815086367764,27.733258030747127,25.703919156424377,28.682463091582633,25.560834102196274,24.608884107167476,26.065427293639363,21.682258577002536,23.3205653447767,20.852341834911496,22.642913968833604,18.853348588513395,26.090242850537056,22.038768114393324,20.71463955756894,25.64877153003629,25.645964224415504,23.874252239599045,16.93885710430311,24.992714638470147,20.72781495961405,24.784135651662336,19.04334266876485,17.613384115495805,24.616,23.168,20.272,23.21277029998789,17.435649027208594,23.346566085829412,20.475837174582143,19.04334266876485,23.874252239599045,18.307077101492744,22.883846376865932,21.51432102112451,20.155768429906114,26.090242850537056,22.573734205930574,27.5922679749237,34.85236296149803,30.972246302133144,23.676902014410587,22.025311462042936,21.65285865653771,19.632708855377036,18.81469364619047,20.428374874179294,17.617792029650026,17.399074917937448,16.864866320252883,16.173509977738288,14.891106372597035,12.435856263241385,15.111542906004006,12.364359465819488,16.18663362160273,14.764021267933748,14.5515250403523,13.11142650515191,11.673283042914706,14.550538168741388,13.032,14.5515250403523,13.11142650515191,11.673283042914706,16.18663362160273,14.764021267933748,11.937126119799522,16.50422712519432,13.730307826119558,15.58506002555011,14.891106372597035,17.64703853341971,15.36022867668317,19.43875924538395,17.389192534445066,19.428873461938032,18.48883868716475,22.471212361597228,25.17241094929129,20.988986159412274,17.829290507476735,16.87606189251509,15.610134688720658,14.435239104358471,12.90124211074267,14.427254347241544,13.312734993231107,12.416326711229857,11.63163071112559,10.982618312588306,9.675931583057004,9.66699705182535,8.413225362487326,11.66028267238835,9.254258263091646,9.704105986642974,7.2274195256675124,6.128512462253789,6.121462652013815,10.537761621900545,9.153538550746372,6.469403991095316,6.464955374942661,10.237918587291071,8.806692057747902,7.382010633966874,5.968563059899761,7.380065108113884,10.136,5.792,8.806692057747902,9.704105986642974,11.66028267238835,12.435856263241385,12.257024924507578,13.312734993231107,17.617792029650026,16.87606189251509,31.834001005214535,30.29562385890081,28.82,28.856352922710105,27.417263630785623,25.938,23.10142506426822,20.22589874393719,17.292,15.917000502607268,15.917000502607268,14.41,13.288407617167678,12.969,13.04958485929725,10.190401022530958,9.11812107838013,7.349063137570666,5.943096835825578,5.203378229573553,4.559060539190065,4.323,4.549579431112287,5.213085458727874,4.085674974835859,3.2253105276856675,2.882,3.2253105276856675,4.576769275373186,1.441,4.57363061473049,4.344,2.896,0.0,4.576769275373186,2.0428374874179296,5.213085458727874,2.882,6.128512462253789,4.559060539190065
39.26541771075407,54.56754801161584,52.130854587278726,49.74342505296554,35.759296693307604,30.70070227209795,40.925661008711884,27.602160658180367,32.49497511923959,37.62113241251517,26.065427293639363,34.394762639099575,31.731318299118932,29.112317959928923,24.06551360349494,49.154912674116304,49.145191626445005,47.74850447919809,43.54564097587725,39.373426165371995,27.181652635555476,25.26863259062508,34.07445437567563,39.518614753050244,29.280879921887593,23.346566085829412,28.99582868276056,24.616,28.99582868276056,29.280879921887593,23.567871202126,29.302861856822105,31.731318299118932,29.112317959928923,34.291408034666645,38.816423946571895,42.71255295577636,30.72045735336634,48.520529933214874,39.703458803988354,29.728752025606457,26.484186980158555,24.52340272066664,26.625469986462214,23.676902014410587,22.554016582418306,23.51976991809231,19.428873461938032,20.540110637481973,18.385537386761367,19.662043840862527,16.342699899343437,22.642913968833604,18.853348588513395,17.64703853341971,22.038768114393324,22.03484694750567,20.155768429906114,13.64188700290396,21.07552324380109,16.93885710430311,20.72781495961405,15.111542906004006,13.730307826119558,20.323150961403595,18.8790745800741,15.993050522023621,18.824,13.032,18.8790745800741,15.993050522023621,14.5515250403523,19.314018354552736,13.730307826119558,18.307077101492744,16.93885710430311,15.58506002555011,21.51432102112451,18.385537386761367,23.676902014410587,34.658288258366134,30.550464742782555,22.577173693799672,21.43380218253402,20.64961580756407,18.746489378014218,18.23624215676026,18.81469364619047,16.87606189251509,15.610134688720658,14.299862411925508,13.322605300766064,12.257024924507578,10.406756459147106,11.66028267238835,9.254258263091646,12.364359465819488,11.019384057196662,10.537761621900545,9.153538550746372,7.792530012775055,10.53503108680748,8.806692057747902,10.136,8.688,7.24,11.673283042914706,10.237918587291071,7.382010633966874,11.937126119799522,9.153538550746372,11.019384057196662,10.426170917455748,13.322605300766064,11.277008291209153,15.350351136048975,13.612949129413508,15.610134688720658,14.853032047363259,18.48883868716475,25.978386170045283,21.663446840242205,18.733,17.352520508560133,15.050529425903928,13.677181617570193,13.04958485929725,13.667699769895446,12.319298681337342,11.886193671651156,11.618583734689869,11.528,10.087,10.077,8.646,9.244419343582376,7.765232836174328,7.217619552179236,5.943096835825578,5.764,5.754,7.2274195256675124,6.128512462253789,4.559060539190065,4.549579431112287,6.469403991095316,5.213085458727874,4.085674974835859,3.2253105276856675,4.078627220033721,5.968563059899761,2.0428374874179296,4.344,5.213085458727874,7.2274195256675124,8.171349949671718,8.413225362487326,9.675931583057004,14.203599015742453,14.482568971007872,33.9245640944729,31.834001005214535,30.571203067592876,30.81031296497976,29.396252550282664,27.721471407556994,25.17241094929129,22.37756664608554,19.230070852703587,17.532828636589134,18.23624215676026,16.435465828506352,14.482568971007872,15.050529425903928,15.530465672348656,11.886193671651156,10.190401022530958,10.406756459147106,9.244419343582376,5.943096835825578,6.450621055371335,7.217619552179236,6.441687046108341,4.323,4.559060539190065,5.203378229573553,6.128512462253789,7.2274195256675124,2.882,5.213085458727874,2.872,1.441,2.0428374874179296,4.576769275373186,0.0,2.896,1.441,4.576769275373186,2.882,4.085674974835859
41.0408199235834,57.04719295460558,54.56754801161584,52.130854587278726,37.811241555918265,32.68539979868687,43.41175104738347,29.793984510300064,34.98084801716505,40.31153685981223,28.52359647730279,37.09307839745847,34.394762639099575,31.731318299118932,26.550916839160188,51.97458209548201,51.96483122266443,50.563668854227735,46.344658030888525,42.15104648760218,29.82959818703564,27.947802507531787,36.91005316983437,42.38574949201677,32.14798695097409,26.22285301030382,31.88857502303921,27.512,31.88857502303921,32.14798695097409,26.42007617324371,32.0373849276123,34.394762639099575,31.731318299118932,36.88374461737853,41.42927911513788,45.28582793766721,32.95940490967639,51.129571883597855,42.1621658006322,30.972246302133144,28.022853530645303,26.016891147867764,28.599724823851016,25.550942546215392,24.514049849015155,25.733406012418957,21.47904290232691,22.85908871761952,20.540110637481973,22.073462800385446,18.508516526183293,25.26863259062508,21.35627647788818,20.091613797801312,24.728718931638976,24.725224367030524,22.883846376865932,16.173509977738288,23.874252239599045,19.686713082685998,23.567871202126,17.905689179699284,16.50422712519432,23.21277029998789,21.767748643348487,18.8790745800741,21.72,15.928,21.767748643348487,18.8790745800741,17.435649027208594,22.14603190190062,16.50422712519432,21.07552324380109,19.686713082685998,18.307077101492744,24.26248645543156,20.540110637481973,25.550942546215392,35.61308008302568,31.629502430484106,24.017145958668777,22.577173693799672,22.025311462042936,20.043746156844033,19.351863166114008,20.5204099617917,18.075827643568633,17.389192534445066,16.479702454838193,15.639256376183619,14.454839051335025,12.257024924507578,14.249797191539253,11.66028267238835,15.111542906004006,13.730307826119558,13.346870344766222,11.937126119799522,10.537761621900545,13.344714609162686,11.673283042914706,13.032,11.584,10.136,14.5515250403523,13.11142650515191,10.237918587291071,14.764021267933748,11.937126119799522,13.730307826119558,12.938807982190632,15.639256376183619,13.322605300766064,17.399074917937448,15.350351136048975,17.389192534445066,16.46005640938086,20.428374874179294,26.299242954883702,22.047189412712,18.95552966814697,17.829290507476735,16.12655263842834,14.853032047363259,13.677181617570193,14.844301297130828,13.612949129413508,12.90124211074267,12.319298681337342,11.886193671651156,10.494493079706137,10.484881735146086,9.11812107838013,11.286867102965287,9.244419343582376,9.254258263091646,7.217619552179236,6.450621055371335,6.441687046108341,9.704105986642974,8.432433160126442,6.128512462253789,6.121462652013815,9.153538550746372,7.792530012775055,6.469403991095316,5.213085458727874,6.464955374942661,8.806692057747902,4.576769275373186,7.24,7.792530012775055,9.704105986642974,10.426170917455748,10.214187437089647,11.277008291209153,15.610134688720658,15.050529425903928,33.4264683297533,31.702,30.29562385890081,30.399258823201595,28.965137942015744,27.417263630785623,24.667586525641294,21.808141621880576,18.788879503578706,17.292,17.532828636589134,15.917000502607268,14.482568971007872,14.482568971007872,14.698126275141332,11.528,10.190401022530958,9.11812107838013,7.765232836174328,5.943096835825578,5.764,5.943096835825578,5.754,5.203378229573553,4.559060539190065,4.323,4.559060539190065,5.203378229573553,4.085674974835859,3.2253105276856675,4.078627220033721,3.234701995547658,2.0428374874179296,2.0428374874179296,2.896,0.0,3.234701995547658,2.0428374874179296,4.085674974835859,2.882
40.43778768676645,55.34214503432263,52.941115600259124,50.59193667967258,36.817890990658334,31.797122401248828,41.70468366982299,28.599724823851016,33.284161894210285,38.196278679997086,26.888893636592783,34.963593007584336,32.347019955476576,29.78221274519407,24.87171252648277,49.512681375582964,49.50303058399556,48.11673157021371,43.949095838253605,39.81917710098992,27.823414905435314,25.877615964381263,34.40798936293721,39.754361282757394,29.528042535867495,23.567871202126,29.1030500807046,24.658141393868274,28.96,29.1030500807046,23.346566085829412,28.838575901039217,31.17012005110022,28.499594383078506,33.64958490085725,38.196278679997086,42.05112594211955,29.793984510300064,47.89596930849192,38.93772838777321,31.060931344697313,27.747721221750805,25.80248422148534,27.733258030747127,24.832653422459714,23.676902014410587,24.514049849015155,20.5204099617917,21.47904290232691,19.428873461938032,20.540110637481973,17.389192534445066,23.3205653447767,19.662043840862527,18.508516526183293,22.642913968833604,22.63846092383491,20.71463955756894,14.454839051335025,21.51432102112451,17.481796503792168,21.07552324380109,15.58506002555011,14.249797191539253,20.475837174582143,19.04334266876485,16.18663362160273,18.8790745800741,13.11142650515191,18.824,15.928,14.48,19.04334266876485,13.346870344766222,17.905689179699284,16.50422712519432,15.111542906004006,21.07552324380109,17.399074917937448,22.554016582418306,36.038750699767604,31.91342377433045,23.8735569406823,22.795302695950323,21.965236625176612,20.083398342909998,19.607971669706178,20.043746156844033,18.23624215676026,16.826450724974652,15.350351136048975,14.299862411925508,13.312734993231107,11.63163071112559,12.435856263241385,10.214187437089647,12.938807982190632,11.66028267238835,11.019384057196662,9.704105986642974,8.432433160126442,11.015464810892002,9.153538550746372,10.237918587291071,8.806692057747902,7.382010633966874,11.584,10.136,7.24,11.673283042914706,8.806692057747902,10.537761621900545,9.704105986642974,12.435856263241385,10.214187437089647,14.299862411925508,12.416326711229857,14.435239104358471,13.612949129413508,17.389192534445066,27.417263630785623,23.10142506426822,20.174,18.788879503578706,16.435465828506352,15.050529425903928,14.482568971007872,15.040955288810615,13.677181617570193,13.288407617167678,13.04958485929725,12.969,11.528,11.518,10.087,10.406756459147106,9.11812107838013,8.413225362487326,7.349063137570666,7.205,7.195,8.171349949671718,7.217619552179236,5.943096835825578,5.933398688778633,7.2274195256675124,6.128512462253789,5.203378229573553,4.559060539190065,5.195073146742017,6.469403991095316,3.2253105276856675,4.576769275373186,4.576769275373186,6.469403991095316,7.2274195256675124,7.217619552179236,8.413225362487326,12.90124211074267,13.04958485929725,35.333704249625455,33.26928410711598,31.998236513908076,32.22676012260618,30.81031296497976,29.145544016195682,26.576815234335356,23.772387343302313,20.636390478957313,18.95552966814697,19.607971669706178,17.829290507476735,15.917000502607268,16.435465828506352,16.87606189251509,13.288407617167678,11.618583734689869,11.63163071112559,10.406756459147106,7.349063137570666,7.765232836174328,8.413225362487326,7.755955195847898,5.764,5.943096835825578,6.450621055371335,7.217619552179236,8.171349949671718,4.323,6.128512462253789,4.313,2.882,3.2253105276856675,5.213085458727874,1.441,3.234701995547658,0.0,4.344,1.441,3.234701995547658
43.07398975019612,59.02703212088509,56.56004576554018,54.13557670331036,39.85337176450695,34.72823728610481,45.388063981624065,31.82668270492544,36.95578472986333,42.187100125512295,30.50551256740329,38.96265006387528,36.28780120095457,33.64958490085725,28.52359647730279,53.71706753909785,53.707363415084906,52.31307065160676,48.11673157021371,43.949095838253605,31.731318299118932,29.82959818703564,38.62803670910547,44.03346028873952,33.79911407122974,27.849568632206854,33.4284660132648,28.99582868276056,33.304,33.4284660132648,27.662539073628075,33.00845425038864,35.24274677149896,32.51985928628843,37.62113241251517,42.187100125512295,45.98101078706296,33.284161894210285,51.86811093533289,42.71255295577636,32.92861345395521,30.033787390204388,28.022853530645303,30.642562311268946,27.5922679749237,26.556887336433086,27.762774789274935,23.51976991809231,24.87171252648277,22.573734205930574,24.06551360349494,20.540110637481973,27.181652635555476,23.3205653447767,22.073462800385446,26.602537942835454,26.598747808872506,24.728718931638976,18.123313714660462,25.64877153003629,21.51432102112451,25.281834427113868,19.686713082685998,18.307077101492744,24.784135651662336,23.346566085829412,20.475837174582143,23.21277029998789,17.435649027208594,23.168,20.272,18.824,23.346566085829412,17.613384115495805,22.14603190190062,20.72781495961405,19.314018354552736,25.281834427113868,20.852341834911496,25.560834102196274,37.492978756028435,33.54695993678116,26.016891147867764,24.52340272066664,24.017145958668777,22.025311462042936,21.29938461552352,22.554016582418306,20.043746156844033,19.428873461938032,18.508516526183293,17.64703853341971,16.479702454838193,14.299862411925508,16.173509977738288,13.64188700290396,16.93885710430311,15.58506002555011,15.111542906004006,13.730307826119558,12.364359465819488,15.10868521745026,13.346870344766222,14.5515250403523,13.11142650515191,11.673283042914706,15.928,14.48,11.584,15.993050522023621,13.11142650515191,14.764021267933748,13.730307826119558,16.173509977738288,13.64188700290396,17.64703853341971,15.36022867668317,17.399074917937448,16.342699899343437,20.540110637481973,27.98494068244562,23.772387343302313,20.636390478957313,19.607971669706178,18.075827643568633,16.826450724974652,15.530465672348656,16.817887620031236,15.610134688720658,14.853032047363259,14.203599015742453,13.677181617570193,12.319298681337342,12.309941510827743,10.982618312588306,13.322605300766064,11.277008291209153,11.286867102965287,9.244419343582376,8.413225362487326,8.404663050949752,11.66028267238835,10.426170917455748,8.171349949671718,8.16429911259993,11.019384057196662,9.704105986642974,8.432433160126442,7.2274195256675124,8.427310899687988,10.537761621900545,6.469403991095316,8.806692057747902,8.806692057747902,10.537761621900545,11.019384057196662,10.426170917455748,11.286867102965287,15.350351136048975,14.203599015742453,34.705041017120266,33.174616094236875,31.702,31.735051725182363,30.29562385890081,28.82,25.978386170045283,23.10142506426822,20.174,18.788879503578706,18.788879503578706,17.292,16.11338006130309,15.851,15.917000502607268,13.04958485929725,11.886193671651156,10.190401022530958,8.766414318294567,7.765232836174328,7.349063137570666,7.205,7.339259431305042,7.217619552179236,6.450621055371335,5.943096835825578,5.764,5.943096835825578,6.128512462253789,4.323,6.121462652013815,5.213085458727874,4.085674974835859,2.882,4.576769275373186,2.0428374874179296,4.344,0.0,4.576769275373186,2.0428374874179296
41.62702583658842,56.143046764492574,53.77778727318557,51.466812024837914,37.901713101125125,32.92011281876172,42.51828445504358,29.633801797946887,34.115984816505005,38.816423946571895,27.762774789274935,35.581721951024235,33.014175758301164,30.50551256740329,25.733406012418957,49.90950566775832,49.89993162319965,48.52497291086312,44.395677312098755,40.31153685981223,28.52359647730279,26.550916839160188,34.798045706619796,40.040611034298664,29.842815299498806,23.874252239599045,29.280879921887593,24.784135651662336,28.99582868276056,28.99582868276056,23.21277029998789,28.439799032341984,30.6664176094959,27.947802507531787,33.05815217158999,37.62113241251517,41.42927911513788,28.90967810267005,47.30707017983676,38.211015492917745,32.40242548020132,29.027794749171008,27.0978239901288,28.870478208716943,26.016891147867764,24.832653422459714,25.550942546215392,21.65285865653771,22.471212361597228,20.5204099617917,21.47904290232691,18.48883868716475,24.06551360349494,20.540110637481973,19.43875924538395,23.3205653447767,23.315623688848643,21.35627647788818,15.36022867668317,22.038768114393324,18.123313714660462,21.51432102112451,16.173509977738288,14.891106372597035,20.72781495961405,19.314018354552736,16.50422712519432,19.04334266876485,13.346870344766222,18.8790745800741,15.993050522023621,14.5515250403523,18.8790745800741,13.11142650515191,17.613384115495805,16.18663362160273,14.764021267933748,20.72781495961405,16.479702454838193,21.469154641019287,37.42377748170272,33.28295810170725,25.18566322334991,24.166024414454274,23.29569850852298,21.43380218253402,20.988986159412274,21.29938461552352,19.607971669706178,18.075827643568633,16.46005640938086,15.350351136048975,14.435239104358471,12.90124211074267,13.322605300766064,11.277008291209153,13.64188700290396,12.435856263241385,11.66028267238835,10.426170917455748,9.254258263091646,11.655342637606154,9.704105986642974,10.537761621900545,9.153538550746372,7.792530012775055,11.673283042914706,10.237918587291071,7.382010633966874,11.584,8.688,10.237918587291071,9.153538550746372,11.66028267238835,9.254258263091646,13.322605300766064,11.277008291209153,13.312734993231107,12.416326711229857,16.342699899343437,28.856352922710105,24.539757802390795,21.615,20.22589874393719,17.829290507476735,16.435465828506352,15.917000502607268,16.425821653725574,15.050529425903928,14.698126275141332,14.482568971007872,14.41,12.969,12.959,11.528,11.63163071112559,10.494493079706137,9.675931583057004,8.766414318294567,8.646,8.636,9.244419343582376,8.413225362487326,7.349063137570666,7.339259431305042,8.171349949671718,7.217619552179236,6.450621055371335,5.943096835825578,6.441687046108341,7.2274195256675124,4.559060539190065,5.213085458727874,4.344,5.968563059899761,6.469403991095316,6.128512462253789,7.217619552179236,11.63163071112559,11.618583734689869,36.74531568785333,34.705041017120266,33.4264683297533,33.645292583064276,32.22676012260618,30.571203067592876,27.98494068244562,25.17241094929129,22.047189412712,20.380802045061916,20.988986159412274,19.230070852703587,17.352520508560133,17.829290507476735,18.23624215676026,14.698126275141332,13.04958485929725,12.90124211074267,11.63163071112559,8.766414318294567,9.11812107838013,9.675931583057004,9.10863941541216,7.205,7.349063137570666,7.765232836174328,8.413225362487326,9.244419343582376,5.764,7.217619552179236,5.754,4.323,4.559060539190065,6.128512462253789,2.882,4.085674974835859,1.441,4.576769275373186,0.0,2.896
43.30571731307542,58.55601273993987,56.143046764492574,53.77778727318557,39.84347555121165,34.77838506889013,44.9163101000071,31.685398040737947,36.491598211095116,41.42927911513788,30.082565050208068,38.196278679997086,35.581721951024235,33.014175758301164,28.071523382246287,52.68880810950272,52.6791894394741,51.29754306007258,47.14425356286809,43.02864204224902,31.057338005695208,29.112317959928923,37.579084195866194,42.87285131642168,32.66063013782802,26.693740689532444,32.14798695097409,27.662539073628075,31.88857502303921,31.88857502303921,26.103803879894592,31.249935823934102,33.41485156333932,30.6664176094959,35.74005283991617,40.31153685981223,44.07753622878665,31.278512752367238,49.97949764653502,40.75984898156518,33.54695993678116,30.43815086367764,28.4565178649813,30.70070227209795,27.733258030747127,26.625469986462214,27.602160658180367,23.509879795524263,24.608884107167476,22.471212361597228,23.70635096340219,20.428374874179294,26.550916839160188,22.85908871761952,21.682258577002536,25.877615964381263,25.87316269805452,23.94798465424596,17.64703853341971,24.728718931638976,20.71463955756894,24.26248645543156,18.810566206257587,17.481796503792168,23.567871202126,22.14603190190062,19.314018354552736,21.910370238770497,16.18663362160273,21.767748643348487,18.8790745800741,17.435649027208594,21.767748643348487,15.993050522023621,20.475837174582143,19.04334266876485,17.613384115495805,23.567871202126,18.853348588513395,23.51976991809231,38.3097069813905,34.27608244826121,26.484186980158555,25.18566322334991,24.52340272066664,22.577173693799672,21.965236625176612,22.820129557038012,20.64961580756407,19.632708855377036,18.385537386761367,17.399074917937448,16.342699899343437,14.435239104358471,15.639256376183619,13.322605300766064,16.173509977738288,14.891106372597035,14.249797191539253,12.938807982190632,11.66028267238835,14.245755157238946,12.364359465819488,13.346870344766222,11.937126119799522,10.537761621900545,14.5515250403523,13.11142650515191,10.237918587291071,14.48,11.584,13.11142650515191,11.937126119799522,14.249797191539253,11.66028267238835,15.639256376183619,13.322605300766064,15.36022867668317,14.299862411925508,18.508516526183293,29.145544016195682,24.879174926030004,21.808141621880576,20.636390478957313,18.746489378014218,17.426181480749015,16.435465828506352,17.41708589288116,16.12655263842834,15.530465672348656,15.050529425903928,14.698126275141332,13.288407617167678,13.278648161616452,11.886193671651156,13.312734993231107,11.63163071112559,11.277008291209153,9.675931583057004,9.11812107838013,9.10863941541216,11.286867102965287,10.214187437089647,8.413225362487326,8.404663050949752,10.426170917455748,9.254258263091646,8.171349949671718,7.217619552179236,8.16429911259993,9.704105986642974,6.128512462253789,7.792530012775055,7.24,8.806692057747902,9.153538550746372,8.432433160126442,9.254258263091646,13.312734993231107,12.319298681337342,36.28596093532594,34.584,33.174616094236875,33.26928410711598,31.834001005214535,30.29562385890081,27.53173545201973,24.667586525641294,21.663446840242205,20.174,20.380802045061916,18.788879503578706,17.352520508560133,17.352520508560133,17.532828636589134,14.41,13.04958485929725,11.886193671651156,10.494493079706137,8.766414318294567,8.646,8.766414318294567,8.636,7.765232836174328,7.349063137570666,7.205,7.349063137570666,7.765232836174328,6.450621055371335,5.943096835825578,6.441687046108341,5.203378229573553,4.559060539190065,4.559060539190065,4.085674974835859,2.882,3.234701995547658,2.0428374874179296,2.896,0.0
